,사고번호,사고일시,요일,시군구,사고내용,사망자수,중상자수,경상자수,부상신고자수,사고유형,법규위반,노면상태,기상상태,도로형태,가해운전자 차종,가해운전자 성별,가해운전자 연령,가해운전자 상해정도,피해운전자 차종,피해운전자 성별,피해운전자 연령,피해운전자 상해정도
228,2018011000100001,2018년 1월 10일 00시,수요일,서울특별시 성북구 동선동1가,중상사고,0,1,0,0,차대사람 - 횡단중,안전운전불이행,포장 - 젖음/습기,흐림,단일로 - 기타,승용,남,58세,상해없음,보행자,여,21세,중상
229,2018011000100021,2018년 1월 10일 01시,수요일,서울특별시 중구 을지로6가,경상사고,0,0,1,0,차대사람 - 횡단중,보행자보호의무위반,포장 - 젖음/습기,비,교차로 - 교차로부근,승용,남,47세,상해없음,보행자,여,31세,경상
230,2018011000100042,2018년 1월 10일 03시,수요일,서울특별시 관악구 신림동,경상사고,0,0,1,0,차대사람 - 기타,안전운전불이행,포장 - 건조,맑음,단일로 - 기타,승용,남,25세,상해없음,보행자,남,34세,경상
231,2018011000100058,2018년 1월 10일 06시,수요일,서울특별시 은평구 신사동,경상사고,0,0,1,0,차대사람 - 횡단중,신호위반,포장 - 젖음/습기,흐림,교차로 - 교차로횡단보도내,승용,남,33세,상해없음,보행자,여,57세,경상
232,2018011000100073,2018년 1월 10일 07시,수요일,서울특별시 서초구 방배동,경상사고,0,0,1,0,차대사람 - 횡단중,보행자보호의무위반,포장 - 기타,맑음,단일로 - 기타,승용,남,28세,상해없음,보행자,남,19세,경상
233,2018011000100188,2018년 1월 10일 10시,수요일,서울특별시 동대문구 장안동,중상사고,0,1,0,0,차대사람 - 횡단중,안전운전불이행,포장 - 건조,맑음,교차로 - 교차로횡단보도내,승용,남,61세,상해없음,보행자,남,69세,중상
234,2018011000100275,2018년 1월 10일 13시,수요일,서울특별시 광진구 화양동,경상사고,0,0,1,0,차대사람 - 횡단중,신호위반,포장 - 건조,맑음,교차로 - 교차로부근,원동기,남,75세,상해없음,보행자,남,78세,경상
235,2018011000100281,2018년 1월 10일 13시,수요일,서울특별시 양천구 신정동,경상사고,0,0,1,0,차대사람 - 기타,안전운전불이행,포장 - 건조,맑음,단일로 - 기타,승합,남,54세,상해없음,보행자,남,8세,경상
236,2018011000100309,2018년 1월 10일 14시,수요일,서울특별시 중구 신당동,중상사고,0,1,0,0,차대사람 - 길가장자리구역통행중,안전운전불이행,포장 - 건조,맑음,단일로 - 기타,승용,남,50세,상해없음,보행자,여,30세,중상
237,2018011000100311,2018년 1월 10일 14시,수요일,서울특별시 강북구 미아동,중상사고,0,1,0,0,차대사람 - 보도통행중,보행자보호의무위반,포장 - 건조,맑음,교차로 - 교차로안,승용,남,66세,상해없음,보행자,여,63세,중상
238,2018011000100350,2018년 1월 10일 15시,수요일,서울특별시 중랑구 상봉동,중상사고,0,1,0,0,차대사람 - 기타,안전운전불이행,포장 - 건조,맑음,단일로 - 기타,승용,여,35세,상해없음,보행자,여,49세,중상
239,2018011000100355,2018년 1월 10일 15시,수요일,서울특별시 도봉구 쌍문동,경상사고,0,0,1,0,차대사람 - 횡단중,신호위반,포장 - 건조,맑음,교차로 - 교차로안,승합,남,60세,상해없음,보행자,남,58세,경상
240,2018011000100389,2018년 1월 10일 16시,수요일,서울특별시 동작구 신대방동,경상사고,0,0,1,0,차대사람 - 기타,안전운전불이행,포장 - 건조,맑음,단일로 - 기타,승용,남,43세,상해없음,보행자,여,54세,경상
241,2018011000100392,2018년 1월 10일 16시,수요일,서울특별시 성북구 장위동,경상사고,0,0,1,0,차대사람 - 횡단중,안전운전불이행,포장 - 건조,맑음,교차로 - 교차로부근,승용,남,42세,기타불명,보행자,여,67세,경상
242,2018011000100433,2018년 1월 10일 17시,수요일,서울특별시 구로구 궁동,중상사고,0,1,0,0,차대사람 - 기타,안전운전불이행,포장 - 건조,맑음,기타 - 기타,승용,남,46세,상해없음,보행자,남,11세,중상
243,2018011000100435,2018년 1월 10일 17시,수요일,서울특별시 양천구 목동,중상사고,0,1,0,0,차대사람 - 횡단중,안전운전불이행,포장 - 건조,맑음,교차로 - 교차로부근,승용,여,47세,상해없음,보행자,여,55세,중상
244,2018011000100438,2018년 1월 10일 17시,수요일,서울특별시 도봉구 쌍문동,경상사고,0,0,1,0,차대사람 - 기타,안전운전불이행,포장 - 젖음/습기,맑음,단일로 - 기타,승용,남,75세,상해없음,보행자,여,28세,경상
245,2018011000100439,2018년 1월 10일 17시,수요일,서울특별시 강남구 수서동,중상사고,0,1,0,0,차대사람 - 횡단중,신호위반,포장 - 건조,흐림,교차로 - 교차로안,승용,남,60세,상해없음,보행자,남,10세,중상
246,2018011000100475,2018년 1월 10일 18시,수요일,서울특별시 중구 쌍림동,사망사고,1,0,0,1,차대사람 - 보도통행중,기타,포장 - 건조,맑음,단일로 - 기타,승용,여,33세,상해없음,보행자,남,67세,사망
247,2018011000100478,2018년 1월 10일 18시,수요일,서울특별시 강남구 역삼동,경상사고,0,0,1,0,차대사람 - 길가장자리구역통행중,안전운전불이행,포장 - 건조,맑음,교차로 - 교차로부근,승용,남,35세,상해없음,보행자,남,15세,경상
248,2018011000100575,2018년 1월 10일 20시,수요일,서울특별시 중구 남대문로5가,부상신고사고,0,0,0,1,차대사람 - 횡단중,보행자보호의무위반,포장 - 건조,맑음,단일로 - 기타,승용,남,57세,상해없음,보행자,남,49세,부상신고
249,2018011000100576,2018년 1월 10일 20시,수요일,서울특별시 중구 태평로2가,경상사고,0,0,1,0,차대사람 - 차도통행중,안전운전불이행,포장 - 건조,맑음,단일로 - 기타,승용,남,58세,상해없음,보행자,여,53세,경상
250,2018011000100583,2018년 1월 10일 20시,수요일,서울특별시 구로구 오류동,사망사고,1,0,0,0,차대사람 - 횡단중,안전운전불이행,포장 - 건조,맑음,교차로 - 교차로안,승합,남,49세,상해없음,보행자,여,79세,사망
251,2018011000100626,2018년 1월 10일 21시,수요일,서울특별시 마포구 상암동,중상사고,0,1,0,0,차대사람 - 횡단중,안전운전불이행,포장 - 건조,맑음,단일로 - 기타,승용,여,46세,상해없음,보행자,여,44세,중상
252,2018011000100668,2018년 1월 10일 22시,수요일,서울특별시 용산구 동자동,중상사고,0,1,0,0,차대사람 - 기타,안전운전불이행,포장 - 건조,흐림,단일로 - 기타,승용,남,48세,상해없음,보행자,남,35세,중상
253,2018011000100670,2018년 1월 10일 22시,수요일,서울특별시 금천구 시흥동,경상사고,0,0,2,0,차대사람 - 차도통행중,안전운전불이행,포장 - 건조,기타,단일로 - 기타,승용,남,46세,상해없음,보행자,남,29세,경상
254,2018011000100718,2018년 1월 10일 23시,수요일,서울특별시 구로구 가리봉동,경상사고,0,0,1,0,차대사람 - 횡단중,보행자보호의무위반,포장 - 건조,맑음,단일로 - 기타,승용,여,45세,상해없음,보행자,남,65세,경상
255,2018011000100721,2018년 1월 10일 23시,수요일,서울특별시 도봉구 쌍문동,중상사고,0,1,0,0,차대사람 - 횡단중,안전운전불이행,포장 - 건조,맑음,단일로 - 기타,승용,남,67세,상해없음,보행자,여,69세,중상
256,2018011100100048,2018년 1월 11일 02시,목요일,서울특별시 금천구 시흥동,경상사고,0,0,1,0,차대사람 - 차도통행중,중앙선침범,포장 - 건조,기타,단일로 - 기타,승용,남,63세,상해없음,보행자,남,46세,경상
257,2018011100100068,2018년 1월 11일 05시,목요일,서울특별시 노원구 상계동,경상사고,0,0,1,0,차대사람 - 횡단중,신호위반,포장 - 건조,맑음,교차로 - 교차로횡단보도내,승용,남,55세,상해없음,보행자,남,73세,경상
258,2018011100100121,2018년 1월 11일 08시,목요일,서울특별시 강남구 논현동,경상사고,0,0,1,0,차대사람 - 길가장자리구역통행중,안전운전불이행,포장 - 건조,맑음,단일로 - 기타,승용,여,25세,상해없음,보행자,남,29세,경상
259,2018011100100123,2018년 1월 11일 08시,목요일,서울특별시 서초구 양재동,중상사고,0,1,0,0,차대사람 - 횡단중,보행자보호의무위반,포장 - 건조,맑음,단일로 - 기타,원동기,남,50세,상해없음,보행자,남,37세,중상
260,2018011100100146,2018년 1월 11일 09시,목요일,서울특별시 종로구 혜화동,중상사고,0,1,0,0,차대사람 - 횡단중,보행자보호의무위반,포장 - 건조,맑음,단일로 - 기타,원동기,남,49세,상해없음,보행자,남,62세,중상
261,2018011100100188,2018년 1월 11일 10시,목요일,서울특별시 중구 신당동,중상사고,0,1,0,0,차대사람 - 기타,안전운전불이행,포장 - 건조,맑음,단일로 - 기타,기타불명,기타불명,미분류,기타불명,보행자,여,68세,중상
262,2018011100100189,2018년 1월 11일 10시,목요일,서울특별시 마포구 망원동,중상사고,0,1,0,0,차대사람 - 횡단중,보행자보호의무위반,포장 - 건조,맑음,교차로 - 교차로횡단보도내,승합,남,59세,상해없음,보행자,여,48세,중상
263,2018011100100218,2018년 1월 11일 11시,목요일,서울특별시 광진구 중곡동,경상사고,0,0,1,0,차대사람 - 횡단중,안전운전불이행,포장 - 건조,맑음,단일로 - 기타,승용,남,60세,상해없음,보행자,남,9세,경상
264,2018011100100248,2018년 1월 11일 12시,목요일,서울특별시 용산구 한남동,경상사고,0,0,1,0,차대사람 - 길가장자리구역통행중,안전운전불이행,포장 - 건조,맑음,단일로 - 지하차도(도로)내,승합,남,38세,상해없음,보행자,여,32세,경상
265,2018011100100283,2018년 1월 11일 13시,목요일,서울특별시 금천구 독산동,경상사고,0,0,1,0,차대사람 - 횡단중,보행자보호의무위반,포장 - 건조,맑음,교차로 - 교차로횡단보도내,승용,남,29세,상해없음,보행자,남,47세,경상
266,2018011100100284,2018년 1월 11일 13시,목요일,서울특별시 중랑구 묵동,중상사고,0,1,0,0,차대사람 - 기타,안전운전불이행,포장 - 건조,맑음,단일로 - 기타,화물,남,57세,상해없음,보행자,남,48세,중상
267,2018011100100288,2018년 1월 11일 13시,목요일,서울특별시 강남구 대치동,중상사고,0,1,0,0,차대사람 - 보도통행중,기타,포장 - 건조,맑음,기타 - 기타,승용,남,56세,상해없음,보행자,남,9세,중상
268,2018011100100340,2018년 1월 11일 15시,목요일,서울특별시 강서구 마곡동,중상사고,0,1,0,0,차대사람 - 횡단중,중앙선침범,포장 - 건조,맑음,단일로 - 기타,승용,여,35세,상해없음,보행자,여,77세,중상
269,2018011100100367,2018년 1월 11일 16시,목요일,서울특별시 종로구 당주동,경상사고,0,0,1,0,차대사람 - 차도통행중,안전운전불이행,포장 - 건조,맑음,단일로 - 기타,승용,남,67세,상해없음,보행자,여,29세,경상
270,2018011100100392,2018년 1월 11일 17시,목요일,서울특별시 마포구 성산동,경상사고,0,0,1,0,차대사람 - 횡단중,보행자보호의무위반,포장 - 건조,맑음,교차로 - 교차로부근,화물,남,55세,상해없음,보행자,남,57세,경상
271,2018011100100393,2018년 1월 11일 17시,목요일,서울특별시 성동구 성수동2가,중상사고,0,1,0,0,차대사람 - 횡단중,보행자보호의무위반,포장 - 기타,맑음,교차로 - 교차로안,승용,남,36세,상해없음,보행자,남,69세,중상
272,2018011100100394,2018년 1월 11일 17시,목요일,서울특별시 중랑구 중화동,경상사고,0,0,1,0,차대사람 - 기타,기타,포장 - 건조,맑음,단일로 - 기타,승합,남,63세,상해없음,보행자,여,60세,경상
273,2018011100100420,2018년 1월 11일 18시,목요일,서울특별시 중구 봉래동2가,중상사고,0,1,0,0,차대사람 - 횡단중,안전운전불이행,포장 - 건조,맑음,단일로 - 기타,승용,남,45세,상해없음,보행자,여,50세,중상
274,2018011100100424,2018년 1월 11일 18시,목요일,서울특별시 강동구 천호동,중상사고,0,1,0,0,차대사람 - 차도통행중,안전운전불이행,포장 - 건조,맑음,단일로 - 기타,승용,여,34세,상해없음,보행자,여,81세,중상
275,2018011100100429,2018년 1월 11일 18시,목요일,서울특별시 도봉구 방학동,중상사고,0,1,0,0,차대사람 - 횡단중,안전운전불이행,포장 - 건조,맑음,단일로 - 기타,이륜,남,53세,상해없음,보행자,남,56세,중상
276,2018011100100478,2018년 1월 11일 19시,목요일,서울특별시 종로구 평창동,중상사고,0,1,0,0,차대사람 - 횡단중,보행자보호의무위반,포장 - 건조,맑음,교차로 - 교차로횡단보도내,승용,남,66세,상해없음,보행자,남,6세,중상
277,2018011100100483,2018년 1월 11일 19시,목요일,서울특별시 서초구 서초동,경상사고,0,0,2,0,차대사람 - 횡단중,안전운전불이행,포장 - 건조,맑음,단일로 - 기타,승용,남,67세,상해없음,보행자,여,20세,경상
278,2018011100100531,2018년 1월 11일 20시,목요일,서울특별시 마포구 서교동,중상사고,0,1,0,0,차대사람 - 기타,안전운전불이행,포장 - 건조,맑음,단일로 - 기타,승용,남,21세,상해없음,보행자,여,18세,중상
279,2018011100100560,2018년 1월 11일 21시,목요일,서울특별시 양천구 신정동,중상사고,0,1,0,0,차대사람 - 기타,안전운전불이행,포장 - 건조,맑음,교차로 - 교차로안,승용,남,59세,상해없음,보행자,여,53세,중상
280,2018011100100561,2018년 1월 11일 21시,목요일,서울특별시 도봉구 창동,중상사고,0,1,0,0,차대사람 - 횡단중,보행자보호의무위반,포장 - 건조,흐림,교차로 - 교차로횡단보도내,승용,여,55세,상해없음,보행자,남,48세,중상
281,2018011100100617,2018년 1월 11일 23시,목요일,서울특별시 동대문구 장안동,중상사고,0,1,0,0,차대사람 - 횡단중,안전운전불이행,포장 - 건조,맑음,교차로 - 교차로횡단보도내,승용,남,34세,상해없음,보행자,남,30세,중상
282,2018011100100621,2018년 1월 11일 23시,목요일,서울특별시 동작구 상도동,경상사고,0,0,2,0,차대사람 - 횡단중,안전운전불이행,포장 - 건조,맑음,단일로 - 기타,승용,남,57세,상해없음,보행자,남,50세,경상
283,2018011100100622,2018년 1월 11일 23시,목요일,서울특별시 관악구 신림동,경상사고,0,0,1,0,차대사람 - 길가장자리구역통행중,안전운전불이행,포장 - 건조,맑음,단일로 - 터널,승용,남,52세,상해없음,보행자,남,26세,경상
284,2018011100100623,2018년 1월 11일 23시,목요일,서울특별시 강남구 역삼동,중상사고,0,1,0,0,차대사람 - 횡단중,안전운전불이행,포장 - 건조,맑음,단일로 - 기타,승용,남,61세,상해없음,보행자,여,73세,중상
285,2018011100100624,2018년 1월 11일 23시,목요일,서울특별시 구로구 구로동,중상사고,0,1,0,0,차대사람 - 기타,안전운전불이행,포장 - 건조,맑음,단일로 - 기타,승용,남,54세,상해없음,보행자,여,26세,중상
286,2018011200100028,2018년 1월 12일 01시,금요일,서울특별시 노원구 월계동,경상사고,0,0,1,0,차대사람 - 차도통행중,안전운전불이행,포장 - 건조,맑음,단일로 - 기타,승용,남,28세,상해없음,보행자,남,31세,경상
287,2018011200100029,2018년 1월 12일 01시,금요일,서울특별시 도봉구 창동,경상사고,0,0,1,0,차대사람 - 기타,안전운전불이행,포장 - 기타,맑음,단일로 - 기타,승용,남,38세,상해없음,보행자,남,63세,경상
288,2018011200100052,2018년 1월 12일 03시,금요일,서울특별시 강서구 개화동,사망사고,1,0,0,0,차대사람 - 차도통행중,안전운전불이행,포장 - 건조,맑음,교차로 - 교차로부근,승용,남,59세,상해없음,보행자,남,62세,사망
289,2018011200100061,2018년 1월 12일 04시,금요일,서울특별시 구로구 구로동,부상신고사고,0,0,0,1,차대사람 - 보도통행중,안전운전불이행,포장 - 건조,맑음,단일로 - 기타,승용,남,54세,상해없음,보행자,남,28세,부상신고
290,2018011200100069,2018년 1월 12일 05시,금요일,서울특별시 동작구 신대방동,경상사고,0,0,1,0,차대사람 - 기타,안전운전불이행,포장 - 건조,맑음,단일로 - 기타,승용,남,50세,상해없음,보행자,여,32세,경상
291,2018011200100080,2018년 1월 12일 06시,금요일,서울특별시 영등포구 신길동,경상사고,0,0,1,0,차대사람 - 차도통행중,안전운전불이행,포장 - 건조,맑음,교차로 - 교차로안,승용,남,63세,상해없음,보행자,남,52세,경상
292,2018011200100083,2018년 1월 12일 06시,금요일,서울특별시 구로구 신도림동,중상사고,0,1,0,0,차대사람 - 횡단중,신호위반,포장 - 건조,맑음,단일로 - 기타,승용,남,69세,상해없음,보행자,남,88세,중상
293,2018011200100106,2018년 1월 12일 07시,금요일,서울특별시 성동구 성수동1가,중상사고,0,1,0,0,차대사람 - 횡단중,보행자보호의무위반,포장 - 건조,맑음,단일로 - 기타,화물,남,60세,상해없음,보행자,여,59세,중상
294,2018011200100133,2018년 1월 12일 08시,금요일,서울특별시 강서구 마곡동,중상사고,0,1,0,0,차대사람 - 횡단중,보행자보호의무위반,포장 - 건조,맑음,교차로 - 교차로부근,승용,여,30세,상해없음,보행자,여,27세,중상
295,2018011200100177,2018년 1월 12일 09시,금요일,서울특별시 종로구 수송동,중상사고,0,1,0,0,차대사람 - 길가장자리구역통행중,안전운전불이행,포장 - 건조,맑음,단일로 - 기타,화물,남,58세,기타불명,보행자,여,45세,중상
296,2018011200100181,2018년 1월 12일 09시,금요일,서울특별시 성동구 행당동,중상사고,0,1,0,0,차대사람 - 횡단중,안전운전불이행,포장 - 건조,맑음,단일로 - 기타,승용,남,51세,상해없음,보행자,여,80세,중상
297,2018011200100182,2018년 1월 12일 09시,금요일,서울특별시 동작구 신대방동,경상사고,0,0,1,0,차대사람 - 횡단중,안전운전불이행,포장 - 건조,맑음,단일로 - 기타,승용,남,64세,상해없음,보행자,여,23세,경상
298,2018011200100183,2018년 1월 12일 09시,금요일,서울특별시 송파구 석촌동,경상사고,0,0,1,0,차대사람 - 횡단중,안전운전불이행,포장 - 건조,맑음,교차로 - 교차로부근,기타불명,기타불명,미분류,기타불명,보행자,여,35세,경상
299,2018011200100185,2018년 1월 12일 09시,금요일,서울특별시 서초구 방배동,경상사고,0,0,1,0,차대사람 - 횡단중,안전운전불이행,포장 - 건조,맑음,교차로 - 교차로횡단보도내,승합,남,65세,상해없음,보행자,남,25세,경상
300,2018011200100215,2018년 1월 12일 10시,금요일,서울특별시 용산구 이태원동,중상사고,0,1,0,0,차대사람 - 기타,안전운전불이행,포장 - 건조,맑음,교차로 - 교차로안,승용,남,67세,상해없음,보행자,여,56세,중상
301,2018011200100218,2018년 1월 12일 10시,금요일,서울특별시 구로구 구로동,중상사고,0,5,1,0,차대사람 - 횡단중,보행자보호의무위반,포장 - 건조,맑음,교차로 - 교차로횡단보도내,승용,남,66세,경상,보행자,남,31세,중상
302,2018011200100248,2018년 1월 12일 11시,금요일,서울특별시 영등포구 대림동,경상사고,0,0,1,0,차대사람 - 횡단중,보행자보호의무위반,포장 - 건조,맑음,교차로 - 교차로부근,화물,남,56세,상해없음,보행자,남,88세,경상
303,2018011200100249,2018년 1월 12일 11시,금요일,서울특별시 금천구 독산동,경상사고,0,0,1,0,차대사람 - 기타,안전운전불이행,포장 - 건조,맑음,교차로 - 교차로안,승용,여,74세,상해없음,보행자,남,52세,경상
304,2018011200100284,2018년 1월 12일 12시,금요일,서울특별시 용산구 원효로2가,중상사고,0,1,0,0,차대사람 - 횡단중,보행자보호의무위반,포장 - 건조,맑음,단일로 - 기타,승용,남,42세,상해없음,보행자,여,34세,중상
305,2018011200100285,2018년 1월 12일 12시,금요일,서울특별시 강북구 번동,중상사고,0,1,0,0,차대사람 - 횡단중,안전운전불이행,포장 - 건조,맑음,단일로 - 기타,승용,남,65세,상해없음,보행자,여,60세,중상
306,2018011200100288,2018년 1월 12일 12시,금요일,서울특별시 동작구 노량진동,부상신고사고,0,0,0,1,차대사람 - 횡단중,보행자보호의무위반,포장 - 건조,맑음,교차로 - 교차로횡단보도내,화물,남,42세,기타불명,보행자,여,21세,부상신고
307,2018011200100291,2018년 1월 12일 12시,금요일,서울특별시 노원구 상계동,중상사고,0,1,0,0,차대사람 - 횡단중,신호위반,포장 - 건조,맑음,단일로 - 기타,승용,남,72세,상해없음,보행자,여,65세,중상
308,2018011200100316,2018년 1월 12일 13시,금요일,서울특별시 중구 명동1가,경상사고,0,0,1,0,차대사람 - 차도통행중,안전운전불이행,포장 - 건조,맑음,단일로 - 기타,승용,남,52세,상해없음,보행자,여,30세,경상
309,2018011200100319,2018년 1월 12일 13시,금요일,서울특별시 마포구 공덕동,중상사고,0,1,0,0,차대사람 - 기타,안전운전불이행,포장 - 건조,맑음,단일로 - 기타,화물,남,57세,기타불명,보행자,남,70세,중상
310,2018011200100322,2018년 1월 12일 13시,금요일,서울특별시 관악구 봉천동,경상사고,0,0,2,0,차대사람 - 횡단중,신호위반,포장 - 건조,맑음,교차로 - 교차로횡단보도내,이륜,남,22세,상해없음,보행자,여,25세,경상
311,2018011200100323,2018년 1월 12일 13시,금요일,서울특별시 서초구 서초동,중상사고,0,1,0,0,차대사람 - 횡단중,신호위반,포장 - 젖음/습기,맑음,단일로 - 기타,이륜,남,67세,상해없음,보행자,여,27세,중상
312,2018011200100377,2018년 1월 12일 15시,금요일,서울특별시 양천구 신월동,경상사고,0,0,1,0,차대사람 - 기타,안전운전불이행,포장 - 건조,맑음,단일로 - 기타,화물,남,58세,상해없음,보행자,여,64세,경상
313,2018011200100418,2018년 1월 12일 16시,금요일,서울특별시 종로구 명륜1가,경상사고,0,0,1,0,차대사람 - 횡단중,안전운전불이행,포장 - 건조,맑음,단일로 - 기타,승용,남,52세,상해없음,보행자,여,38세,경상
314,2018011200100461,2018년 1월 12일 17시,금요일,서울특별시 관악구 봉천동,경상사고,0,0,1,0,차대사람 - 횡단중,안전운전불이행,포장 - 건조,맑음,단일로 - 기타,화물,남,42세,상해없음,보행자,남,33세,경상
315,2018011200100463,2018년 1월 12일 17시,금요일,서울특별시 송파구 문정동,경상사고,0,0,1,0,차대사람 - 횡단중,안전운전불이행,포장 - 건조,기타,교차로 - 교차로안,승용,남,55세,상해없음,보행자,여,75세,경상
316,2018011200100464,2018년 1월 12일 17시,금요일,서울특별시 양천구 목동,경상사고,0,0,1,0,차대사람 - 차도통행중,보행자보호의무위반,포장 - 건조,맑음,단일로 - 기타,승용,여,54세,상해없음,보행자,여,42세,경상
317,2018011200100466,2018년 1월 12일 17시,금요일,서울특별시 강남구 대치동,부상신고사고,0,0,0,1,차대사람 - 기타,안전운전불이행,포장 - 건조,맑음,단일로 - 기타,승합,남,51세,상해없음,보행자,여,55세,부상신고
318,2018011200100496,2018년 1월 12일 18시,금요일,서울특별시 강남구 논현동,부상신고사고,0,0,0,1,차대사람 - 횡단중,안전운전불이행,포장 - 건조,맑음,단일로 - 기타,승용,남,52세,상해없음,보행자,남,64세,부상신고
319,2018011200100561,2018년 1월 12일 19시,금요일,서울특별시 마포구 도화동,중상사고,0,1,0,0,차대사람 - 횡단중,신호위반,포장 - 건조,맑음,교차로 - 교차로안,승용,남,61세,상해없음,보행자,남,38세,중상
320,2018011200100563,2018년 1월 12일 19시,금요일,서울특별시 동작구 상도동,경상사고,0,0,1,0,차대사람 - 길가장자리구역통행중,안전운전불이행,포장 - 건조,맑음,단일로 - 기타,승용,남,37세,상해없음,보행자,남,60세,경상
321,2018011200100601,2018년 1월 12일 20시,금요일,서울특별시 종로구 숭인동,경상사고,0,0,1,0,차대사람 - 횡단중,보행자보호의무위반,포장 - 건조,맑음,교차로 - 교차로횡단보도내,승용,남,58세,상해없음,보행자,남,58세,경상
322,2018011200100604,2018년 1월 12일 20시,금요일,서울특별시 성북구 정릉동,경상사고,0,0,1,0,차대사람 - 횡단중,신호위반,포장 - 건조,맑음,단일로 - 기타,승용,남,77세,상해없음,보행자,여,43세,경상
323,2018011200100608,2018년 1월 12일 20시,금요일,서울특별시 양천구 신월동,부상신고사고,0,0,0,1,차대사람 - 기타,안전운전불이행,포장 - 건조,맑음,기타 - 기타,기타불명,기타불명,미분류,기타불명,보행자,남,68세,부상신고
324,2018011200100639,2018년 1월 12일 21시,금요일,서울특별시 종로구 관철동,부상신고사고,0,0,0,1,차대사람 - 차도통행중,보행자보호의무위반,포장 - 건조,맑음,단일로 - 기타,승용,남,28세,상해없음,보행자,남,70세,부상신고
325,2018011200100640,2018년 1월 12일 21시,금요일,서울특별시 영등포구 대림동,경상사고,0,0,1,0,차대사람 - 기타,안전운전불이행,포장 - 건조,맑음,단일로 - 기타,승용,남,34세,상해없음,보행자,여,28세,경상
326,2018011200100643,2018년 1월 12일 21시,금요일,서울특별시 노원구 중계동,중상사고,0,1,0,0,차대사람 - 횡단중,안전운전불이행,포장 - 건조,맑음,단일로 - 기타,승합,남,30세,상해없음,보행자,여,73세,중상
327,2018011200100670,2018년 1월 12일 22시,금요일,서울특별시 중구 신당동,중상사고,0,1,0,0,차대사람 - 차도통행중,안전운전불이행,포장 - 건조,맑음,단일로 - 기타,승용,남,59세,상해없음,보행자,남,38세,중상
328,2018011200100697,2018년 1월 12일 23시,금요일,서울특별시 서대문구 대현동,경상사고,0,0,1,0,차대사람 - 기타,안전운전불이행,포장 - 건조,맑음,단일로 - 기타,원동기,남,25세,상해없음,보행자,남,55세,경상
329,2018011200100702,2018년 1월 12일 23시,금요일,서울특별시 서초구 잠원동,경상사고,0,0,1,0,차대사람 - 기타,보행자보호의무위반,포장 - 건조,맑음,교차로 - 교차로횡단보도내,승용,남,72세,상해없음,보행자,남,61세,경상
330,2018011300100004,2018년 1월 13일 00시,토요일,서울특별시 영등포구 영등포동3가,경상사고,0,0,1,0,차대사람 - 횡단중,신호위반,포장 - 건조,흐림,단일로 - 기타,승용,남,56세,상해없음,보행자,남,31세,경상
331,2018011300100008,2018년 1월 13일 00시,토요일,서울특별시 강남구 논현동,부상신고사고,0,0,0,1,차대사람 - 기타,안전운전불이행,포장 - 건조,맑음,단일로 - 기타,승용,남,54세,상해없음,보행자,여,21세,부상신고
332,2018011300100034,2018년 1월 13일 01시,토요일,서울특별시 영등포구 여의도동,사망사고,1,0,2,0,차대사람 - 기타,과속,포장 - 건조,맑음,교차로 - 교차로안,승용,남,44세,상해없음,보행자,남,58세,사망
333,2018011300100037,2018년 1월 13일 01시,토요일,서울특별시 강남구 청담동,경상사고,0,0,1,0,차대사람 - 보도통행중,기타,포장 - 건조,맑음,단일로 - 기타,화물,남,36세,상해없음,보행자,남,36세,경상
334,2018011300100040,2018년 1월 13일 01시,토요일,서울특별시 송파구 잠실동,경상사고,0,0,1,0,차대사람 - 차도통행중,안전운전불이행,포장 - 건조,맑음,단일로 - 기타,승용,남,63세,상해없음,보행자,남,43세,경상
335,2018011300100100,2018년 1월 13일 04시,토요일,서울특별시 용산구 이태원동,경상사고,0,0,1,0,차대사람 - 길가장자리구역통행중,보행자보호의무위반,포장 - 건조,맑음,단일로 - 기타,승용,남,76세,상해없음,보행자,남,29세,경상
336,2018011300100102,2018년 1월 13일 04시,토요일,서울특별시 광진구 화양동,중상사고,0,2,0,0,차대사람 - 기타,안전운전불이행,포장 - 건조,맑음,단일로 - 기타,승용,남,38세,상해없음,보행자,남,40세,중상
337,2018011300100110,2018년 1월 13일 05시,토요일,서울특별시 금천구 가산동,경상사고,0,0,1,0,차대사람 - 기타,신호위반,포장 - 젖음/습기,비,교차로 - 교차로횡단보도내,승용,남,67세,상해없음,보행자,남,57세,경상
338,2018011300100122,2018년 1월 13일 06시,토요일,서울특별시 동대문구 제기동,중상사고,0,1,0,0,차대사람 - 횡단중,보행자보호의무위반,포장 - 젖음/습기,눈,교차로 - 교차로안,화물,남,76세,상해없음,보행자,여,63세,중상
339,2018011300100131,2018년 1월 13일 07시,토요일,서울특별시 마포구 망원동,중상사고,0,1,0,0,차대사람 - 기타,안전운전불이행,포장 - 건조,맑음,단일로 - 기타,승용,남,58세,상해없음,보행자,여,72세,중상
340,2018011300100133,2018년 1월 13일 07시,토요일,서울특별시 영등포구 대림동,경상사고,0,0,1,0,차대사람 - 기타,안전운전불이행,포장 - 적설,눈,단일로 - 기타,화물,남,32세,상해없음,보행자,남,33세,경상