,사고번호,사고일시,요일,시군구,사고내용,사망자수,중상자수,경상자수,부상신고자수,사고유형,법규위반,노면상태,기상상태,도로형태,가해운전자 차종,가해운전자 성별,가해운전자 연령,가해운전자 상해정도,피해운전자 차종,피해운전자 성별,피해운전자 연령,피해운전자 상해정도
341,2018011300100151,2018년 1월 13일 09시,토요일,서울특별시 영등포구 당산동1가,경상사고,0,0,1,0,차대사람 - 횡단중,안전운전불이행,포장 - 건조,맑음,교차로 - 교차로부근,승합,남,49세,상해없음,보행자,여,30세,경상
342,2018011300100175,2018년 1월 13일 10시,토요일,서울특별시 동작구 대방동,부상신고사고,0,0,0,1,차대사람 - 길가장자리구역통행중,안전운전불이행,포장 - 젖음/습기,흐림,교차로 - 교차로부근,승용,남,71세,상해없음,보행자,남,20세,부상신고
343,2018011300100219,2018년 1월 13일 12시,토요일,서울특별시 노원구 중계동,중상사고,0,1,0,0,차대사람 - 차도통행중,안전운전불이행,포장 - 건조,맑음,교차로 - 교차로안,승용,남,79세,상해없음,보행자,남,90세 이상,중상
344,2018011300100250,2018년 1월 13일 13시,토요일,서울특별시 동대문구 신설동,경상사고,0,0,1,0,차대사람 - 차도통행중,안전운전불이행,포장 - 건조,맑음,교차로 - 교차로안,승용,남,27세,상해없음,보행자,남,75세,경상
345,2018011300100253,2018년 1월 13일 13시,토요일,서울특별시 송파구 방이동,경상사고,0,0,1,0,차대사람 - 길가장자리구역통행중,안전운전불이행,포장 - 건조,맑음,단일로 - 기타,승용,남,59세,상해없음,보행자,여,49세,경상
346,2018011300100304,2018년 1월 13일 15시,토요일,서울특별시 중랑구 면목동,경상사고,0,0,1,0,차대사람 - 기타,안전운전불이행,포장 - 건조,흐림,단일로 - 기타,승용,남,58세,상해없음,보행자,여,66세,경상
347,2018011300100340,2018년 1월 13일 17시,토요일,서울특별시 광진구 중곡동,중상사고,0,1,0,0,차대사람 - 횡단중,안전운전불이행,포장 - 건조,맑음,교차로 - 교차로안,자전거,여,69세,상해없음,보행자,여,63세,중상
348,2018011300100346,2018년 1월 13일 17시,토요일,서울특별시 도봉구 방학동,중상사고,0,1,0,0,차대사람 - 횡단중,보행자보호의무위반,포장 - 건조,맑음,교차로 - 교차로횡단보도내,승합,남,54세,상해없음,보행자,여,59세,중상
349,2018011300100414,2018년 1월 13일 19시,토요일,서울특별시 용산구 이태원동,경상사고,0,0,1,0,차대사람 - 차도통행중,중앙선침범,포장 - 건조,맑음,단일로 - 기타,이륜,남,47세,상해없음,보행자,남,29세,경상
350,2018011300100419,2018년 1월 13일 19시,토요일,서울특별시 중랑구 면목동,중상사고,0,1,0,0,차대사람 - 기타,안전운전불이행,포장 - 건조,맑음,단일로 - 기타,승용,남,56세,상해없음,보행자,남,64세,중상
351,2018011300100424,2018년 1월 13일 19시,토요일,서울특별시 양천구 목동,중상사고,0,1,0,0,차대사람 - 기타,보행자보호의무위반,포장 - 젖음/습기,흐림,교차로 - 교차로안,이륜,남,23세,상해없음,보행자,여,65세,중상
352,2018011300100460,2018년 1월 13일 20시,토요일,서울특별시 중랑구 신내동,경상사고,0,0,1,0,차대사람 - 기타,신호위반,포장 - 건조,흐림,단일로 - 기타,이륜,남,67세,상해없음,보행자,남,28세,경상
353,2018011300100499,2018년 1월 13일 21시,토요일,서울특별시 동대문구 장안동,중상사고,0,1,0,0,차대사람 - 기타,신호위반,포장 - 건조,맑음,단일로 - 기타,이륜,남,19세,상해없음,보행자,여,61세,중상
354,2018011300100500,2018년 1월 13일 21시,토요일,서울특별시 동대문구 장안동,중상사고,0,1,0,0,차대사람 - 횡단중,안전운전불이행,포장 - 건조,맑음,교차로 - 교차로안,이륜,남,16세,상해없음,보행자,남,63세,중상
355,2018011300100501,2018년 1월 13일 21시,토요일,서울특별시 강남구 신사동,중상사고,0,2,0,0,차대사람 - 차도통행중,안전운전불이행,포장 - 건조,맑음,단일로 - 기타,승용,남,39세,상해없음,보행자,여,49세,중상
356,2018011300100503,2018년 1월 13일 21시,토요일,서울특별시 노원구 상계동,경상사고,0,0,1,0,차대사람 - 횡단중,안전운전불이행,포장 - 건조,맑음,교차로 - 교차로안,승용,여,69세,상해없음,보행자,남,55세,경상
357,2018011300100523,2018년 1월 13일 22시,토요일,서울특별시 동대문구 답십리동,중상사고,0,1,1,0,차대사람 - 기타,안전운전불이행,포장 - 젖음/습기,흐림,단일로 - 기타,화물,남,53세,상해없음,보행자,여,74세,경상
358,2018011300100526,2018년 1월 13일 22시,토요일,서울특별시 성동구 행당동,중상사고,0,1,0,0,차대사람 - 횡단중,안전운전불이행,포장 - 건조,흐림,단일로 - 기타,승용,여,61세,상해없음,보행자,여,34세,중상
359,2018011300100527,2018년 1월 13일 22시,토요일,서울특별시 노원구 상계동,경상사고,0,0,1,0,차대사람 - 횡단중,안전운전불이행,포장 - 건조,맑음,교차로 - 교차로부근,승용,남,64세,상해없음,보행자,남,13세,경상
360,2018011300100546,2018년 1월 13일 23시,토요일,서울특별시 중랑구 중화동,중상사고,0,2,0,0,차대사람 - 횡단중,안전운전불이행,포장 - 건조,흐림,교차로 - 교차로안,승용,남,62세,상해없음,보행자,남,51세,중상
361,2018011400100002,2018년 1월 14일 00시,일요일,서울특별시 마포구 동교동,경상사고,0,0,1,0,차대사람 - 횡단중,신호위반,포장 - 젖음/습기,맑음,단일로 - 기타,승합,남,61세,상해없음,보행자,남,40세,경상
362,2018011400100006,2018년 1월 14일 00시,일요일,서울특별시 은평구 역촌동,경상사고,0,0,1,0,차대사람 - 횡단중,신호위반,포장 - 젖음/습기,흐림,교차로 - 교차로부근,승용,남,68세,상해없음,보행자,남,49세,경상
363,2018011400100025,2018년 1월 14일 01시,일요일,서울특별시 영등포구 여의도동,경상사고,0,0,1,0,차대사람 - 기타,안전운전불이행,포장 - 건조,맑음,단일로 - 기타,승용,남,53세,상해없음,보행자,남,45세,경상
364,2018011400100066,2018년 1월 14일 03시,일요일,서울특별시 광진구 자양동,중상사고,0,1,0,0,차대사람 - 횡단중,안전운전불이행,포장 - 건조,맑음,교차로 - 교차로횡단보도내,승용,남,70세,상해없음,보행자,남,56세,중상
365,2018011400100096,2018년 1월 14일 05시,일요일,서울특별시 용산구 한남동,경상사고,0,0,1,0,차대사람 - 횡단중,보행자보호의무위반,포장 - 건조,맑음,기타 - 기타,승용,남,65세,상해없음,보행자,여,38세,경상
366,2018011400100098,2018년 1월 14일 05시,일요일,서울특별시 강서구 화곡동,중상사고,0,1,0,0,차대사람 - 차도통행중,안전운전불이행,포장 - 건조,맑음,교차로 - 교차로안,화물,남,65세,상해없음,보행자,여,23세,중상
367,2018011400100141,2018년 1월 14일 10시,일요일,서울특별시 관악구 봉천동,중상사고,0,1,0,0,차대사람 - 기타,안전운전불이행,포장 - 건조,맑음,단일로 - 기타,승용,남,65세,상해없음,보행자,여,64세,중상
368,2018011400100165,2018년 1월 14일 12시,일요일,서울특별시 서대문구 홍은동,중상사고,0,1,0,0,차대사람 - 횡단중,안전운전불이행,포장 - 건조,맑음,단일로 - 기타,승용,여,50세,상해없음,보행자,남,61세,중상
369,2018011400100168,2018년 1월 14일 12시,일요일,서울특별시 송파구 잠실동,중상사고,0,1,0,0,차대사람 - 보도통행중,기타,포장 - 건조,맑음,기타 - 기타,승용,남,49세,상해없음,보행자,여,76세,중상
370,2018011400100187,2018년 1월 14일 13시,일요일,서울특별시 종로구 동숭동,경상사고,0,0,1,0,차대사람 - 차도통행중,안전운전불이행,포장 - 건조,맑음,단일로 - 기타,승용,여,53세,상해없음,보행자,남,30세,경상
371,2018011400100219,2018년 1월 14일 14시,일요일,서울특별시 서초구 잠원동,경상사고,0,0,1,0,차대사람 - 횡단중,보행자보호의무위반,포장 - 건조,맑음,교차로 - 교차로횡단보도내,승용,남,57세,상해없음,보행자,여,8세,경상
372,2018011400100257,2018년 1월 14일 16시,일요일,서울특별시 중랑구 중화동,경상사고,0,0,1,0,차대사람 - 횡단중,보행자보호의무위반,포장 - 건조,맑음,단일로 - 기타,승용,남,59세,상해없음,보행자,남,10세,경상
373,2018011400100278,2018년 1월 14일 17시,일요일,서울특별시 서초구 잠원동,경상사고,0,0,1,0,차대사람 - 기타,안전운전불이행,포장 - 건조,맑음,단일로 - 기타,자전거,남,44세,상해없음,보행자,여,72세,경상
374,2018011400100340,2018년 1월 14일 19시,일요일,서울특별시 종로구 숭인동,경상사고,0,0,1,0,차대사람 - 횡단중,보행자보호의무위반,포장 - 건조,맑음,교차로 - 교차로횡단보도내,승용,남,41세,상해없음,보행자,남,65세,경상
375,2018011400100378,2018년 1월 14일 20시,일요일,서울특별시 중랑구 상봉동,중상사고,0,1,0,0,차대사람 - 횡단중,안전운전불이행,포장 - 건조,맑음,교차로 - 교차로부근,승용,남,77세,상해없음,보행자,남,18세,중상
376,2018011400100379,2018년 1월 14일 20시,일요일,서울특별시 노원구 상계동,경상사고,0,0,1,0,차대사람 - 횡단중,보행자보호의무위반,포장 - 건조,맑음,교차로 - 교차로안,화물,여,50세,상해없음,보행자,여,63세,경상
377,2018011400100408,2018년 1월 14일 21시,일요일,서울특별시 성북구 길음동,중상사고,0,1,0,0,차대사람 - 횡단중,신호위반,포장 - 건조,맑음,교차로 - 교차로횡단보도내,승용,남,50세,상해없음,보행자,여,69세,중상
378,2018011400100414,2018년 1월 14일 21시,일요일,서울특별시 노원구 공릉동,중상사고,0,1,0,0,차대사람 - 차도통행중,안전운전불이행,포장 - 건조,흐림,주차장 - 주차장,승용,남,39세,상해없음,보행자,여,89세,중상
379,2018011400100437,2018년 1월 14일 22시,일요일,서울특별시 마포구 당인동,부상신고사고,0,0,0,1,차대사람 - 횡단중,안전운전불이행,포장 - 젖음/습기,맑음,단일로 - 기타,승용,남,33세,상해없음,보행자,남,19세,부상신고
380,2018011400100463,2018년 1월 14일 23시,일요일,서울특별시 노원구 상계동,경상사고,0,0,1,0,차대사람 - 기타,안전운전불이행,포장 - 건조,맑음,교차로 - 교차로안,승용,여,67세,상해없음,보행자,여,65세,경상
381,2018011500100006,2018년 1월 15일 00시,월요일,서울특별시 송파구 석촌동,중상사고,0,1,0,0,차대사람 - 횡단중,안전운전불이행,포장 - 건조,맑음,기타 - 기타,승용,남,46세,상해없음,보행자,남,37세,중상
382,2018011500100019,2018년 1월 15일 01시,월요일,서울특별시 강북구 미아동,경상사고,0,0,1,0,차대사람 - 기타,안전운전불이행,포장 - 건조,맑음,단일로 - 기타,기타불명,기타불명,미분류,기타불명,보행자,남,29세,경상
383,2018011500100026,2018년 1월 15일 02시,월요일,서울특별시 용산구 이촌동,중상사고,0,1,0,0,차대사람 - 기타,안전운전불이행,포장 - 건조,맑음,교차로 - 교차로횡단보도내,승용,남,55세,상해없음,보행자,여,55세,중상
384,2018011500100064,2018년 1월 15일 06시,월요일,서울특별시 종로구 연지동,중상사고,0,1,0,0,차대사람 - 횡단중,신호위반,포장 - 건조,맑음,단일로 - 기타,화물,남,56세,상해없음,보행자,여,33세,중상
385,2018011500100070,2018년 1월 15일 06시,월요일,서울특별시 송파구 방이동,경상사고,0,0,1,0,차대사람 - 횡단중,보행자보호의무위반,포장 - 건조,맑음,교차로 - 교차로안,승용,남,63세,상해없음,보행자,남,32세,경상
386,2018011500100086,2018년 1월 15일 07시,월요일,서울특별시 동작구 사당동,중상사고,0,1,0,0,차대사람 - 차도통행중,안전운전불이행,포장 - 건조,흐림,교차로 - 교차로안,승용,남,42세,상해없음,보행자,여,62세,중상
387,2018011500100087,2018년 1월 15일 07시,월요일,서울특별시 관악구 봉천동,경상사고,0,0,1,0,차대사람 - 기타,보행자보호의무위반,포장 - 젖음/습기,흐림,교차로 - 교차로횡단보도내,승용,남,56세,상해없음,보행자,남,29세,경상
388,2018011500100089,2018년 1월 15일 07시,월요일,서울특별시 송파구 송파동,중상사고,0,1,0,0,차대사람 - 횡단중,보행자보호의무위반,포장 - 건조,맑음,교차로 - 교차로횡단보도내,승용,남,70세,상해없음,보행자,여,39세,중상
389,2018011500100165,2018년 1월 15일 09시,월요일,서울특별시 강동구 천호동,부상신고사고,0,0,0,1,차대사람 - 횡단중,안전거리미확보,포장 - 건조,맑음,교차로 - 교차로안,원동기,남,51세,상해없음,보행자,여,68세,부상신고
390,2018011500100225,2018년 1월 15일 11시,월요일,서울특별시 성북구 동선동4가,경상사고,0,0,1,0,차대사람 - 길가장자리구역통행중,안전운전불이행,포장 - 건조,맑음,단일로 - 기타,승용,남,72세,상해없음,보행자,여,45세,경상
391,2018011500100229,2018년 1월 15일 11시,월요일,서울특별시 서초구 서초동,경상사고,0,0,1,0,차대사람 - 기타,안전운전불이행,포장 - 건조,맑음,단일로 - 기타,화물,남,57세,상해없음,보행자,남,52세,경상
392,2018011500100231,2018년 1월 15일 11시,월요일,서울특별시 강남구 역삼동,경상사고,0,0,1,0,차대사람 - 기타,안전운전불이행,포장 - 건조,맑음,단일로 - 기타,승용,남,58세,상해없음,보행자,여,49세,경상
393,2018011500100258,2018년 1월 15일 12시,월요일,서울특별시 서대문구 홍제동,중상사고,0,1,0,0,차대사람 - 보도통행중,보행자보호의무위반,포장 - 건조,맑음,단일로 - 기타,승용,남,40세,상해없음,보행자,여,83세,중상
394,2018011500100295,2018년 1월 15일 13시,월요일,서울특별시 종로구 원남동,중상사고,0,1,0,0,차대사람 - 횡단중,안전운전불이행,포장 - 건조,맑음,단일로 - 기타,승용,여,38세,상해없음,보행자,남,66세,중상
395,2018011500100298,2018년 1월 15일 13시,월요일,서울특별시 은평구 불광동,경상사고,0,0,1,0,차대사람 - 기타,안전운전불이행,포장 - 건조,맑음,교차로 - 교차로안,화물,남,51세,상해없음,보행자,여,56세,경상
396,2018011500100299,2018년 1월 15일 13시,월요일,서울특별시 강남구 대치동,경상사고,0,0,1,0,차대사람 - 길가장자리구역통행중,안전운전불이행,포장 - 건조,맑음,단일로 - 기타,승용,남,60세,상해없음,보행자,남,25세,경상
397,2018011500100364,2018년 1월 15일 15시,월요일,서울특별시 송파구 삼전동,경상사고,0,0,1,0,차대사람 - 횡단중,보행자보호의무위반,포장 - 건조,맑음,교차로 - 교차로부근,승용,남,48세,상해없음,보행자,여,15세,경상
398,2018011500100392,2018년 1월 15일 16시,월요일,서울특별시 송파구 풍납동,부상신고사고,0,0,0,1,차대사람 - 길가장자리구역통행중,안전운전불이행,포장 - 건조,흐림,단일로 - 기타,승용,여,62세,상해없음,보행자,여,70세,부상신고
399,2018011500100427,2018년 1월 15일 17시,월요일,서울특별시 관악구 신림동,중상사고,0,1,0,0,차대사람 - 차도통행중,안전운전불이행,포장 - 건조,맑음,교차로 - 교차로안,승용,남,44세,상해없음,보행자,여,73세,중상
400,2018011500100467,2018년 1월 15일 18시,월요일,서울특별시 강북구 미아동,중상사고,0,1,0,0,차대사람 - 기타,안전운전불이행,포장 - 건조,맑음,교차로 - 교차로부근,승용,남,54세,상해없음,보행자,여,61세,중상
401,2018011500100468,2018년 1월 15일 18시,월요일,서울특별시 동대문구 휘경동,경상사고,0,0,1,0,차대사람 - 횡단중,신호위반,포장 - 건조,맑음,교차로 - 교차로횡단보도내,이륜,남,66세,기타불명,보행자,여,48세,경상
402,2018011500100469,2018년 1월 15일 18시,월요일,서울특별시 금천구 독산동,경상사고,0,0,1,0,차대사람 - 횡단중,안전운전불이행,포장 - 건조,맑음,단일로 - 기타,승용,남,70세,상해없음,보행자,남,66세,경상
403,2018011500100470,2018년 1월 15일 18시,월요일,서울특별시 동작구 신대방동,중상사고,0,1,0,0,차대사람 - 횡단중,안전운전불이행,포장 - 건조,맑음,단일로 - 기타,승용,남,36세,상해없음,보행자,여,74세,중상
404,2018011500100472,2018년 1월 15일 18시,월요일,서울특별시 중랑구 상봉동,경상사고,0,0,1,0,차대사람 - 기타,안전운전불이행,포장 - 건조,맑음,단일로 - 기타,승합,남,42세,상해없음,보행자,여,20세,경상
405,2018011500100473,2018년 1월 15일 18시,월요일,서울특별시 강동구 명일동,중상사고,0,1,0,0,차대사람 - 기타,안전운전불이행,포장 - 건조,맑음,단일로 - 기타,승용,남,58세,상해없음,보행자,여,49세,중상
406,2018011500100475,2018년 1월 15일 18시,월요일,서울특별시 노원구 중계동,중상사고,0,1,0,0,차대사람 - 길가장자리구역통행중,기타,포장 - 건조,맑음,단일로 - 기타,자전거,남,76세,상해없음,보행자,여,64세,중상
407,2018011500100531,2018년 1월 15일 19시,월요일,서울특별시 영등포구 당산동3가,경상사고,0,0,2,0,차대사람 - 차도통행중,안전운전불이행,포장 - 건조,맑음,단일로 - 기타,승용,남,61세,상해없음,보행자,남,16세,경상
408,2018011500100532,2018년 1월 15일 19시,월요일,서울특별시 성동구 하왕십리동,사망사고,1,0,0,0,차대사람 - 횡단중,안전운전불이행,포장 - 건조,맑음,기타 - 기타,승용,남,63세,상해없음,보행자,여,58세,사망
409,2018011500100560,2018년 1월 15일 20시,월요일,서울특별시 강동구 성내동,중상사고,0,1,0,0,차대사람 - 횡단중,안전운전불이행,포장 - 건조,맑음,교차로 - 교차로안,승용,여,47세,상해없음,보행자,여,64세,중상
410,2018011500100596,2018년 1월 15일 21시,월요일,서울특별시 종로구 관철동,경상사고,0,0,1,0,차대사람 - 차도통행중,안전운전불이행,포장 - 건조,맑음,단일로 - 지하차도(도로)내,승용,남,28세,상해없음,보행자,여,32세,경상
411,2018011500100598,2018년 1월 15일 21시,월요일,서울특별시 영등포구 당산동5가,경상사고,0,0,1,0,차대사람 - 횡단중,안전운전불이행,포장 - 건조,맑음,교차로 - 교차로횡단보도내,승용,남,71세,상해없음,보행자,여,27세,경상
412,2018011500100620,2018년 1월 15일 22시,월요일,서울특별시 서대문구 홍은동,중상사고,0,1,0,0,차대사람 - 횡단중,안전운전불이행,포장 - 건조,맑음,단일로 - 기타,승용,남,58세,상해없음,보행자,남,53세,중상
413,2018011500100622,2018년 1월 15일 22시,월요일,서울특별시 동대문구 답십리동,중상사고,0,1,0,0,차대사람 - 횡단중,안전운전불이행,포장 - 건조,맑음,교차로 - 교차로부근,승용,여,45세,상해없음,보행자,남,27세,중상
414,2018011500100643,2018년 1월 15일 23시,월요일,서울특별시 마포구 노고산동,경상사고,0,0,2,0,차대사람 - 횡단중,신호위반,포장 - 건조,맑음,단일로 - 기타,승용,남,26세,상해없음,보행자,여,22세,경상
415,2018011600100046,2018년 1월 16일 03시,화요일,서울특별시 성동구 도선동,경상사고,0,0,1,0,차대사람 - 횡단중,신호위반,포장 - 건조,맑음,기타 - 기타,승용,남,61세,상해없음,보행자,여,19세,경상
416,2018011600100054,2018년 1월 16일 04시,화요일,서울특별시 서대문구 연희동,경상사고,0,0,1,0,차대사람 - 길가장자리구역통행중,안전운전불이행,포장 - 건조,맑음,단일로 - 기타,승용,여,55세,상해없음,보행자,남,28세,경상
417,2018011600100056,2018년 1월 16일 04시,화요일,서울특별시 성북구 석관동,중상사고,0,1,0,0,차대사람 - 길가장자리구역통행중,안전운전불이행,포장 - 건조,맑음,단일로 - 기타,승합,남,56세,상해없음,보행자,남,50세,중상
418,2018011600100062,2018년 1월 16일 05시,화요일,서울특별시 동대문구 이문동,중상사고,0,1,0,0,차대사람 - 기타,안전운전불이행,포장 - 건조,맑음,단일로 - 기타,화물,남,37세,상해없음,보행자,남,20세,중상
419,2018011600100063,2018년 1월 16일 05시,화요일,서울특별시 노원구 월계동,중상사고,0,1,0,0,차대사람 - 차도통행중,안전운전불이행,포장 - 건조,맑음,단일로 - 기타,승합,남,47세,상해없음,보행자,남,31세,중상
420,2018011600100070,2018년 1월 16일 06시,화요일,서울특별시 강북구 미아동,중상사고,0,1,0,0,차대사람 - 길가장자리구역통행중,안전운전불이행,포장 - 건조,맑음,교차로 - 교차로안,승용,남,71세,상해없음,보행자,여,65세,중상
421,2018011600100071,2018년 1월 16일 06시,화요일,서울특별시 서초구 양재동,중상사고,0,1,0,0,차대사람 - 횡단중,보행자보호의무위반,포장 - 건조,맑음,교차로 - 교차로부근,승용,남,73세,상해없음,보행자,남,57세,중상
422,2018011600100089,2018년 1월 16일 07시,화요일,서울특별시 서초구 서초동,경상사고,0,0,1,0,차대사람 - 차도통행중,보행자보호의무위반,포장 - 건조,맑음,기타 - 기타,승용,남,70세,상해없음,보행자,여,31세,경상
423,2018011600100117,2018년 1월 16일 08시,화요일,서울특별시 동대문구 신설동,경상사고,0,0,1,0,차대사람 - 횡단중,신호위반,포장 - 건조,맑음,단일로 - 기타,승합,남,38세,상해없음,보행자,남,23세,경상
424,2018011600100121,2018년 1월 16일 08시,화요일,서울특별시 구로구 가리봉동,중상사고,0,1,0,0,차대사람 - 횡단중,안전운전불이행,포장 - 건조,흐림,단일로 - 기타,승합,남,49세,상해없음,보행자,여,82세,중상
425,2018011600100205,2018년 1월 16일 11시,화요일,서울특별시 강남구 삼성동,경상사고,0,0,1,0,차대사람 - 차도통행중,안전운전불이행,포장 - 건조,맑음,단일로 - 기타,승용,여,55세,상해없음,보행자,여,19세,경상
426,2018011600100228,2018년 1월 16일 12시,화요일,서울특별시 중랑구 면목동,중상사고,0,1,0,0,차대사람 - 횡단중,보행자보호의무위반,포장 - 건조,맑음,교차로 - 교차로부근,승용,남,78세,상해없음,보행자,여,65세,중상
427,2018011600100229,2018년 1월 16일 12시,화요일,서울특별시 구로구 구로동,중상사고,0,1,0,0,차대사람 - 횡단중,보행자보호의무위반,포장 - 건조,흐림,교차로 - 교차로횡단보도내,화물,남,38세,상해없음,보행자,여,61세,중상
428,2018011600100241,2018년 1월 16일 13시,화요일,서울특별시 강남구 역삼동,경상사고,0,0,1,0,차대사람 - 길가장자리구역통행중,안전운전불이행,포장 - 건조,맑음,기타 - 기타,승용,여,37세,상해없음,보행자,여,25세,경상
429,2018011600100243,2018년 1월 16일 13시,화요일,서울특별시 서초구 방배동,중상사고,0,1,0,0,차대사람 - 횡단중,안전운전불이행,포장 - 건조,맑음,교차로 - 교차로안,승용,여,46세,상해없음,보행자,여,24세,중상
430,2018011600100294,2018년 1월 16일 15시,화요일,서울특별시 서초구 방배동,중상사고,0,1,0,0,차대사람 - 보도통행중,기타,포장 - 건조,흐림,단일로 - 기타,승용,남,20세,상해없음,보행자,남,81세,중상
431,2018011600100309,2018년 1월 16일 16시,화요일,서울특별시 영등포구 대림동,부상신고사고,0,0,0,1,차대사람 - 보도통행중,기타,포장 - 건조,맑음,교차로 - 교차로안,화물,남,44세,상해없음,보행자,남,5세,부상신고
432,2018011600100366,2018년 1월 16일 18시,화요일,서울특별시 중구 회현동1가,경상사고,0,0,1,0,차대사람 - 횡단중,신호위반,포장 - 건조,맑음,기타 - 기타,기타불명,기타불명,미분류,기타불명,보행자,여,26세,경상
433,2018011600100367,2018년 1월 16일 18시,화요일,서울특별시 강북구 미아동,경상사고,0,0,1,0,차대사람 - 횡단중,보행자보호의무위반,포장 - 건조,맑음,교차로 - 교차로안,화물,남,64세,상해없음,보행자,남,44세,경상
434,2018011600100369,2018년 1월 16일 18시,화요일,서울특별시 마포구 대흥동,중상사고,0,1,0,0,차대사람 - 기타,기타,포장 - 건조,맑음,교차로 - 교차로안,화물,남,58세,상해없음,보행자,남,62세,중상
435,2018011600100370,2018년 1월 16일 18시,화요일,서울특별시 마포구 성산동,경상사고,0,0,1,0,차대사람 - 횡단중,신호위반,포장 - 건조,맑음,단일로 - 기타,이륜,남,16세,상해없음,보행자,여,63세,경상
436,2018011600100373,2018년 1월 16일 18시,화요일,서울특별시 강남구 도곡동,중상사고,0,1,0,0,차대사람 - 기타,신호위반,포장 - 젖음/습기,맑음,단일로 - 기타,이륜,남,50세,상해없음,보행자,남,32세,중상
437,2018011600100420,2018년 1월 16일 19시,화요일,서울특별시 성북구 장위동,중상사고,0,1,0,0,차대사람 - 기타,안전운전불이행,포장 - 건조,맑음,단일로 - 기타,승용,남,44세,상해없음,보행자,남,66세,중상
438,2018011600100421,2018년 1월 16일 19시,화요일,서울특별시 구로구 구로동,경상사고,0,0,1,0,차대사람 - 횡단중,신호위반,포장 - 건조,맑음,교차로 - 교차로횡단보도내,승용,남,53세,상해없음,보행자,여,31세,경상
439,2018011600100423,2018년 1월 16일 19시,화요일,서울특별시 노원구 중계동,중상사고,0,1,0,0,차대사람 - 횡단중,보행자보호의무위반,포장 - 건조,맑음,교차로 - 교차로횡단보도내,승용,여,69세,상해없음,보행자,남,33세,중상
440,2018011600100424,2018년 1월 16일 19시,화요일,서울특별시 노원구 중계동,중상사고,0,1,0,0,차대사람 - 횡단중,안전운전불이행,포장 - 건조,맑음,단일로 - 기타,이륜,남,59세,중상,보행자,여,49세,상해없음
441,2018011600100425,2018년 1월 16일 19시,화요일,서울특별시 도봉구 창동,중상사고,0,1,0,0,차대사람 - 기타,안전운전불이행,포장 - 건조,흐림,교차로 - 교차로안,승합,남,54세,상해없음,보행자,여,66세,중상
442,2018011600100470,2018년 1월 16일 20시,화요일,서울특별시 종로구 부암동,경상사고,0,0,1,0,차대사람 - 횡단중,신호위반,포장 - 건조,맑음,단일로 - 지하차도(도로)내,승용,여,76세,상해없음,보행자,여,16세,경상
443,2018011600100495,2018년 1월 16일 21시,화요일,서울특별시 은평구 역촌동,경상사고,0,0,1,0,차대사람 - 보도통행중,안전운전불이행,포장 - 건조,맑음,단일로 - 기타,기타불명,기타불명,미분류,기타불명,보행자,남,45세,경상
444,2018011600100530,2018년 1월 16일 22시,화요일,서울특별시 구로구 개봉동,중상사고,0,1,0,0,차대사람 - 횡단중,보행자보호의무위반,포장 - 건조,맑음,교차로 - 교차로횡단보도내,승용,남,56세,상해없음,보행자,남,64세,중상
445,2018011600100557,2018년 1월 16일 23시,화요일,서울특별시 강남구 세곡동,경상사고,0,0,1,0,차대사람 - 횡단중,신호위반,포장 - 건조,맑음,교차로 - 교차로부근,승용,남,66세,상해없음,보행자,여,25세,경상
446,2018011700100002,2018년 1월 17일 00시,수요일,서울특별시 강북구 수유동,중상사고,0,1,0,0,차대사람 - 기타,안전운전불이행,포장 - 건조,흐림,단일로 - 기타,이륜,남,35세,상해없음,보행자,여,25세,중상
447,2018011700100003,2018년 1월 17일 00시,수요일,서울특별시 강북구 미아동,중상사고,0,1,0,0,차대사람 - 차도통행중,안전운전불이행,포장 - 건조,맑음,단일로 - 기타,승용,남,50세,상해없음,보행자,남,37세,중상
448,2018011700100025,2018년 1월 17일 01시,수요일,서울특별시 강남구 역삼동,중상사고,0,1,0,0,차대사람 - 횡단중,안전운전불이행,포장 - 건조,맑음,단일로 - 기타,승용,남,26세,상해없음,보행자,남,49세,중상
449,2018011700100044,2018년 1월 17일 02시,수요일,서울특별시 영등포구 대림동,중상사고,0,1,0,0,차대사람 - 기타,안전운전불이행,포장 - 건조,맑음,교차로 - 교차로부근,승용,남,52세,상해없음,보행자,여,58세,중상
450,2018011700100085,2018년 1월 17일 05시,수요일,서울특별시 마포구 연남동,경상사고,0,0,1,0,차대사람 - 횡단중,안전운전불이행,포장 - 건조,맑음,교차로 - 교차로안,승용,남,68세,상해없음,보행자,남,26세,경상
451,2018011700100116,2018년 1월 17일 07시,수요일,서울특별시 마포구 구수동,중상사고,0,1,0,0,차대사람 - 횡단중,보행자보호의무위반,포장 - 건조,맑음,교차로 - 교차로횡단보도내,승용,남,42세,상해없음,보행자,여,36세,중상
452,2018011700100117,2018년 1월 17일 07시,수요일,서울특별시 영등포구 여의도동,경상사고,0,0,1,0,차대사람 - 횡단중,보행자보호의무위반,포장 - 건조,맑음,교차로 - 교차로안,승용,남,54세,상해없음,보행자,남,36세,경상