,사고번호,사고일시,요일,시군구,사고내용,사망자수,중상자수,경상자수,부상신고자수,사고유형,법규위반,노면상태,기상상태,도로형태,가해운전자 차종,가해운전자 성별,가해운전자 연령,가해운전자 상해정도,피해운전자 차종,피해운전자 성별,피해운전자 연령,피해운전자 상해정도
566,2018012200100108,2018년 1월 22일 09시,월요일,서울특별시 강서구 가양동,경상사고,0,0,1,0,차대사람 - 기타,안전운전불이행,포장 - 건조,맑음,교차로 - 교차로부근,기타불명,기타불명,미분류,기타불명,보행자,여,69세,경상
567,2018012200100135,2018년 1월 22일 10시,월요일,서울특별시 용산구 이촌동,경상사고,0,0,1,0,차대사람 - 횡단중,신호위반,포장 - 건조,맑음,단일로 - 기타,승용,남,61세,상해없음,보행자,여,37세,경상
568,2018012200100156,2018년 1월 22일 11시,월요일,서울특별시 영등포구 여의도동,중상사고,0,1,0,0,차대사람 - 길가장자리구역통행중,안전운전불이행,포장 - 건조,맑음,주차장 - 주차장,승용,남,29세,상해없음,보행자,남,63세,중상
569,2018012200100189,2018년 1월 22일 12시,월요일,서울특별시 강동구 천호동,사망사고,1,0,0,0,차대사람 - 기타,안전운전불이행,포장 - 건조,맑음,단일로 - 기타,승용,남,51세,상해없음,보행자,여,63세,사망
570,2018012200100216,2018년 1월 22일 13시,월요일,서울특별시 서초구 반포동,중상사고,0,1,0,0,차대사람 - 보도통행중,안전운전불이행,포장 - 건조,맑음,단일로 - 기타,화물,남,45세,상해없음,보행자,남,43세,중상
571,2018012200100217,2018년 1월 22일 13시,월요일,서울특별시 서초구 서초동,경상사고,0,0,1,0,차대사람 - 길가장자리구역통행중,안전운전불이행,포장 - 건조,맑음,단일로 - 기타,승용,남,71세,상해없음,보행자,여,81세,경상
572,2018012200100245,2018년 1월 22일 14시,월요일,서울특별시 강북구 수유동,경상사고,0,0,1,0,차대사람 - 기타,안전운전불이행,포장 - 건조,맑음,단일로 - 기타,승합,남,70세,상해없음,보행자,여,73세,경상
573,2018012200100250,2018년 1월 22일 14시,월요일,서울특별시 송파구 문정동,중상사고,0,1,0,0,차대사람 - 횡단중,안전운전불이행,포장 - 건조,맑음,단일로 - 기타,승용,남,35세,상해없음,보행자,여,59세,중상
574,2018012200100282,2018년 1월 22일 15시,월요일,서울특별시 영등포구 문래동3가,경상사고,0,0,1,0,차대사람 - 횡단중,보행자보호의무위반,포장 - 젖음/습기,비,교차로 - 교차로부근,승용,남,34세,상해없음,보행자,여,79세,경상
575,2018012200100284,2018년 1월 22일 15시,월요일,서울특별시 서초구 서초동,경상사고,0,0,1,0,차대사람 - 기타,안전운전불이행,포장 - 건조,맑음,기타 - 기타,화물,남,67세,상해없음,보행자,여,49세,경상
576,2018012200100351,2018년 1월 22일 17시,월요일,서울특별시 성북구 종암동,중상사고,0,1,0,0,차대사람 - 기타,안전운전불이행,포장 - 젖음/습기,눈,교차로 - 교차로안,승용,여,73세,상해없음,보행자,여,48세,중상
577,2018012200100356,2018년 1월 22일 17시,월요일,서울특별시 도봉구 도봉동,중상사고,0,1,0,0,차대사람 - 차도통행중,안전운전불이행,포장 - 젖음/습기,눈,단일로 - 기타,화물,남,34세,상해없음,보행자,여,68세,중상
578,2018012200100390,2018년 1월 22일 18시,월요일,서울특별시 중구 서소문동,중상사고,0,1,0,0,차대사람 - 기타,안전운전불이행,포장 - 적설,눈,단일로 - 기타,화물,남,51세,상해없음,보행자,여,31세,중상
579,2018012200100393,2018년 1월 22일 18시,월요일,서울특별시 영등포구 영등포동3가,경상사고,0,0,1,0,차대사람 - 횡단중,신호위반,포장 - 젖음/습기,맑음,단일로 - 기타,승용,남,67세,상해없음,보행자,남,63세,경상
580,2018012200100394,2018년 1월 22일 18시,월요일,서울특별시 동작구 대방동,중상사고,0,1,0,0,차대사람 - 기타,보행자보호의무위반,포장 - 건조,맑음,교차로 - 교차로부근,승합,남,33세,상해없음,보행자,여,54세,중상
581,2018012200100397,2018년 1월 22일 18시,월요일,서울특별시 도봉구 쌍문동,경상사고,0,0,1,0,차대사람 - 기타,안전운전불이행,포장 - 건조,맑음,교차로 - 교차로안,승용,남,81세,상해없음,보행자,남,15세,경상
582,2018012200100467,2018년 1월 22일 19시,월요일,서울특별시 은평구 갈현동,경상사고,0,0,1,0,차대사람 - 차도통행중,안전운전불이행,포장 - 젖음/습기,비,단일로 - 기타,화물,남,39세,기타불명,보행자,여,55세,경상
583,2018012200100499,2018년 1월 22일 20시,월요일,서울특별시 서초구 방배동,경상사고,0,0,1,0,차대사람 - 보도통행중,보행자보호의무위반,포장 - 건조,맑음,교차로 - 교차로횡단보도내,승용,남,52세,상해없음,보행자,남,42세,경상
584,2018012200100519,2018년 1월 22일 21시,월요일,서울특별시 용산구 한남동,경상사고,0,0,1,0,차대사람 - 횡단중,보행자보호의무위반,포장 - 건조,맑음,단일로 - 기타,기타불명,기타불명,미분류,기타불명,보행자,여,22세,경상
585,2018012200100549,2018년 1월 22일 22시,월요일,서울특별시 관악구 신림동,중상사고,0,1,0,0,차대사람 - 기타,안전운전불이행,포장 - 건조,맑음,단일로 - 기타,승합,남,66세,상해없음,보행자,남,38세,중상
586,2018012200100578,2018년 1월 22일 23시,월요일,서울특별시 강북구 수유동,경상사고,0,0,1,0,차대사람 - 차도통행중,안전운전불이행,포장 - 젖음/습기,눈,단일로 - 기타,승합,여,58세,상해없음,보행자,남,47세,경상
587,2018012300100002,2018년 1월 23일 00시,화요일,서울특별시 노원구 상계동,경상사고,0,0,2,0,차대사람 - 횡단중,안전운전불이행,포장 - 건조,맑음,단일로 - 기타,승용,남,21세,상해없음,보행자,여,22세,경상
588,2018012300100012,2018년 1월 23일 01시,화요일,서울특별시 중랑구 망우동,중상사고,0,1,0,1,차대사람 - 횡단중,안전운전불이행,포장 - 건조,맑음,단일로 - 기타,이륜,남,36세,부상신고,보행자,남,56세,중상
589,2018012300100025,2018년 1월 23일 02시,화요일,서울특별시 강동구 둔촌동,경상사고,0,0,1,0,차대사람 - 횡단중,안전운전불이행,포장 - 건조,맑음,교차로 - 교차로부근,승용,남,57세,상해없음,보행자,여,48세,경상
590,2018012300100033,2018년 1월 23일 03시,화요일,서울특별시 영등포구 영등포동8가,중상사고,0,1,0,0,차대사람 - 차도통행중,안전운전불이행,포장 - 건조,맑음,교차로 - 교차로부근,승용,남,69세,상해없음,보행자,남,55세,중상
591,2018012300100043,2018년 1월 23일 06시,화요일,서울특별시 영등포구 영등포동1가,중상사고,0,1,0,0,차대사람 - 횡단중,보행자보호의무위반,포장 - 건조,맑음,교차로 - 교차로부근,승용,남,56세,상해없음,보행자,여,64세,중상
592,2018012300100044,2018년 1월 23일 06시,화요일,서울특별시 송파구 석촌동,중상사고,0,1,0,0,차대사람 - 기타,보행자보호의무위반,포장 - 건조,맑음,교차로 - 교차로안,승용,남,55세,상해없음,보행자,남,71세,중상
593,2018012300100054,2018년 1월 23일 07시,화요일,서울특별시 강서구 등촌동,중상사고,0,1,0,0,차대사람 - 기타,보행자보호의무위반,포장 - 건조,맑음,교차로 - 교차로횡단보도내,승합,여,48세,상해없음,보행자,여,42세,중상
594,2018012300100056,2018년 1월 23일 07시,화요일,서울특별시 도봉구 창동,중상사고,0,1,0,0,차대사람 - 기타,안전운전불이행,포장 - 건조,맑음,단일로 - 기타,승합,남,44세,상해없음,보행자,여,55세,중상
595,2018012300100057,2018년 1월 23일 07시,화요일,서울특별시 강남구 역삼동,중상사고,0,1,0,0,차대사람 - 횡단중,안전운전불이행,포장 - 건조,맑음,교차로 - 교차로부근,건설기계,남,55세,상해없음,보행자,여,22세,중상
596,2018012300100070,2018년 1월 23일 08시,화요일,서울특별시 동대문구 휘경동,경상사고,0,0,2,0,차대사람 - 기타,안전운전불이행,포장 - 건조,맑음,단일로 - 기타,승용,여,28세,상해없음,보행자,여,50세,경상
597,2018012300100072,2018년 1월 23일 08시,화요일,서울특별시 영등포구 여의도동,부상신고사고,0,0,0,1,차대사람 - 횡단중,안전운전불이행,포장 - 건조,맑음,교차로 - 교차로횡단보도내,기타불명,기타불명,미분류,기타불명,보행자,여,22세,부상신고
598,2018012300100073,2018년 1월 23일 08시,화요일,서울특별시 성동구 성수동2가,경상사고,0,0,1,0,차대사람 - 기타,안전운전불이행,포장 - 건조,흐림,단일로 - 기타,화물,남,29세,상해없음,보행자,남,44세,경상
599,2018012300100077,2018년 1월 23일 08시,화요일,서울특별시 서초구 방배동,경상사고,0,0,1,0,차대사람 - 기타,안전운전불이행,포장 - 기타,맑음,단일로 - 기타,승용,남,70세,상해없음,보행자,여,40세,경상
600,2018012300100111,2018년 1월 23일 09시,화요일,서울특별시 용산구 갈월동,중상사고,0,1,0,0,차대사람 - 횡단중,신호위반,포장 - 건조,맑음,단일로 - 기타,승용,여,25세,상해없음,보행자,여,67세,중상
601,2018012300100113,2018년 1월 23일 09시,화요일,서울특별시 동대문구 휘경동,경상사고,0,0,1,0,차대사람 - 횡단중,안전운전불이행,포장 - 건조,맑음,교차로 - 교차로부근,이륜,남,69세,상해없음,보행자,여,31세,경상
602,2018012300100115,2018년 1월 23일 09시,화요일,서울특별시 강남구 역삼동,경상사고,0,0,1,0,차대사람 - 차도통행중,안전운전불이행,포장 - 건조,맑음,교차로 - 교차로부근,승용,여,44세,상해없음,보행자,여,52세,경상
603,2018012300100117,2018년 1월 23일 09시,화요일,서울특별시 양천구 목동,부상신고사고,0,0,0,1,차대사람 - 횡단중,안전운전불이행,포장 - 건조,맑음,교차로 - 교차로안,승용,여,45세,상해없음,보행자,여,84세,부상신고
604,2018012300100193,2018년 1월 23일 11시,화요일,서울특별시 동대문구 신설동,중상사고,0,1,0,0,차대사람 - 횡단중,보행자보호의무위반,포장 - 건조,맑음,교차로 - 교차로횡단보도내,화물,남,46세,상해없음,보행자,남,56세,중상
605,2018012300100227,2018년 1월 23일 12시,화요일,서울특별시 금천구 시흥동,경상사고,0,0,1,0,차대사람 - 보도통행중,기타,포장 - 건조,맑음,기타 - 기타,기타불명,기타불명,미분류,기타불명,보행자,남,18세,경상
606,2018012300100229,2018년 1월 23일 12시,화요일,서울특별시 중랑구 상봉동,경상사고,0,0,1,0,차대사람 - 기타,교차로운행방법위반,포장 - 건조,맑음,교차로 - 교차로부근,승용,남,48세,상해없음,보행자,여,55세,경상
607,2018012300100249,2018년 1월 23일 13시,화요일,서울특별시 종로구 낙원동,중상사고,0,1,0,0,차대사람 - 차도통행중,안전운전불이행,포장 - 건조,맑음,교차로 - 교차로안,화물,남,42세,상해없음,보행자,남,88세,중상
608,2018012300100251,2018년 1월 23일 13시,화요일,서울특별시 광진구 자양동,경상사고,0,0,1,0,차대사람 - 길가장자리구역통행중,안전운전불이행,포장 - 건조,맑음,단일로 - 기타,화물,남,37세,상해없음,보행자,여,46세,경상
609,2018012300100258,2018년 1월 23일 13시,화요일,서울특별시 양천구 신월동,경상사고,0,0,1,0,차대사람 - 기타,안전운전불이행,포장 - 건조,맑음,단일로 - 기타,이륜,남,23세,상해없음,보행자,여,60세,경상
610,2018012300100348,2018년 1월 23일 16시,화요일,서울특별시 금천구 독산동,부상신고사고,0,0,0,1,차대사람 - 기타,안전운전불이행,포장 - 건조,맑음,단일로 - 기타,승용,남,60세,상해없음,보행자,남,63세,부상신고
611,2018012300100377,2018년 1월 23일 17시,화요일,서울특별시 서초구 반포동,경상사고,0,0,1,0,차대사람 - 차도통행중,안전운전불이행,포장 - 건조,맑음,단일로 - 기타,승용,여,35세,상해없음,보행자,남,60세,경상
612,2018012300100378,2018년 1월 23일 17시,화요일,서울특별시 서초구 서초동,중상사고,0,1,0,0,차대사람 - 횡단중,보행자보호의무위반,포장 - 서리/결빙,흐림,교차로 - 교차로안,승용,남,53세,상해없음,보행자,여,89세,중상
613,2018012300100445,2018년 1월 23일 19시,화요일,서울특별시 서대문구 북아현동,중상사고,0,1,0,0,차대사람 - 횡단중,보행자보호의무위반,포장 - 건조,맑음,단일로 - 기타,승용,남,72세,상해없음,보행자,남,23세,중상
614,2018012300100480,2018년 1월 23일 20시,화요일,서울특별시 성북구 동소문동5가,경상사고,0,0,2,0,차대사람 - 횡단중,안전운전불이행,포장 - 건조,맑음,단일로 - 기타,이륜,남,33세,경상,보행자,여,63세,경상
615,2018012300100481,2018년 1월 23일 20시,화요일,서울특별시 강북구 수유동,경상사고,0,0,1,0,차대사람 - 차도통행중,안전운전불이행,포장 - 건조,맑음,교차로 - 교차로부근,승용,남,33세,상해없음,보행자,여,46세,경상
616,2018012300100482,2018년 1월 23일 20시,화요일,서울특별시 마포구 공덕동,경상사고,0,0,1,0,차대사람 - 기타,안전운전불이행,포장 - 건조,맑음,단일로 - 기타,승용,남,64세,상해없음,보행자,남,36세,경상
617,2018012300100483,2018년 1월 23일 20시,화요일,서울특별시 관악구 신림동,중상사고,0,1,0,0,차대사람 - 횡단중,신호위반,포장 - 건조,맑음,교차로 - 교차로부근,승용,남,61세,상해없음,보행자,여,49세,중상
618,2018012300100485,2018년 1월 23일 20시,화요일,서울특별시 은평구 구산동,중상사고,0,1,0,0,차대사람 - 기타,안전운전불이행,포장 - 건조,맑음,교차로 - 교차로부근,승용,남,58세,상해없음,보행자,남,55세,중상
619,2018012300100502,2018년 1월 23일 21시,화요일,서울특별시 동대문구 용두동,중상사고,0,1,0,0,차대사람 - 횡단중,보행자보호의무위반,포장 - 건조,맑음,교차로 - 교차로횡단보도내,승용,남,26세,상해없음,보행자,여,57세,중상
620,2018012300100510,2018년 1월 23일 21시,화요일,서울특별시 서초구 서초동,경상사고,0,0,1,0,차대사람 - 횡단중,안전운전불이행,포장 - 건조,맑음,단일로 - 기타,승용,남,34세,상해없음,보행자,남,54세,경상
621,2018012300100560,2018년 1월 23일 23시,화요일,서울특별시 중구 태평로2가,부상신고사고,0,0,0,1,차대사람 - 횡단중,안전운전불이행,포장 - 건조,맑음,교차로 - 교차로안,승용,남,30세,상해없음,보행자,남,31세,부상신고
622,2018012400100025,2018년 1월 24일 02시,수요일,서울특별시 관악구 신림동,중상사고,0,1,0,0,차대사람 - 차도통행중,안전운전불이행,포장 - 건조,맑음,교차로 - 교차로부근,화물,남,41세,상해없음,보행자,여,37세,중상
623,2018012400100039,2018년 1월 24일 04시,수요일,서울특별시 금천구 가산동,중상사고,0,1,0,0,차대사람 - 기타,안전운전불이행,포장 - 건조,맑음,단일로 - 기타,승용,남,39세,상해없음,보행자,남,38세,중상
624,2018012400100046,2018년 1월 24일 05시,수요일,서울특별시 용산구 한강로3가,부상신고사고,0,0,0,1,차대사람 - 보도통행중,보행자보호의무위반,포장 - 건조,맑음,교차로 - 교차로횡단보도내,기타불명,기타불명,미분류,기타불명,보행자,여,71세,부상신고
625,2018012400100050,2018년 1월 24일 05시,수요일,서울특별시 노원구 월계동,경상사고,0,0,1,0,차대사람 - 기타,안전운전불이행,포장 - 건조,맑음,단일로 - 기타,승용,남,61세,상해없음,보행자,남,24세,경상
626,2018012400100059,2018년 1월 24일 06시,수요일,서울특별시 마포구 대흥동,경상사고,0,0,1,0,차대사람 - 횡단중,신호위반,포장 - 건조,맑음,단일로 - 기타,승용,남,74세,상해없음,보행자,여,62세,경상
627,2018012400100061,2018년 1월 24일 06시,수요일,서울특별시 서초구 반포동,중상사고,0,1,0,0,차대사람 - 횡단중,신호위반,포장 - 건조,맑음,교차로 - 교차로횡단보도내,승용,남,46세,상해없음,보행자,여,71세,중상
628,2018012400100071,2018년 1월 24일 07시,수요일,서울특별시 강북구 미아동,중상사고,0,1,0,0,차대사람 - 횡단중,신호위반,포장 - 건조,맑음,단일로 - 기타,승용,여,54세,상해없음,보행자,여,67세,중상
629,2018012400100072,2018년 1월 24일 07시,수요일,서울특별시 서초구 서초동,중상사고,0,1,0,0,차대사람 - 기타,안전운전불이행,포장 - 건조,맑음,단일로 - 기타,승용,남,48세,상해없음,보행자,남,41세,중상
630,2018012400100087,2018년 1월 24일 08시,수요일,서울특별시 서대문구 북가좌동,경상사고,0,0,1,0,차대사람 - 차도통행중,안전운전불이행,포장 - 건조,맑음,단일로 - 기타,승용,남,40세,상해없음,보행자,남,48세,경상
631,2018012400100118,2018년 1월 24일 09시,수요일,서울특별시 서초구 양재동,중상사고,0,1,0,0,차대사람 - 횡단중,신호위반,포장 - 건조,맑음,교차로 - 교차로횡단보도내,승용,여,70세,상해없음,보행자,여,20세,중상
632,2018012400100120,2018년 1월 24일 09시,수요일,서울특별시 도봉구 방학동,중상사고,0,1,0,0,차대사람 - 횡단중,안전운전불이행,포장 - 건조,맑음,교차로 - 교차로안,승용,남,45세,상해없음,보행자,남,81세,중상
633,2018012400100121,2018년 1월 24일 09시,수요일,서울특별시 동작구 사당동,경상사고,0,0,1,0,차대사람 - 기타,안전운전불이행,포장 - 건조,맑음,기타 - 기타,승합,남,58세,상해없음,보행자,여,50세,경상
634,2018012400100143,2018년 1월 24일 10시,수요일,서울특별시 서대문구 홍은동,경상사고,0,0,1,0,차대사람 - 보도통행중,기타,포장 - 건조,맑음,단일로 - 기타,이륜,남,51세,상해없음,보행자,여,25세,경상
635,2018012400100144,2018년 1월 24일 10시,수요일,서울특별시 강북구 미아동,중상사고,0,1,0,0,차대사람 - 기타,기타,포장 - 건조,맑음,단일로 - 기타,화물,남,48세,상해없음,보행자,여,88세,중상
636,2018012400100145,2018년 1월 24일 10시,수요일,서울특별시 관악구 신림동,경상사고,0,0,1,0,차대사람 - 차도통행중,안전운전불이행,포장 - 건조,맑음,교차로 - 교차로부근,승용,여,61세,상해없음,보행자,여,66세,경상
637,2018012400100181,2018년 1월 24일 11시,수요일,서울특별시 종로구 수송동,경상사고,0,0,1,0,차대사람 - 횡단중,보행자보호의무위반,포장 - 건조,맑음,교차로 - 교차로안,승용,남,44세,상해없음,보행자,남,45세,경상
638,2018012400100184,2018년 1월 24일 11시,수요일,서울특별시 양천구 목동,부상신고사고,0,0,0,1,차대사람 - 기타,안전운전불이행,포장 - 건조,맑음,단일로 - 기타,기타불명,기타불명,미분류,기타불명,보행자,남,31세,부상신고
639,2018012400100225,2018년 1월 24일 13시,수요일,서울특별시 은평구 응암동,경상사고,0,0,1,0,차대사람 - 차도통행중,안전운전불이행,포장 - 건조,맑음,단일로 - 기타,승용,여,73세,상해없음,보행자,여,21세,경상
640,2018012400100226,2018년 1월 24일 13시,수요일,서울특별시 동대문구 이문동,중상사고,0,1,0,0,차대사람 - 차도통행중,안전운전불이행,포장 - 건조,맑음,교차로 - 교차로부근,승용,여,41세,상해없음,보행자,여,80세,중상
641,2018012400100229,2018년 1월 24일 13시,수요일,서울특별시 양천구 목동,중상사고,0,1,0,0,차대사람 - 기타,안전운전불이행,포장 - 건조,맑음,단일로 - 기타,승용,여,30세,상해없음,보행자,남,43세,중상
642,2018012400100260,2018년 1월 24일 14시,수요일,서울특별시 서대문구 홍은동,경상사고,0,0,1,0,차대사람 - 횡단중,안전운전불이행,포장 - 건조,맑음,단일로 - 기타,승용,남,43세,상해없음,보행자,남,77세,경상
643,2018012400100262,2018년 1월 24일 14시,수요일,서울특별시 영등포구 양평동3가,중상사고,0,1,0,0,차대사람 - 보도통행중,신호위반,포장 - 건조,맑음,단일로 - 기타,승용,남,53세,상해없음,보행자,여,46세,중상
644,2018012400100295,2018년 1월 24일 15시,수요일,서울특별시 성북구 안암동5가,경상사고,0,0,1,0,차대사람 - 차도통행중,안전운전불이행,포장 - 건조,맑음,교차로 - 교차로부근,화물,남,44세,상해없음,보행자,여,53세,경상
645,2018012400100296,2018년 1월 24일 15시,수요일,서울특별시 성북구 동선동2가,경상사고,0,0,1,0,차대사람 - 보도통행중,기타,포장 - 건조,맑음,단일로 - 기타,이륜,남,65세,상해없음,보행자,남,8세,경상
646,2018012400100297,2018년 1월 24일 15시,수요일,서울특별시 성북구 동선동1가,경상사고,0,0,1,0,차대사람 - 차도통행중,안전운전불이행,포장 - 건조,맑음,교차로 - 교차로부근,화물,남,53세,상해없음,보행자,여,27세,경상
647,2018012400100300,2018년 1월 24일 15시,수요일,서울특별시 양천구 목동,경상사고,0,0,1,0,차대사람 - 길가장자리구역통행중,안전운전불이행,포장 - 건조,맑음,단일로 - 기타,승용,여,59세,상해없음,보행자,남,71세,경상
648,2018012400100324,2018년 1월 24일 16시,수요일,서울특별시 서대문구 연희동,부상신고사고,0,0,0,1,차대사람 - 횡단중,신호위반,포장 - 건조,맑음,교차로 - 교차로안,승합,남,64세,상해없음,보행자,남,27세,부상신고
649,2018012400100332,2018년 1월 24일 16시,수요일,서울특별시 송파구 송파동,경상사고,0,0,1,0,차대사람 - 횡단중,안전운전불이행,포장 - 건조,맑음,단일로 - 기타,승용,남,58세,상해없음,보행자,여,21세,경상
650,2018012400100334,2018년 1월 24일 16시,수요일,서울특별시 도봉구 도봉동,중상사고,0,1,0,0,차대사람 - 횡단중,신호위반,포장 - 건조,맑음,교차로 - 교차로횡단보도내,승합,남,54세,상해없음,보행자,여,74세,중상
651,2018012400100363,2018년 1월 24일 17시,수요일,서울특별시 동작구 신대방동,중상사고,0,1,0,0,차대사람 - 횡단중,안전운전불이행,포장 - 건조,맑음,단일로 - 기타,승용,남,35세,상해없음,보행자,여,75세,중상
652,2018012400100364,2018년 1월 24일 17시,수요일,서울특별시 관악구 신림동,중상사고,0,1,0,0,차대사람 - 기타,교차로운행방법위반,포장 - 건조,맑음,단일로 - 기타,승용,남,24세,상해없음,보행자,여,37세,중상
653,2018012400100365,2018년 1월 24일 17시,수요일,서울특별시 강남구 논현동,경상사고,0,0,1,0,차대사람 - 길가장자리구역통행중,안전운전불이행,포장 - 건조,맑음,단일로 - 기타,승용,여,65세,상해없음,보행자,남,78세,경상
654,2018012400100401,2018년 1월 24일 18시,수요일,서울특별시 관악구 봉천동,부상신고사고,0,0,0,1,차대사람 - 횡단중,보행자보호의무위반,포장 - 기타,기타,기타 - 기타,화물,남,25세,상해없음,보행자,여,35세,부상신고
655,2018012400100403,2018년 1월 24일 18시,수요일,서울특별시 강서구 방화동,중상사고,0,1,0,0,차대사람 - 횡단중,신호위반,포장 - 건조,맑음,교차로 - 교차로횡단보도내,이륜,남,18세,상해없음,보행자,여,63세,중상
656,2018012400100404,2018년 1월 24일 18시,수요일,서울특별시 강서구 등촌동,경상사고,0,0,1,0,차대사람 - 기타,안전운전불이행,포장 - 건조,맑음,교차로 - 교차로안,승용,남,75세,기타불명,보행자,여,31세,경상
657,2018012400100447,2018년 1월 24일 19시,수요일,서울특별시 서초구 서초동,중상사고,0,1,0,0,차대사람 - 기타,안전운전불이행,포장 - 건조,맑음,교차로 - 교차로부근,승용,남,46세,상해없음,보행자,남,70세,중상
658,2018012400100482,2018년 1월 24일 20시,수요일,서울특별시 서대문구 신촌동,중상사고,0,1,3,1,차대사람 - 기타,안전운전불이행,포장 - 건조,맑음,단일로 - 기타,승합,남,48세,상해없음,보행자,남,26세,경상
659,2018012400100484,2018년 1월 24일 20시,수요일,서울특별시 성북구 길음동,경상사고,0,0,1,0,차대사람 - 횡단중,보행자보호의무위반,포장 - 건조,맑음,교차로 - 교차로횡단보도내,승용,여,42세,상해없음,보행자,남,37세,경상
660,2018012400100487,2018년 1월 24일 20시,수요일,서울특별시 강서구 공항동,중상사고,0,1,0,0,차대사람 - 횡단중,보행자보호의무위반,포장 - 건조,맑음,교차로 - 교차로부근,승합,남,71세,상해없음,보행자,남,49세,중상
661,2018012400100541,2018년 1월 24일 22시,수요일,서울특별시 송파구 석촌동,중상사고,0,1,0,0,차대사람 - 횡단중,보행자보호의무위반,포장 - 건조,맑음,단일로 - 기타,승용,여,33세,상해없음,보행자,남,41세,중상
662,2018012400100543,2018년 1월 24일 22시,수요일,서울특별시 서초구 반포동,경상사고,0,0,1,0,차대사람 - 기타,안전운전불이행,포장 - 건조,맑음,교차로 - 교차로부근,승용,남,49세,상해없음,보행자,여,31세,경상
663,2018012500100012,2018년 1월 25일 01시,목요일,서울특별시 강남구 신사동,경상사고,0,0,1,0,차대사람 - 차도통행중,안전운전불이행,포장 - 건조,맑음,단일로 - 기타,승용,남,34세,상해없음,보행자,여,25세,경상
664,2018012500100029,2018년 1월 25일 04시,목요일,서울특별시 마포구 서교동,경상사고,0,0,1,0,차대사람 - 횡단중,안전운전불이행,포장 - 건조,맑음,교차로 - 교차로부근,승용,남,53세,상해없음,보행자,여,21세,경상
665,2018012500100042,2018년 1월 25일 06시,목요일,서울특별시 강서구 염창동,경상사고,0,0,1,0,차대사람 - 횡단중,신호위반,포장 - 건조,맑음,단일로 - 기타,승용,남,63세,상해없음,보행자,남,44세,경상
666,2018012500100073,2018년 1월 25일 08시,목요일,서울특별시 중구 남대문로5가,경상사고,0,0,1,0,차대사람 - 차도통행중,안전운전불이행,포장 - 건조,맑음,미분류 - 미분류,승용,남,61세,상해없음,보행자,여,53세,경상
667,2018012500100074,2018년 1월 25일 08시,목요일,서울특별시 강북구 미아동,중상사고,0,1,0,0,차대사람 - 차도통행중,안전운전불이행,포장 - 건조,맑음,교차로 - 교차로안,화물,남,49세,상해없음,보행자,여,54세,중상
668,2018012500100099,2018년 1월 25일 09시,목요일,서울특별시 은평구 응암동,중상사고,0,1,0,0,차대사람 - 차도통행중,안전운전불이행,포장 - 건조,맑음,교차로 - 교차로안,승합,남,67세,상해없음,보행자,여,83세,중상
669,2018012500100127,2018년 1월 25일 10시,목요일,서울특별시 중랑구 묵동,경상사고,0,0,1,0,차대사람 - 기타,안전운전불이행,포장 - 건조,맑음,교차로 - 교차로안,화물,남,45세,상해없음,보행자,여,5세,경상
670,2018012500100166,2018년 1월 25일 11시,목요일,서울특별시 광진구 자양동,중상사고,0,1,0,0,차대사람 - 길가장자리구역통행중,안전운전불이행,포장 - 건조,맑음,단일로 - 기타,승용,남,77세,상해없음,보행자,남,72세,중상
671,2018012500100186,2018년 1월 25일 12시,목요일,서울특별시 중구 신당동,중상사고,0,1,0,0,차대사람 - 횡단중,보행자보호의무위반,포장 - 건조,맑음,단일로 - 기타,승합,남,51세,상해없음,보행자,여,62세,중상
672,2018012500100187,2018년 1월 25일 12시,목요일,서울특별시 성북구 정릉동,중상사고,0,1,0,0,차대사람 - 보도통행중,기타,포장 - 건조,맑음,단일로 - 기타,화물,남,46세,상해없음,보행자,여,77세,중상
673,2018012500100190,2018년 1월 25일 12시,목요일,서울특별시 중랑구 면목동,경상사고,0,0,1,0,차대사람 - 기타,안전운전불이행,포장 - 건조,맑음,단일로 - 기타,승용,남,43세,상해없음,보행자,여,47세,경상
674,2018012500100192,2018년 1월 25일 12시,목요일,서울특별시 양천구 신월동,경상사고,0,0,1,0,차대사람 - 횡단중,보행자보호의무위반,포장 - 건조,맑음,단일로 - 기타,승합,남,69세,상해없음,보행자,여,7세,경상
675,2018012500100243,2018년 1월 25일 14시,목요일,서울특별시 중구 다동,중상사고,0,1,0,0,차대사람 - 길가장자리구역통행중,안전운전불이행,포장 - 건조,맑음,단일로 - 기타,승용,여,57세,상해없음,보행자,남,82세,중상
676,2018012500100273,2018년 1월 25일 15시,목요일,서울특별시 은평구 녹번동,경상사고,0,0,1,0,차대사람 - 차도통행중,안전운전불이행,포장 - 건조,맑음,단일로 - 기타,승용,남,27세,상해없음,보행자,여,64세,경상
677,2018012500100281,2018년 1월 25일 15시,목요일,서울특별시 은평구 대조동,경상사고,0,0,1,0,차대사람 - 길가장자리구역통행중,안전운전불이행,포장 - 건조,맑음,단일로 - 기타,승용,여,46세,상해없음,보행자,남,29세,경상