,사고번호,사고일시,요일,시군구,사고내용,사망자수,중상자수,경상자수,부상신고자수,사고유형,법규위반,노면상태,기상상태,도로형태,가해운전자 차종,가해운전자 성별,가해운전자 연령,가해운전자 상해정도,피해운전자 차종,피해운전자 성별,피해운전자 연령,피해운전자 상해정도
791,2018012900100314,2018년 1월 29일 15시,월요일,서울특별시 양천구 목동,경상사고,0,0,1,0,차대사람 - 기타,안전운전불이행,포장 - 건조,맑음,단일로 - 기타,승용,남,57세,상해없음,보행자,여,40세,경상
792,2018012900100346,2018년 1월 29일 16시,월요일,서울특별시 서초구 방배동,경상사고,0,0,1,0,차대사람 - 보도통행중,기타,포장 - 건조,맑음,기타 - 기타,이륜,남,18세,상해없음,보행자,여,27세,경상
793,2018012900100368,2018년 1월 29일 17시,월요일,서울특별시 중구 광희동1가,부상신고사고,0,0,0,1,차대사람 - 횡단중,보행자보호의무위반,포장 - 건조,맑음,교차로 - 교차로횡단보도내,승합,남,40세,상해없음,보행자,남,31세,부상신고
794,2018012900100369,2018년 1월 29일 17시,월요일,서울특별시 동대문구 답십리동,경상사고,0,0,1,0,차대사람 - 길가장자리구역통행중,안전운전불이행,포장 - 건조,맑음,단일로 - 기타,승용,남,51세,상해없음,보행자,여,79세,경상
795,2018012900100370,2018년 1월 29일 17시,월요일,서울특별시 중랑구 중화동,중상사고,0,1,1,0,차대사람 - 횡단중,신호위반,포장 - 건조,맑음,단일로 - 기타,원동기,남,25세,상해없음,보행자,남,5세,중상
796,2018012900100371,2018년 1월 29일 17시,월요일,서울특별시 노원구 월계동,중상사고,0,1,0,0,차대사람 - 횡단중,안전운전불이행,포장 - 건조,맑음,교차로 - 교차로안,승용,남,75세,상해없음,보행자,여,41세,중상
797,2018012900100392,2018년 1월 29일 18시,월요일,서울특별시 성북구 보문동7가,중상사고,0,1,0,0,차대사람 - 횡단중,신호위반,포장 - 건조,맑음,교차로 - 교차로횡단보도내,승용,남,56세,상해없음,보행자,여,28세,중상
798,2018012900100394,2018년 1월 29일 18시,월요일,서울특별시 도봉구 창동,경상사고,0,0,1,0,차대사람 - 횡단중,안전운전불이행,포장 - 건조,맑음,단일로 - 기타,승용,남,72세,상해없음,보행자,남,57세,경상
799,2018012900100437,2018년 1월 29일 19시,월요일,서울특별시 강동구 암사동,경상사고,0,0,1,0,차대사람 - 기타,기타,포장 - 건조,맑음,단일로 - 기타,승용,남,50세,상해없음,보행자,여,52세,경상
800,2018012900100492,2018년 1월 29일 21시,월요일,서울특별시 중구 중림동,중상사고,0,1,0,0,차대사람 - 횡단중,보행자보호의무위반,포장 - 건조,맑음,단일로 - 기타,승용,남,43세,상해없음,보행자,남,65세,중상
801,2018012900100511,2018년 1월 29일 22시,월요일,서울특별시 은평구 구산동,중상사고,0,1,0,0,차대사람 - 기타,안전운전불이행,포장 - 건조,맑음,단일로 - 기타,승용,여,49세,상해없음,보행자,여,28세,중상
802,2018012900100530,2018년 1월 29일 23시,월요일,서울특별시 강북구 미아동,부상신고사고,0,0,0,1,차대사람 - 횡단중,안전운전불이행,포장 - 건조,흐림,단일로 - 기타,승용,남,61세,상해없음,보행자,남,44세,부상신고
803,2018013000100060,2018년 1월 30일 06시,화요일,서울특별시 광진구 화양동,중상사고,0,1,0,0,차대사람 - 횡단중,안전운전불이행,포장 - 건조,맑음,단일로 - 기타,승용,남,59세,상해없음,보행자,여,67세,중상
804,2018013000100061,2018년 1월 30일 06시,화요일,서울특별시 관악구 봉천동,중상사고,0,1,0,0,차대사람 - 횡단중,신호위반,포장 - 건조,맑음,단일로 - 기타,승용,남,45세,상해없음,보행자,여,39세,중상
805,2018013000100062,2018년 1월 30일 06시,화요일,서울특별시 관악구 봉천동,중상사고,0,1,0,0,차대사람 - 횡단중,신호위반,포장 - 건조,맑음,단일로 - 기타,승용,남,55세,상해없음,보행자,여,31세,중상
806,2018013000100064,2018년 1월 30일 06시,화요일,서울특별시 구로구 오류동,경상사고,0,0,1,0,차대사람 - 횡단중,보행자보호의무위반,포장 - 건조,맑음,기타 - 기타,승용,남,61세,상해없음,보행자,여,61세,경상
807,2018013000100111,2018년 1월 30일 08시,화요일,서울특별시 송파구 가락동,중상사고,0,1,0,0,차대사람 - 횡단중,안전운전불이행,포장 - 건조,맑음,교차로 - 교차로안,승용,남,53세,상해없음,보행자,여,13세,중상
808,2018013000100151,2018년 1월 30일 09시,화요일,서울특별시 영등포구 당산동2가,중상사고,0,1,0,0,차대사람 - 횡단중,안전운전불이행,포장 - 건조,맑음,교차로 - 교차로안,화물,남,52세,상해없음,보행자,여,48세,중상
809,2018013000100152,2018년 1월 30일 09시,화요일,서울특별시 송파구 풍납동,중상사고,0,1,0,0,차대사람 - 기타,안전운전불이행,포장 - 건조,맑음,교차로 - 교차로안,승용,여,33세,상해없음,보행자,여,78세,중상
810,2018013000100171,2018년 1월 30일 10시,화요일,서울특별시 송파구 석촌동,중상사고,0,1,0,0,차대사람 - 횡단중,안전운전불이행,포장 - 건조,맑음,단일로 - 기타,승용,남,53세,상해없음,보행자,여,36세,중상
811,2018013000100260,2018년 1월 30일 13시,화요일,서울특별시 강남구 신사동,중상사고,0,1,0,0,차대사람 - 기타,안전운전불이행,포장 - 기타,기타,단일로 - 기타,화물,남,36세,기타불명,보행자,여,31세,중상
812,2018013000100261,2018년 1월 30일 13시,화요일,서울특별시 강남구 논현동,중상사고,0,1,0,0,차대사람 - 길가장자리구역통행중,안전운전불이행,포장 - 건조,맑음,단일로 - 기타,승용,남,26세,상해없음,보행자,여,25세,중상
813,2018013000100293,2018년 1월 30일 14시,화요일,서울특별시 성동구 마장동,경상사고,0,0,1,0,차대사람 - 기타,안전운전불이행,포장 - 건조,맑음,기타 - 기타,승용,여,55세,상해없음,보행자,여,48세,경상
814,2018013000100298,2018년 1월 30일 14시,화요일,서울특별시 노원구 상계동,경상사고,0,0,1,0,차대사람 - 차도통행중,안전운전불이행,포장 - 건조,흐림,교차로 - 교차로안,승용,여,35세,상해없음,보행자,남,10세,경상
815,2018013000100299,2018년 1월 30일 14시,화요일,서울특별시 노원구 중계동,경상사고,0,0,1,0,차대사람 - 차도통행중,안전운전불이행,포장 - 젖음/습기,흐림,교차로 - 교차로안,화물,남,74세,상해없음,보행자,남,9세,경상
816,2018013000100323,2018년 1월 30일 15시,화요일,서울특별시 은평구 증산동,중상사고,0,1,0,0,차대사람 - 횡단중,안전운전불이행,포장 - 건조,맑음,단일로 - 기타,승용,여,29세,상해없음,보행자,여,70세,중상
817,2018013000100325,2018년 1월 30일 15시,화요일,서울특별시 양천구 신월동,중상사고,0,1,0,0,차대사람 - 횡단중,보행자보호의무위반,포장 - 기타,눈,교차로 - 교차로횡단보도내,화물,남,47세,상해없음,보행자,남,45세,중상
818,2018013000100353,2018년 1월 30일 16시,화요일,서울특별시 강북구 번동,경상사고,0,0,1,0,차대사람 - 횡단중,보행자보호의무위반,포장 - 젖음/습기,눈,교차로 - 교차로횡단보도내,화물,남,50세,상해없음,보행자,남,9세,경상
819,2018013000100355,2018년 1월 30일 16시,화요일,서울특별시 중랑구 면목동,경상사고,0,0,1,0,차대사람 - 차도통행중,안전운전불이행,포장 - 적설,눈,교차로 - 교차로부근,승용,남,68세,상해없음,보행자,여,31세,경상
820,2018013000100393,2018년 1월 30일 17시,화요일,서울특별시 노원구 중계동,중상사고,0,1,0,0,차대사람 - 횡단중,신호위반,포장 - 적설,눈,교차로 - 교차로안,승용,여,49세,상해없음,보행자,여,36세,중상
821,2018013000100430,2018년 1월 30일 18시,화요일,서울특별시 광진구 중곡동,경상사고,0,0,1,0,차대사람 - 길가장자리구역통행중,안전운전불이행,포장 - 적설,눈,단일로 - 기타,승용,남,36세,상해없음,보행자,남,57세,경상
822,2018013000100492,2018년 1월 30일 19시,화요일,서울특별시 동작구 신대방동,경상사고,0,0,2,0,차대사람 - 보도통행중,신호위반,포장 - 젖음/습기,눈,교차로 - 교차로횡단보도내,승용,여,39세,상해없음,보행자,여,22세,경상
823,2018013000100493,2018년 1월 30일 19시,화요일,서울특별시 중랑구 신내동,중상사고,0,1,0,0,차대사람 - 횡단중,신호위반,포장 - 적설,눈,교차로 - 교차로안,승용,남,56세,상해없음,보행자,여,44세,중상
824,2018013000100496,2018년 1월 30일 19시,화요일,서울특별시 관악구 봉천동,경상사고,0,0,1,0,차대사람 - 횡단중,보행자보호의무위반,포장 - 적설,눈,교차로 - 교차로횡단보도내,승용,남,69세,상해없음,보행자,여,60세,경상
825,2018013000100540,2018년 1월 30일 20시,화요일,서울특별시 양천구 목동,중상사고,0,1,0,0,차대사람 - 횡단중,신호위반,포장 - 건조,맑음,단일로 - 기타,승용,남,74세,상해없음,보행자,여,40세,중상
826,2018013000100570,2018년 1월 30일 21시,화요일,서울특별시 강북구 우이동,경상사고,0,0,1,0,차대사람 - 횡단중,신호위반,포장 - 젖음/습기,눈,교차로 - 교차로부근,승용,남,22세,상해없음,보행자,남,50세,경상
827,2018013000100573,2018년 1월 30일 21시,화요일,서울특별시 강남구 청담동,경상사고,0,0,1,0,차대사람 - 횡단중,안전운전불이행,포장 - 서리/결빙,눈,단일로 - 기타,승용,남,46세,상해없음,보행자,여,29세,경상
828,2018013000100603,2018년 1월 30일 22시,화요일,서울특별시 용산구 한강로1가,중상사고,0,1,0,0,차대사람 - 횡단중,안전운전불이행,포장 - 젖음/습기,흐림,단일로 - 기타,승용,남,29세,상해없음,보행자,여,50세,중상
829,2018013000100605,2018년 1월 30일 22시,화요일,서울특별시 송파구 잠실동,중상사고,0,1,0,0,차대사람 - 횡단중,신호위반,포장 - 적설,눈,단일로 - 기타,승용,여,55세,상해없음,보행자,여,36세,중상
830,2018013000100627,2018년 1월 30일 23시,화요일,서울특별시 성북구 장위동,경상사고,0,0,1,0,차대사람 - 횡단중,신호위반,포장 - 젖음/습기,흐림,교차로 - 교차로안,승용,남,47세,상해없음,보행자,남,62세,경상
831,2018013100100003,2018년 1월 31일 00시,수요일,서울특별시 서초구 양재동,경상사고,0,0,1,0,차대사람 - 기타,안전운전불이행,포장 - 건조,맑음,교차로 - 교차로횡단보도내,승용,남,35세,상해없음,보행자,남,25세,경상
832,2018013100100053,2018년 1월 31일 05시,수요일,서울특별시 강북구 수유동,중상사고,0,1,0,0,차대사람 - 횡단중,신호위반,포장 - 서리/결빙,흐림,단일로 - 기타,승용,여,25세,상해없음,보행자,남,48세,중상
833,2018013100100065,2018년 1월 31일 06시,수요일,서울특별시 금천구 독산동,중상사고,0,1,0,0,차대사람 - 기타,안전운전불이행,포장 - 건조,맑음,교차로 - 교차로안,승용,여,44세,상해없음,보행자,여,72세,중상
834,2018013100100084,2018년 1월 31일 07시,수요일,서울특별시 서초구 서초동,경상사고,0,0,1,0,차대사람 - 기타,안전운전불이행,포장 - 건조,맑음,단일로 - 기타,승용,남,39세,상해없음,보행자,남,26세,경상
835,2018013100100116,2018년 1월 31일 08시,수요일,서울특별시 종로구 인의동,경상사고,0,0,1,0,차대사람 - 길가장자리구역통행중,안전운전불이행,포장 - 서리/결빙,맑음,단일로 - 기타,승용,남,70세,상해없음,보행자,여,21세,경상
836,2018013100100118,2018년 1월 31일 08시,수요일,서울특별시 동대문구 휘경동,경상사고,0,0,1,0,차대사람 - 기타,안전운전불이행,포장 - 건조,맑음,단일로 - 기타,승용,여,36세,상해없음,보행자,남,56세,경상
837,2018013100100121,2018년 1월 31일 08시,수요일,서울특별시 동대문구 장안동,경상사고,0,0,1,0,차대사람 - 횡단중,신호위반,포장 - 젖음/습기,흐림,교차로 - 교차로안,승용,남,68세,상해없음,보행자,여,29세,경상
838,2018013100100125,2018년 1월 31일 08시,수요일,서울특별시 관악구 신림동,중상사고,0,1,0,0,차대사람 - 횡단중,안전운전불이행,포장 - 젖음/습기,맑음,단일로 - 기타,화물,남,57세,상해없음,보행자,여,71세,중상
839,2018013100100127,2018년 1월 31일 08시,수요일,서울특별시 성북구 석관동,중상사고,0,1,1,0,차대사람 - 차도통행중,안전운전불이행,포장 - 서리/결빙,맑음,단일로 - 기타,화물,남,42세,상해없음,보행자,여,82세,중상
840,2018013100100166,2018년 1월 31일 09시,수요일,서울특별시 성북구 길음동,중상사고,0,1,0,0,차대사람 - 기타,안전운전불이행,포장 - 건조,맑음,기타 - 기타,기타불명,남,44세,상해없음,보행자,여,16세,중상
841,2018013100100201,2018년 1월 31일 10시,수요일,서울특별시 영등포구 양평동6가,중상사고,0,1,0,0,차대사람 - 횡단중,보행자보호의무위반,포장 - 건조,맑음,단일로 - 기타,승용,여,59세,상해없음,보행자,남,80세,중상
842,2018013100100203,2018년 1월 31일 10시,수요일,서울특별시 구로구 천왕동,경상사고,0,0,1,0,차대사람 - 기타,안전운전불이행,포장 - 건조,맑음,단일로 - 기타,기타불명,기타불명,미분류,기타불명,보행자,남,41세,경상
843,2018013100100221,2018년 1월 31일 11시,수요일,서울특별시 동대문구 장안동,중상사고,0,1,0,0,차대사람 - 길가장자리구역통행중,안전운전불이행,포장 - 젖음/습기,맑음,교차로 - 교차로안,화물,남,51세,상해없음,보행자,남,64세,중상
844,2018013100100224,2018년 1월 31일 11시,수요일,서울특별시 양천구 목동,경상사고,0,0,1,0,차대사람 - 길가장자리구역통행중,안전운전불이행,포장 - 건조,맑음,단일로 - 기타,화물,남,39세,상해없음,보행자,남,53세,경상
845,2018013100100272,2018년 1월 31일 13시,수요일,서울특별시 강북구 미아동,중상사고,0,1,0,0,차대사람 - 횡단중,보행자보호의무위반,포장 - 건조,맑음,단일로 - 기타,승합,남,53세,상해없음,보행자,여,45세,중상
846,2018013100100296,2018년 1월 31일 14시,수요일,서울특별시 영등포구 신길동,중상사고,0,1,0,0,차대사람 - 보도통행중,보행자보호의무위반,포장 - 건조,맑음,단일로 - 기타,승용,남,37세,상해없음,보행자,여,90세 이상,중상
847,2018013100100297,2018년 1월 31일 14시,수요일,서울특별시 영등포구 양평동4가,중상사고,0,1,0,0,차대사람 - 보도통행중,기타,포장 - 건조,맑음,기타 - 기타,승용,여,32세,상해없음,보행자,여,62세,중상
848,2018013100100301,2018년 1월 31일 14시,수요일,서울특별시 은평구 불광동,중상사고,0,1,0,0,차대사람 - 기타,안전운전불이행,포장 - 건조,맑음,교차로 - 교차로부근,화물,남,22세,상해없음,보행자,남,85세,중상
849,2018013100100316,2018년 1월 31일 15시,수요일,서울특별시 양천구 신월동,경상사고,0,0,1,0,차대사람 - 길가장자리구역통행중,안전운전불이행,포장 - 건조,맑음,단일로 - 기타,이륜,남,52세,기타불명,보행자,여,48세,경상
850,2018013100100317,2018년 1월 31일 15시,수요일,서울특별시 도봉구 창동,경상사고,0,0,1,0,차대사람 - 횡단중,보행자보호의무위반,포장 - 건조,맑음,교차로 - 교차로횡단보도내,화물,남,36세,상해없음,보행자,여,66세,경상
851,2018013100100343,2018년 1월 31일 16시,수요일,서울특별시 관악구 신림동,경상사고,0,0,1,0,차대사람 - 차도통행중,신호위반,포장 - 건조,맑음,교차로 - 교차로안,승용,여,46세,상해없음,보행자,남,67세,경상
852,2018013100100403,2018년 1월 31일 18시,수요일,서울특별시 금천구 독산동,경상사고,0,0,1,0,차대사람 - 기타,안전운전불이행,포장 - 건조,맑음,단일로 - 기타,승용,남,67세,상해없음,보행자,남,68세,경상
853,2018013100100404,2018년 1월 31일 18시,수요일,서울특별시 동작구 사당동,중상사고,0,2,0,0,차대사람 - 횡단중,보행자보호의무위반,포장 - 건조,맑음,교차로 - 교차로횡단보도내,승용,남,39세,상해없음,보행자,여,72세,중상
854,2018013100100405,2018년 1월 31일 18시,수요일,서울특별시 중랑구 신내동,경상사고,0,0,2,0,차대사람 - 차도통행중,안전운전불이행,포장 - 건조,맑음,교차로 - 교차로안,승용,남,37세,상해없음,보행자,여,30세,경상
855,2018013100100462,2018년 1월 31일 19시,수요일,서울특별시 송파구 잠실동,중상사고,0,1,0,0,차대사람 - 차도통행중,안전운전불이행,포장 - 건조,맑음,단일로 - 기타,승용,남,27세,상해없음,보행자,남,44세,중상
856,2018013100100466,2018년 1월 31일 19시,수요일,서울특별시 강남구 대치동,경상사고,0,0,1,0,차대사람 - 횡단중,보행자보호의무위반,포장 - 건조,맑음,교차로 - 교차로횡단보도내,화물,남,37세,상해없음,보행자,남,27세,경상
857,2018013100100508,2018년 1월 31일 20시,수요일,서울특별시 강북구 번동,중상사고,0,1,0,0,차대사람 - 차도통행중,신호위반,포장 - 건조,맑음,교차로 - 교차로안,승용,남,64세,상해없음,보행자,여,62세,중상
858,2018013100100510,2018년 1월 31일 20시,수요일,서울특별시 강남구 압구정동,경상사고,0,0,1,0,차대사람 - 기타,안전운전불이행,포장 - 기타,기타,단일로 - 기타,승용,여,45세,상해없음,보행자,남,24세,경상
859,2018013100100533,2018년 1월 31일 21시,수요일,서울특별시 중구 남창동,경상사고,0,0,1,0,차대사람 - 길가장자리구역통행중,안전운전불이행,포장 - 건조,맑음,단일로 - 기타,승용,남,62세,상해없음,보행자,남,49세,경상
860,2018013100100535,2018년 1월 31일 21시,수요일,서울특별시 동대문구 용두동,중상사고,0,1,0,0,차대사람 - 횡단중,보행자보호의무위반,포장 - 건조,맑음,기타 - 기타,승용,남,45세,상해없음,보행자,여,35세,중상
861,2018013100100536,2018년 1월 31일 21시,수요일,서울특별시 중랑구 상봉동,경상사고,0,0,1,0,차대사람 - 횡단중,보행자보호의무위반,포장 - 건조,맑음,교차로 - 교차로안,화물,남,56세,상해없음,보행자,남,64세,경상
862,2018013100100537,2018년 1월 31일 21시,수요일,서울특별시 중랑구 망우동,경상사고,0,0,1,0,차대사람 - 차도통행중,안전운전불이행,포장 - 건조,맑음,교차로 - 교차로안,기타불명,기타불명,미분류,기타불명,보행자,남,29세,경상
863,2018013100100539,2018년 1월 31일 21시,수요일,서울특별시 노원구 중계동,중상사고,0,1,0,0,차대사람 - 차도통행중,안전운전불이행,포장 - 건조,맑음,단일로 - 기타,이륜,남,18세,상해없음,보행자,여,51세,중상
864,2018013100100584,2018년 1월 31일 23시,수요일,서울특별시 구로구 구로동,경상사고,0,0,1,0,차대사람 - 차도통행중,안전운전불이행,포장 - 건조,맑음,단일로 - 기타,승용,남,27세,상해없음,보행자,남,43세,경상
865,2018020100100001,2018년 2월 1일 00시,목요일,서울특별시 중구 남대문로4가,부상신고사고,0,0,0,1,차대사람 - 횡단중,안전운전불이행,포장 - 건조,맑음,교차로 - 교차로부근,승용,남,58세,상해없음,보행자,남,34세,부상신고
866,2018020100100035,2018년 2월 1일 02시,목요일,서울특별시 동대문구 장안동,중상사고,0,1,0,0,차대사람 - 기타,신호위반,포장 - 건조,맑음,교차로 - 교차로안,승합,남,66세,상해없음,보행자,남,54세,중상
867,2018020100100041,2018년 2월 1일 03시,목요일,서울특별시 중구 신당동,경상사고,0,0,1,0,차대사람 - 횡단중,안전운전불이행,포장 - 건조,맑음,단일로 - 기타,승용,남,65세,상해없음,보행자,남,20세,경상
868,2018020100100042,2018년 2월 1일 03시,목요일,서울특별시 성북구 보문동1가,경상사고,0,0,1,0,차대사람 - 횡단중,보행자보호의무위반,포장 - 건조,맑음,교차로 - 교차로횡단보도내,화물,남,72세,상해없음,보행자,남,25세,경상
869,2018020100100060,2018년 2월 1일 05시,목요일,서울특별시 송파구 신천동,중상사고,0,1,0,0,차대사람 - 차도통행중,안전운전불이행,포장 - 건조,맑음,단일로 - 기타,화물,남,43세,상해없음,보행자,남,63세,중상
870,2018020100100082,2018년 2월 1일 07시,목요일,서울특별시 은평구 녹번동,경상사고,0,0,1,0,차대사람 - 기타,기타,포장 - 건조,맑음,단일로 - 기타,승합,남,70세,상해없음,보행자,여,37세,경상
871,2018020100100109,2018년 2월 1일 08시,목요일,서울특별시 서대문구 홍제동,중상사고,0,1,0,0,차대사람 - 기타,기타,포장 - 건조,맑음,단일로 - 기타,승용,남,60세,상해없음,보행자,여,73세,중상
872,2018020100100120,2018년 2월 1일 08시,목요일,서울특별시 양천구 신정동,경상사고,0,0,1,0,차대사람 - 기타,안전운전불이행,포장 - 서리/결빙,맑음,단일로 - 기타,승용,남,38세,상해없음,보행자,남,13세,경상
873,2018020100100153,2018년 2월 1일 09시,목요일,서울특별시 중랑구 면목동,경상사고,0,0,1,0,차대사람 - 기타,안전운전불이행,포장 - 건조,맑음,단일로 - 기타,승용,여,39세,상해없음,보행자,여,45세,경상
874,2018020100100155,2018년 2월 1일 09시,목요일,서울특별시 구로구 고척동,경상사고,0,0,1,0,차대사람 - 횡단중,신호위반,포장 - 건조,맑음,교차로 - 교차로횡단보도내,승합,남,65세,상해없음,보행자,여,46세,경상
875,2018020100100156,2018년 2월 1일 09시,목요일,서울특별시 노원구 중계동,중상사고,0,1,0,0,차대사람 - 길가장자리구역통행중,안전운전불이행,포장 - 건조,맑음,단일로 - 기타,승용,여,60세,상해없음,보행자,여,66세,중상
876,2018020100100158,2018년 2월 1일 09시,목요일,서울특별시 강남구 도곡동,중상사고,0,1,0,0,차대사람 - 보도통행중,기타,포장 - 건조,맑음,단일로 - 기타,승용,여,38세,상해없음,보행자,여,58세,중상
877,2018020100100227,2018년 2월 1일 11시,목요일,서울특별시 종로구 수송동,중상사고,0,1,0,0,차대사람 - 횡단중,보행자보호의무위반,포장 - 젖음/습기,맑음,교차로 - 교차로횡단보도내,승용,남,67세,상해없음,보행자,여,22세,중상
878,2018020100100230,2018년 2월 1일 11시,목요일,서울특별시 구로구 오류동,부상신고사고,0,0,0,1,차대사람 - 차도통행중,안전운전불이행,포장 - 건조,맑음,단일로 - 기타,승용,남,74세,상해없음,보행자,남,84세,부상신고
879,2018020100100294,2018년 2월 1일 13시,목요일,서울특별시 동작구 신대방동,중상사고,0,1,0,0,차대사람 - 기타,안전운전불이행,포장 - 건조,맑음,단일로 - 기타,화물,남,52세,기타불명,보행자,여,58세,중상
880,2018020100100301,2018년 2월 1일 13시,목요일,서울특별시 강남구 개포동,경상사고,0,0,1,0,차대사람 - 길가장자리구역통행중,안전운전불이행,포장 - 건조,맑음,단일로 - 기타,승용,여,67세,상해없음,보행자,남,50세,경상
881,2018020100100330,2018년 2월 1일 14시,목요일,서울특별시 용산구 보광동,경상사고,0,0,1,0,차대사람 - 기타,안전운전불이행,포장 - 건조,맑음,단일로 - 기타,기타불명,기타불명,미분류,기타불명,보행자,여,65세,경상
882,2018020100100336,2018년 2월 1일 14시,목요일,서울특별시 양천구 목동,중상사고,0,1,0,0,차대사람 - 횡단중,보행자보호의무위반,포장 - 건조,맑음,기타 - 기타,승용,여,38세,상해없음,보행자,여,71세,중상
883,2018020100100359,2018년 2월 1일 15시,목요일,서울특별시 영등포구 문래동6가,경상사고,0,0,1,0,차대사람 - 횡단중,보행자보호의무위반,포장 - 건조,맑음,교차로 - 교차로횡단보도내,화물,남,37세,상해없음,보행자,여,41세,경상
884,2018020100100361,2018년 2월 1일 15시,목요일,서울특별시 송파구 거여동,중상사고,0,1,0,0,차대사람 - 길가장자리구역통행중,안전운전불이행,포장 - 건조,맑음,단일로 - 기타,승용,남,64세,상해없음,보행자,여,70세,중상
885,2018020100100363,2018년 2월 1일 15시,목요일,서울특별시 도봉구 창동,경상사고,0,0,1,0,차대사람 - 횡단중,보행자보호의무위반,포장 - 건조,맑음,교차로 - 교차로안,승용,남,72세,상해없음,보행자,남,12세,경상
886,2018020100100390,2018년 2월 1일 16시,목요일,서울특별시 영등포구 대림동,경상사고,0,0,1,0,차대사람 - 차도통행중,안전운전불이행,포장 - 건조,맑음,단일로 - 기타,승용,남,48세,상해없음,보행자,남,57세,경상
887,2018020100100392,2018년 2월 1일 16시,목요일,서울특별시 송파구 석촌동,중상사고,0,1,0,0,차대사람 - 차도통행중,안전운전불이행,포장 - 건조,맑음,교차로 - 교차로안,승용,여,42세,상해없음,보행자,여,51세,중상
888,2018020100100393,2018년 2월 1일 16시,목요일,서울특별시 구로구 구로동,경상사고,0,0,1,0,차대사람 - 횡단중,신호위반,포장 - 건조,맑음,교차로 - 교차로횡단보도내,자전거,남,67세,상해없음,보행자,여,66세,경상
889,2018020100100427,2018년 2월 1일 17시,목요일,서울특별시 은평구 불광동,경상사고,0,0,1,0,차대사람 - 횡단중,안전운전불이행,포장 - 건조,맑음,교차로 - 교차로안,기타불명,기타불명,미분류,기타불명,보행자,여,17세,경상
890,2018020100100457,2018년 2월 1일 18시,목요일,서울특별시 강남구 논현동,중상사고,0,1,1,0,차대사람 - 횡단중,안전운전불이행,포장 - 건조,맑음,교차로 - 교차로부근,승용,남,66세,상해없음,보행자,남,48세,중상
891,2018020100100515,2018년 2월 1일 19시,목요일,서울특별시 동작구 노량진동,중상사고,0,1,0,0,차대사람 - 기타,안전운전불이행,포장 - 건조,맑음,단일로 - 기타,원동기,여,63세,상해없음,보행자,여,65세,중상
892,2018020100100517,2018년 2월 1일 19시,목요일,서울특별시 관악구 봉천동,경상사고,0,0,1,0,차대사람 - 횡단중,보행자보호의무위반,포장 - 건조,맑음,교차로 - 교차로부근,승용,남,33세,상해없음,보행자,남,45세,경상
893,2018020100100518,2018년 2월 1일 19시,목요일,서울특별시 강동구 암사동,중상사고,0,1,0,0,차대사람 - 기타,안전운전불이행,포장 - 건조,맑음,단일로 - 기타,승합,남,62세,상해없음,보행자,여,29세,중상
894,2018020100100520,2018년 2월 1일 19시,목요일,서울특별시 노원구 상계동,부상신고사고,0,0,0,1,차대사람 - 보도통행중,안전운전불이행,포장 - 건조,맑음,기타 - 기타,기타불명,기타불명,미분류,기타불명,보행자,여,38세,부상신고
895,2018020100100521,2018년 2월 1일 19시,목요일,서울특별시 강남구 대치동,부상신고사고,0,0,0,1,차대사람 - 횡단중,안전운전불이행,포장 - 건조,맑음,단일로 - 기타,승용,남,24세,상해없음,보행자,남,20세,부상신고
896,2018020100100566,2018년 2월 1일 20시,목요일,서울특별시 강서구 등촌동,경상사고,0,0,1,0,차대사람 - 횡단중,보행자보호의무위반,포장 - 건조,맑음,교차로 - 교차로횡단보도내,승용,여,41세,상해없음,보행자,여,52세,경상
897,2018020100100601,2018년 2월 1일 21시,목요일,서울특별시 성북구 하월곡동,경상사고,0,0,1,0,차대사람 - 차도통행중,안전운전불이행,포장 - 건조,맑음,기타 - 기타,승용,남,38세,상해없음,보행자,여,17세,경상
898,2018020100100626,2018년 2월 1일 22시,목요일,서울특별시 성동구 행당동,중상사고,0,1,0,0,차대사람 - 횡단중,보행자보호의무위반,포장 - 건조,맑음,단일로 - 기타,승용,남,33세,상해없음,보행자,여,53세,중상
899,2018020100100629,2018년 2월 1일 22시,목요일,서울특별시 강동구 암사동,부상신고사고,0,0,0,1,차대사람 - 차도통행중,안전운전불이행,포장 - 건조,흐림,단일로 - 기타,자전거,남,57세,상해없음,보행자,남,45세,부상신고
900,2018020100100631,2018년 2월 1일 22시,목요일,서울특별시 구로구 오류동,경상사고,0,0,1,0,차대사람 - 횡단중,안전운전불이행,포장 - 건조,맑음,교차로 - 교차로횡단보도내,승용,남,43세,상해없음,보행자,남,56세,경상
901,2018020100100632,2018년 2월 1일 22시,목요일,서울특별시 양천구 목동,중상사고,0,1,0,0,차대사람 - 횡단중,안전운전불이행,포장 - 건조,맑음,단일로 - 기타,승용,남,52세,상해없음,보행자,여,27세,중상
902,2018020100100664,2018년 2월 1일 23시,목요일,서울특별시 중구 회현동1가,중상사고,0,1,0,0,차대사람 - 기타,안전운전불이행,포장 - 건조,맑음,단일로 - 기타,승용,남,45세,상해없음,보행자,여,25세,중상
903,2018020200100004,2018년 2월 2일 00시,금요일,서울특별시 송파구 오금동,경상사고,0,0,1,0,차대사람 - 횡단중,신호위반,포장 - 건조,맑음,교차로 - 교차로부근,승용,남,43세,상해없음,보행자,남,19세,경상