,사고번호,사고일시,요일,시군구,사고내용,사망자수,중상자수,경상자수,부상신고자수,사고유형,법규위반,노면상태,기상상태,도로형태,가해운전자 차종,가해운전자 성별,가해운전자 연령,가해운전자 상해정도,피해운전자 차종,피해운전자 성별,피해운전자 연령,피해운전자 상해정도
904,2018020200100022,2018년 2월 2일 01시,금요일,서울특별시 서초구 서초동,부상신고사고,0,0,0,1,차대사람 - 기타,안전운전불이행,포장 - 건조,기타,교차로 - 교차로부근,기타불명,기타불명,미분류,기타불명,보행자,여,55세,부상신고
905,2018020200100033,2018년 2월 2일 02시,금요일,서울특별시 마포구 연남동,중상사고,0,1,0,0,차대사람 - 횡단중,안전운전불이행,포장 - 건조,맑음,단일로 - 기타,승용,남,70세,상해없음,보행자,남,41세,중상
906,2018020200100034,2018년 2월 2일 02시,금요일,서울특별시 마포구 성산동,경상사고,0,0,1,0,차대사람 - 기타,안전운전불이행,포장 - 건조,맑음,단일로 - 기타,기타불명,기타불명,미분류,기타불명,보행자,남,58세,경상
907,2018020200100035,2018년 2월 2일 02시,금요일,서울특별시 성동구 마장동,중상사고,0,1,0,0,차대사람 - 기타,안전운전불이행,포장 - 기타,맑음,단일로 - 기타,승용,남,59세,상해없음,보행자,남,49세,중상
908,2018020200100036,2018년 2월 2일 02시,금요일,서울특별시 성동구 행당동,경상사고,0,0,1,0,차대사람 - 횡단중,안전운전불이행,포장 - 건조,맑음,단일로 - 기타,승용,남,59세,상해없음,보행자,남,41세,경상
909,2018020200100045,2018년 2월 2일 03시,금요일,서울특별시 도봉구 도봉동,경상사고,0,0,1,0,차대사람 - 횡단중,안전운전불이행,포장 - 건조,맑음,교차로 - 교차로안,승용,남,23세,상해없음,보행자,남,28세,경상
910,2018020200100066,2018년 2월 2일 06시,금요일,서울특별시 강남구 도곡동,중상사고,0,1,0,0,차대사람 - 횡단중,안전운전불이행,포장 - 건조,맑음,단일로 - 기타,승용,남,41세,상해없음,보행자,여,60세,중상
911,2018020200100076,2018년 2월 2일 07시,금요일,서울특별시 금천구 시흥동,경상사고,0,0,1,0,차대사람 - 기타,안전운전불이행,포장 - 건조,맑음,단일로 - 기타,승용,남,26세,상해없음,보행자,여,58세,경상
912,2018020200100078,2018년 2월 2일 07시,금요일,서울특별시 송파구 가락동,경상사고,0,0,1,0,차대사람 - 횡단중,안전운전불이행,포장 - 건조,맑음,단일로 - 기타,승용,남,55세,상해없음,보행자,남,16세,경상
913,2018020200100110,2018년 2월 2일 08시,금요일,서울특별시 동작구 신대방동,경상사고,0,0,1,0,차대사람 - 횡단중,신호위반,포장 - 건조,흐림,교차로 - 교차로안,화물,남,57세,상해없음,보행자,남,14세,경상
914,2018020200100114,2018년 2월 2일 08시,금요일,서울특별시 양천구 신정동,중상사고,0,1,0,0,차대사람 - 기타,안전운전불이행,포장 - 건조,맑음,단일로 - 기타,승용,남,35세,상해없음,보행자,남,60세,중상
915,2018020200100116,2018년 2월 2일 08시,금요일,서울특별시 양천구 신정동,경상사고,0,0,1,0,차대사람 - 보도통행중,신호위반,포장 - 건조,맑음,교차로 - 교차로횡단보도내,승용,남,69세,기타불명,보행자,남,70세,경상
916,2018020200100119,2018년 2월 2일 08시,금요일,서울특별시 강남구 역삼동,중상사고,0,1,0,0,차대사람 - 기타,안전운전불이행,포장 - 건조,맑음,단일로 - 기타,승용,남,64세,상해없음,보행자,남,36세,중상
917,2018020200100159,2018년 2월 2일 09시,금요일,서울특별시 용산구 원효로1가,중상사고,0,1,0,0,차대사람 - 차도통행중,안전운전불이행,포장 - 건조,맑음,교차로 - 교차로안,승용,남,35세,상해없음,보행자,남,40세,중상
918,2018020200100161,2018년 2월 2일 09시,금요일,서울특별시 마포구 합정동,중상사고,0,1,0,0,차대사람 - 횡단중,보행자보호의무위반,포장 - 건조,맑음,단일로 - 기타,건설기계,남,67세,상해없음,보행자,여,50세,중상
919,2018020200100193,2018년 2월 2일 10시,금요일,서울특별시 종로구 화동,경상사고,0,0,1,0,차대사람 - 차도통행중,안전운전불이행,포장 - 건조,맑음,단일로 - 지하차도(도로)내,자전거,여,38세,상해없음,보행자,남,48세,경상
920,2018020200100197,2018년 2월 2일 10시,금요일,서울특별시 도봉구 쌍문동,경상사고,0,0,1,0,차대사람 - 횡단중,안전운전불이행,포장 - 건조,맑음,교차로 - 교차로안,화물,남,54세,상해없음,보행자,여,72세,경상
921,2018020200100214,2018년 2월 2일 11시,금요일,서울특별시 영등포구 여의도동,경상사고,0,0,1,0,차대사람 - 기타,안전운전불이행,포장 - 건조,맑음,단일로 - 기타,승용,남,60세,상해없음,보행자,남,60세,경상
922,2018020200100215,2018년 2월 2일 11시,금요일,서울특별시 성동구 마장동,중상사고,0,1,0,0,차대사람 - 기타,보행자보호의무위반,포장 - 건조,맑음,교차로 - 교차로횡단보도내,이륜,남,25세,상해없음,보행자,여,73세,중상
923,2018020200100300,2018년 2월 2일 14시,금요일,서울특별시 성북구 정릉동,경상사고,0,0,1,0,차대사람 - 기타,안전운전불이행,포장 - 건조,맑음,단일로 - 기타,화물,남,37세,상해없음,보행자,남,86세,경상
924,2018020200100301,2018년 2월 2일 14시,금요일,서울특별시 송파구 송파동,중상사고,0,1,0,1,차대사람 - 횡단중,안전운전불이행,포장 - 건조,맑음,단일로 - 기타,원동기,남,36세,부상신고,보행자,여,20세,중상
925,2018020200100303,2018년 2월 2일 14시,금요일,서울특별시 노원구 상계동,경상사고,0,0,1,0,차대사람 - 기타,안전운전불이행,포장 - 건조,맑음,기타 - 기타,화물,남,43세,상해없음,보행자,여,84세,경상
926,2018020200100331,2018년 2월 2일 15시,금요일,서울특별시 중구 남대문로5가,중상사고,0,1,0,0,차대사람 - 기타,안전운전불이행,포장 - 건조,맑음,교차로 - 교차로부근,승합,남,42세,기타불명,보행자,남,69세,중상
927,2018020200100334,2018년 2월 2일 15시,금요일,서울특별시 동대문구 회기동,경상사고,0,0,1,0,차대사람 - 기타,보행자보호의무위반,포장 - 건조,맑음,교차로 - 교차로안,승용,남,60세,상해없음,보행자,남,9세,경상
928,2018020200100335,2018년 2월 2일 15시,금요일,서울특별시 영등포구 신길동,경상사고,0,0,1,0,차대사람 - 기타,안전운전불이행,포장 - 건조,맑음,단일로 - 기타,건설기계,남,39세,상해없음,보행자,여,72세,경상
929,2018020200100338,2018년 2월 2일 15시,금요일,서울특별시 중랑구 면목동,경상사고,0,0,1,0,차대사람 - 보도통행중,보행자보호의무위반,포장 - 건조,맑음,단일로 - 기타,승용,남,28세,상해없음,보행자,남,7세,경상
930,2018020200100339,2018년 2월 2일 15시,금요일,서울특별시 중랑구 면목동,경상사고,0,0,1,0,차대사람 - 길가장자리구역통행중,안전운전불이행,포장 - 건조,맑음,교차로 - 교차로부근,화물,남,76세,기타불명,보행자,여,23세,경상
931,2018020200100341,2018년 2월 2일 15시,금요일,서울특별시 강동구 상일동,중상사고,0,1,0,0,차대사람 - 차도통행중,안전운전불이행,포장 - 건조,맑음,기타 - 기타,승용,여,35세,상해없음,보행자,여,74세,중상
932,2018020200100342,2018년 2월 2일 15시,금요일,서울특별시 송파구 마천동,경상사고,0,0,1,0,차대사람 - 기타,기타,포장 - 건조,흐림,단일로 - 기타,기타불명,기타불명,미분류,기타불명,보행자,여,32세,경상
933,2018020200100344,2018년 2월 2일 15시,금요일,서울특별시 노원구 하계동,경상사고,0,0,1,0,차대사람 - 횡단중,안전운전불이행,포장 - 건조,맑음,기타 - 기타,승용,남,28세,상해없음,보행자,남,8세,경상
934,2018020200100347,2018년 2월 2일 15시,금요일,서울특별시 은평구 갈현동,경상사고,0,0,1,0,차대사람 - 길가장자리구역통행중,안전운전불이행,포장 - 건조,맑음,교차로 - 교차로안,기타불명,기타불명,미분류,기타불명,보행자,여,25세,경상
935,2018020200100379,2018년 2월 2일 16시,금요일,서울특별시 양천구 신정동,경상사고,0,0,1,0,차대사람 - 횡단중,보행자보호의무위반,포장 - 건조,맑음,단일로 - 기타,승합,남,27세,상해없음,보행자,남,21세,경상
936,2018020200100380,2018년 2월 2일 16시,금요일,서울특별시 강남구 역삼동,부상신고사고,0,0,0,1,차대사람 - 기타,안전운전불이행,포장 - 건조,맑음,단일로 - 기타,승용,남,63세,상해없음,보행자,남,51세,부상신고
937,2018020200100404,2018년 2월 2일 17시,금요일,서울특별시 성북구 정릉동,중상사고,0,1,0,0,차대사람 - 횡단중,안전운전불이행,포장 - 건조,맑음,단일로 - 기타,승용,남,42세,상해없음,보행자,여,83세,중상
938,2018020200100405,2018년 2월 2일 17시,금요일,서울특별시 동대문구 이문동,부상신고사고,0,0,0,1,차대사람 - 횡단중,안전운전불이행,포장 - 건조,맑음,교차로 - 교차로부근,승용,여,39세,상해없음,보행자,여,24세,부상신고
939,2018020200100410,2018년 2월 2일 17시,금요일,서울특별시 은평구 불광동,경상사고,0,0,1,0,차대사람 - 횡단중,신호위반,포장 - 건조,맑음,교차로 - 교차로횡단보도내,화물,남,59세,상해없음,보행자,남,13세,경상
940,2018020200100440,2018년 2월 2일 18시,금요일,서울특별시 성동구 마장동,경상사고,0,0,1,0,차대사람 - 기타,안전운전불이행,포장 - 건조,흐림,단일로 - 기타,화물,남,58세,상해없음,보행자,남,46세,경상
941,2018020200100441,2018년 2월 2일 18시,금요일,서울특별시 중랑구 상봉동,중상사고,0,1,0,0,차대사람 - 횡단중,안전운전불이행,포장 - 건조,맑음,단일로 - 기타,승합,남,56세,상해없음,보행자,남,53세,중상
942,2018020200100443,2018년 2월 2일 18시,금요일,서울특별시 양천구 신월동,중상사고,0,1,0,0,차대사람 - 기타,안전운전불이행,포장 - 건조,맑음,교차로 - 교차로안,승용,여,54세,상해없음,보행자,여,73세,중상
943,2018020200100494,2018년 2월 2일 19시,금요일,서울특별시 동대문구 장안동,경상사고,0,0,1,0,차대사람 - 기타,기타,포장 - 건조,맑음,단일로 - 기타,승합,남,48세,상해없음,보행자,남,55세,경상
944,2018020200100496,2018년 2월 2일 19시,금요일,서울특별시 금천구 독산동,경상사고,0,0,1,0,차대사람 - 기타,안전운전불이행,포장 - 건조,맑음,단일로 - 기타,승용,남,58세,상해없음,보행자,남,54세,경상
945,2018020200100497,2018년 2월 2일 19시,금요일,서울특별시 강남구 역삼동,경상사고,0,0,1,0,차대사람 - 기타,신호위반,포장 - 기타,맑음,기타 - 기타,승용,여,52세,상해없음,보행자,남,29세,경상
946,2018020200100500,2018년 2월 2일 19시,금요일,서울특별시 구로구 구로동,중상사고,0,1,0,0,차대사람 - 횡단중,보행자보호의무위반,포장 - 건조,맑음,교차로 - 교차로횡단보도내,화물,남,39세,상해없음,보행자,남,65세,중상
947,2018020200100529,2018년 2월 2일 20시,금요일,서울특별시 성북구 돈암동,중상사고,0,1,0,0,차대사람 - 횡단중,보행자보호의무위반,포장 - 건조,맑음,단일로 - 기타,화물,남,45세,상해없음,보행자,남,51세,중상
948,2018020200100556,2018년 2월 2일 21시,금요일,서울특별시 동대문구 장안동,경상사고,0,0,1,0,차대사람 - 기타,안전운전불이행,포장 - 건조,맑음,단일로 - 기타,이륜,남,36세,상해없음,보행자,여,44세,경상
949,2018020200100557,2018년 2월 2일 21시,금요일,서울특별시 동작구 사당동,경상사고,0,0,1,0,차대사람 - 차도통행중,안전운전불이행,포장 - 건조,맑음,교차로 - 교차로부근,자전거,여,69세,상해없음,보행자,남,48세,경상
950,2018020200100561,2018년 2월 2일 21시,금요일,서울특별시 강남구 역삼동,경상사고,0,0,1,0,차대사람 - 기타,안전운전불이행,포장 - 건조,맑음,교차로 - 교차로안,승용,남,40세,상해없음,보행자,남,31세,경상
951,2018020200100597,2018년 2월 2일 22시,금요일,서울특별시 중랑구 묵동,중상사고,0,1,0,0,차대사람 - 기타,안전운전불이행,포장 - 건조,맑음,기타 - 기타,승용,남,31세,상해없음,보행자,여,37세,중상
952,2018020200100598,2018년 2월 2일 22시,금요일,서울특별시 강서구 가양동,경상사고,0,0,1,0,차대사람 - 횡단중,보행자보호의무위반,포장 - 건조,맑음,교차로 - 교차로횡단보도내,승용,남,64세,상해없음,보행자,남,49세,경상
953,2018020300100001,2018년 2월 3일 00시,토요일,서울특별시 성북구 돈암동,중상사고,0,1,0,0,차대사람 - 기타,안전운전불이행,포장 - 건조,맑음,단일로 - 기타,승용,남,28세,상해없음,보행자,여,30세,중상
954,2018020300100004,2018년 2월 3일 00시,토요일,서울특별시 송파구 문정동,중상사고,0,1,0,0,차대사람 - 차도통행중,안전운전불이행,포장 - 건조,맑음,교차로 - 교차로부근,승합,남,53세,상해없음,보행자,여,46세,중상
955,2018020300100008,2018년 2월 3일 00시,토요일,서울특별시 노원구 상계동,부상신고사고,0,0,0,1,차대사람 - 횡단중,안전운전불이행,포장 - 건조,맑음,단일로 - 기타,기타불명,기타불명,미분류,기타불명,보행자,남,59세,부상신고
956,2018020300100011,2018년 2월 3일 00시,토요일,서울특별시 강남구 역삼동,경상사고,0,0,1,0,차대사람 - 기타,안전운전불이행,포장 - 건조,맑음,단일로 - 기타,승용,남,34세,상해없음,보행자,남,49세,경상
957,2018020300100056,2018년 2월 3일 02시,토요일,서울특별시 강북구 미아동,경상사고,0,0,1,0,차대사람 - 기타,안전운전불이행,포장 - 기타,흐림,단일로 - 기타,화물,남,57세,상해없음,보행자,남,28세,경상
958,2018020300100057,2018년 2월 3일 02시,토요일,서울특별시 동작구 상도동,중상사고,0,1,0,0,차대사람 - 횡단중,안전운전불이행,포장 - 적설,눈,단일로 - 기타,원동기,남,25세,상해없음,보행자,남,38세,중상
959,2018020300100087,2018년 2월 3일 04시,토요일,서울특별시 강서구 등촌동,중상사고,0,1,0,0,차대사람 - 차도통행중,안전운전불이행,포장 - 서리/결빙,눈,교차로 - 교차로부근,승용,남,41세,상해없음,보행자,여,64세,중상
960,2018020300100093,2018년 2월 3일 05시,토요일,서울특별시 동대문구 제기동,중상사고,0,1,0,0,차대사람 - 횡단중,안전운전불이행,포장 - 건조,맑음,기타 - 기타,화물,남,44세,상해없음,보행자,여,84세,중상
961,2018020300100095,2018년 2월 3일 05시,토요일,서울특별시 송파구 장지동,중상사고,0,1,0,0,차대사람 - 횡단중,보행자보호의무위반,포장 - 건조,맑음,단일로 - 기타,승용,남,60세,상해없음,보행자,남,59세,중상
962,2018020300100096,2018년 2월 3일 05시,토요일,서울특별시 송파구 거여동,중상사고,0,1,0,0,차대사람 - 횡단중,안전운전불이행,포장 - 건조,맑음,교차로 - 교차로횡단보도내,승용,남,66세,상해없음,보행자,여,69세,중상
963,2018020300100112,2018년 2월 3일 06시,토요일,서울특별시 종로구 종로6가,경상사고,0,0,1,0,차대사람 - 횡단중,보행자보호의무위반,포장 - 건조,맑음,단일로 - 기타,화물,남,62세,상해없음,보행자,남,34세,경상
964,2018020300100144,2018년 2월 3일 08시,토요일,서울특별시 서초구 잠원동,중상사고,0,1,0,0,차대사람 - 기타,안전운전불이행,포장 - 기타,맑음,단일로 - 기타,승용,남,28세,상해없음,보행자,여,43세,중상
965,2018020300100192,2018년 2월 3일 10시,토요일,서울특별시 강북구 미아동,경상사고,0,0,1,0,차대사람 - 기타,안전운전불이행,포장 - 건조,맑음,교차로 - 교차로부근,승용,여,35세,상해없음,보행자,여,69세,경상
966,2018020300100225,2018년 2월 3일 11시,토요일,서울특별시 마포구 신수동,경상사고,0,0,1,0,차대사람 - 횡단중,보행자보호의무위반,포장 - 건조,맑음,기타 - 기타,승합,남,56세,상해없음,보행자,여,42세,경상
967,2018020300100230,2018년 2월 3일 11시,토요일,서울특별시 중랑구 신내동,중상사고,0,1,0,0,차대사람 - 횡단중,보행자보호의무위반,포장 - 건조,맑음,교차로 - 교차로횡단보도내,승용,남,26세,상해없음,보행자,여,55세,중상
968,2018020300100232,2018년 2월 3일 11시,토요일,서울특별시 강서구 화곡동,중상사고,0,1,0,0,차대사람 - 횡단중,보행자보호의무위반,포장 - 건조,맑음,교차로 - 교차로횡단보도내,승용,남,29세,상해없음,보행자,남,85세,중상
969,2018020300100279,2018년 2월 3일 12시,토요일,서울특별시 동대문구 제기동,중상사고,0,1,0,0,차대사람 - 기타,안전운전불이행,포장 - 건조,맑음,교차로 - 교차로안,화물,남,47세,상해없음,보행자,여,72세,중상
970,2018020300100281,2018년 2월 3일 12시,토요일,서울특별시 관악구 봉천동,경상사고,0,0,1,0,차대사람 - 횡단중,보행자보호의무위반,포장 - 건조,맑음,교차로 - 교차로안,이륜,남,39세,상해없음,보행자,여,22세,경상
971,2018020300100377,2018년 2월 3일 14시,토요일,서울특별시 강동구 명일동,중상사고,0,1,0,0,차대사람 - 기타,기타,포장 - 건조,맑음,단일로 - 기타,승용,여,39세,상해없음,보행자,여,39세,중상
972,2018020300100420,2018년 2월 3일 15시,토요일,서울특별시 강북구 미아동,경상사고,0,0,1,0,차대사람 - 기타,안전운전불이행,포장 - 건조,흐림,단일로 - 기타,승용,남,62세,상해없음,보행자,남,18세,경상
973,2018020300100421,2018년 2월 3일 15시,토요일,서울특별시 동대문구 제기동,경상사고,0,0,1,0,차대사람 - 기타,안전운전불이행,포장 - 건조,맑음,단일로 - 기타,승합,남,53세,상해없음,보행자,여,43세,경상
974,2018020300100422,2018년 2월 3일 15시,토요일,서울특별시 강서구 화곡동,경상사고,0,0,1,0,차대사람 - 횡단중,보행자보호의무위반,포장 - 건조,맑음,단일로 - 기타,이륜,남,58세,상해없음,보행자,여,43세,경상
975,2018020300100479,2018년 2월 3일 17시,토요일,서울특별시 송파구 장지동,경상사고,0,0,1,0,차대사람 - 횡단중,안전운전불이행,포장 - 건조,맑음,교차로 - 교차로횡단보도내,승용,남,36세,상해없음,보행자,남,37세,경상
976,2018020300100481,2018년 2월 3일 17시,토요일,서울특별시 강남구 역삼동,경상사고,0,0,1,0,차대사람 - 횡단중,보행자보호의무위반,포장 - 건조,맑음,단일로 - 기타,기타불명,기타불명,미분류,기타불명,보행자,남,23세,경상
977,2018020300100516,2018년 2월 3일 18시,토요일,서울특별시 영등포구 당산동2가,중상사고,0,1,1,0,차대사람 - 기타,기타,포장 - 건조,맑음,교차로 - 교차로부근,승용,여,75세,상해없음,보행자,남,56세,중상
978,2018020300100518,2018년 2월 3일 18시,토요일,서울특별시 송파구 방이동,중상사고,0,1,0,0,차대사람 - 기타,기타,포장 - 건조,맑음,기타 - 기타,승합,남,58세,상해없음,보행자,여,68세,중상
979,2018020300100558,2018년 2월 3일 19시,토요일,서울특별시 강북구 수유동,경상사고,0,0,1,0,차대사람 - 차도통행중,안전운전불이행,포장 - 건조,맑음,단일로 - 기타,승용,여,53세,상해없음,보행자,여,18세,경상
980,2018020300100566,2018년 2월 3일 19시,토요일,서울특별시 구로구 신도림동,중상사고,0,1,0,0,차대사람 - 횡단중,안전운전불이행,포장 - 건조,맑음,단일로 - 기타,승용,남,65세,상해없음,보행자,남,57세,중상
981,2018020300100687,2018년 2월 3일 22시,토요일,서울특별시 동작구 본동,경상사고,0,0,1,0,차대사람 - 횡단중,보행자보호의무위반,포장 - 건조,맑음,단일로 - 기타,승용,남,62세,상해없음,보행자,여,24세,경상
982,2018020300100722,2018년 2월 3일 23시,토요일,서울특별시 성북구 정릉동,중상사고,0,1,0,0,차대사람 - 횡단중,안전운전불이행,포장 - 건조,맑음,단일로 - 기타,승용,남,35세,상해없음,보행자,남,29세,중상
983,2018020400100008,2018년 2월 4일 00시,일요일,서울특별시 구로구 오류동,중상사고,0,1,0,0,차대사람 - 보도통행중,안전운전불이행,포장 - 건조,맑음,단일로 - 기타,승용,남,38세,상해없음,보행자,남,42세,중상
984,2018020400100010,2018년 2월 4일 00시,일요일,서울특별시 은평구 갈현동,경상사고,0,0,1,0,차대사람 - 기타,안전운전불이행,포장 - 건조,맑음,교차로 - 교차로부근,승용,남,53세,상해없음,보행자,남,71세,경상
985,2018020400100029,2018년 2월 4일 01시,일요일,서울특별시 도봉구 창동,경상사고,0,0,2,0,차대사람 - 횡단중,보행자보호의무위반,포장 - 건조,맑음,단일로 - 기타,원동기,남,25세,경상,보행자,여,48세,경상
986,2018020400100077,2018년 2월 4일 04시,일요일,서울특별시 송파구 풍납동,중상사고,0,1,0,0,차대사람 - 횡단중,안전운전불이행,포장 - 건조,맑음,교차로 - 교차로횡단보도내,승용,남,49세,상해없음,보행자,여,58세,중상
987,2018020400100089,2018년 2월 4일 05시,일요일,서울특별시 성북구 동소문동2가,사망사고,1,0,0,0,차대사람 - 횡단중,안전운전불이행,포장 - 건조,맑음,단일로 - 기타,승용,남,55세,상해없음,보행자,여,67세,사망
988,2018020400100102,2018년 2월 4일 06시,일요일,서울특별시 서대문구 북아현동,경상사고,0,0,1,0,차대사람 - 차도통행중,안전운전불이행,포장 - 건조,맑음,단일로 - 기타,화물,남,55세,상해없음,보행자,남,49세,경상
989,2018020400100105,2018년 2월 4일 06시,일요일,서울특별시 성동구 성수동1가,부상신고사고,0,0,0,1,차대사람 - 횡단중,신호위반,포장 - 건조,맑음,교차로 - 교차로횡단보도내,승용,남,56세,상해없음,보행자,여,61세,부상신고
990,2018020400100113,2018년 2월 4일 07시,일요일,서울특별시 용산구 동빙고동,중상사고,0,1,0,0,차대사람 - 횡단중,신호위반,포장 - 건조,맑음,단일로 - 기타,승용,남,31세,상해없음,보행자,남,20세,중상
991,2018020400100115,2018년 2월 4일 07시,일요일,서울특별시 영등포구 대림동,사망사고,1,0,0,0,차대사람 - 횡단중,신호위반,포장 - 건조,맑음,교차로 - 교차로안,승합,남,63세,상해없음,보행자,여,52세,사망
992,2018020400100117,2018년 2월 4일 07시,일요일,서울특별시 강서구 화곡동,경상사고,0,0,1,0,차대사람 - 기타,안전운전불이행,포장 - 건조,맑음,단일로 - 기타,승용,남,63세,상해없음,보행자,남,37세,경상
993,2018020400100141,2018년 2월 4일 09시,일요일,서울특별시 종로구 낙원동,중상사고,0,1,0,0,차대사람 - 횡단중,보행자보호의무위반,포장 - 건조,맑음,교차로 - 교차로횡단보도내,승용,남,73세,상해없음,보행자,여,79세,중상
994,2018020400100143,2018년 2월 4일 09시,일요일,서울특별시 마포구 노고산동,사망사고,1,0,0,0,차대사람 - 횡단중,안전운전불이행,포장 - 건조,맑음,단일로 - 기타,승합,남,62세,상해없음,보행자,여,86세,사망
995,2018020400100144,2018년 2월 4일 09시,일요일,서울특별시 강서구 방화동,중상사고,0,1,0,0,차대사람 - 횡단중,신호위반,포장 - 건조,맑음,교차로 - 교차로부근,승합,남,52세,상해없음,보행자,여,81세,중상
996,2018020400100170,2018년 2월 4일 10시,일요일,서울특별시 관악구 신림동,경상사고,0,0,1,0,차대사람 - 길가장자리구역통행중,안전운전불이행,포장 - 기타,기타,기타 - 기타,승용,여,38세,상해없음,보행자,남,33세,경상
997,2018020400100235,2018년 2월 4일 13시,일요일,서울특별시 서초구 양재동,경상사고,0,0,1,0,차대사람 - 기타,안전운전불이행,포장 - 건조,맑음,단일로 - 기타,승용,여,70세,상해없음,보행자,남,25세,경상
998,2018020400100250,2018년 2월 4일 14시,일요일,서울특별시 강북구 우이동,중상사고,0,1,0,0,차대사람 - 횡단중,보행자보호의무위반,포장 - 건조,맑음,교차로 - 교차로부근,화물,남,67세,상해없음,보행자,남,69세,중상
999,2018020400100345,2018년 2월 4일 17시,일요일,서울특별시 중랑구 면목동,경상사고,0,0,1,0,차대사람 - 기타,안전운전불이행,포장 - 건조,맑음,단일로 - 기타,승용,남,69세,상해없음,보행자,여,20세,경상
1000,2018020400100371,2018년 2월 4일 18시,일요일,서울특별시 서대문구 북가좌동,경상사고,0,0,1,0,차대사람 - 횡단중,안전운전불이행,포장 - 건조,맑음,단일로 - 기타,승용,남,69세,상해없음,보행자,남,73세,경상
1001,2018020400100372,2018년 2월 4일 18시,일요일,서울특별시 마포구 서교동,경상사고,0,0,1,0,차대사람 - 길가장자리구역통행중,안전운전불이행,포장 - 건조,맑음,단일로 - 기타,승용,여,33세,상해없음,보행자,여,20세,경상
1002,2018020400100374,2018년 2월 4일 18시,일요일,서울특별시 도봉구 방학동,경상사고,0,0,1,0,차대사람 - 횡단중,보행자보호의무위반,포장 - 건조,맑음,교차로 - 교차로안,기타불명,기타불명,미분류,기타불명,보행자,여,74세,경상
1003,2018020400100433,2018년 2월 4일 20시,일요일,서울특별시 동대문구 제기동,중상사고,0,1,0,0,차대사람 - 기타,기타,포장 - 건조,맑음,기타 - 기타,승합,남,62세,상해없음,보행자,여,63세,중상
1004,2018020400100435,2018년 2월 4일 20시,일요일,서울특별시 동작구 사당동,중상사고,0,1,0,0,차대사람 - 횡단중,신호위반,포장 - 젖음/습기,흐림,기타 - 기타,이륜,남,41세,상해없음,보행자,여,62세,중상
1005,2018020400100436,2018년 2월 4일 20시,일요일,서울특별시 동작구 상도동,중상사고,0,1,0,0,차대사람 - 차도통행중,안전운전불이행,포장 - 건조,맑음,교차로 - 교차로안,승합,남,56세,상해없음,보행자,남,25세,중상
1006,2018020400100461,2018년 2월 4일 21시,일요일,서울특별시 마포구 서교동,경상사고,0,0,1,0,차대사람 - 기타,안전운전불이행,포장 - 건조,맑음,교차로 - 교차로안,기타불명,기타불명,미분류,기타불명,보행자,남,45세,경상
1007,2018020400100463,2018년 2월 4일 21시,일요일,서울특별시 강동구 천호동,경상사고,0,0,1,0,차대사람 - 보도통행중,안전운전불이행,포장 - 건조,맑음,단일로 - 기타,승용,남,69세,상해없음,보행자,여,42세,경상
1008,2018020400100517,2018년 2월 4일 23시,일요일,서울특별시 성동구 행당동,경상사고,0,0,1,0,차대사람 - 횡단중,보행자보호의무위반,포장 - 건조,맑음,교차로 - 교차로횡단보도내,기타불명,기타불명,미분류,기타불명,보행자,여,18세,경상
1009,2018020500100023,2018년 2월 5일 01시,월요일,서울특별시 중랑구 망우동,경상사고,0,0,1,0,차대사람 - 횡단중,안전운전불이행,포장 - 건조,맑음,교차로 - 교차로횡단보도내,승용,남,70세,상해없음,보행자,남,49세,경상
1010,2018020500100046,2018년 2월 5일 05시,월요일,서울특별시 구로구 구로동,경상사고,0,0,1,0,차대사람 - 기타,안전운전불이행,포장 - 건조,맑음,단일로 - 기타,승용,남,53세,상해없음,보행자,남,53세,경상
1011,2018020500100098,2018년 2월 5일 08시,월요일,서울특별시 중구 황학동,중상사고,0,1,0,0,차대사람 - 횡단중,안전운전불이행,포장 - 건조,맑음,단일로 - 기타,승용,남,48세,상해없음,보행자,여,63세,중상
1012,2018020500100102,2018년 2월 5일 08시,월요일,서울특별시 성동구 성수동2가,경상사고,0,0,1,0,차대사람 - 횡단중,안전운전불이행,포장 - 건조,맑음,단일로 - 기타,승용,남,54세,상해없음,보행자,여,47세,경상
1013,2018020500100103,2018년 2월 5일 08시,월요일,서울특별시 동작구 노량진동,경상사고,0,0,1,0,차대사람 - 횡단중,보행자보호의무위반,포장 - 건조,맑음,단일로 - 기타,승용,여,61세,상해없음,보행자,남,8세,경상
1014,2018020500100104,2018년 2월 5일 08시,월요일,서울특별시 구로구 고척동,경상사고,0,0,1,1,차대사람 - 횡단중,보행자보호의무위반,포장 - 건조,맑음,교차로 - 교차로횡단보도내,승용,남,53세,상해없음,보행자,남,9세,경상
1015,2018020500100106,2018년 2월 5일 08시,월요일,서울특별시 서초구 방배동,경상사고,0,0,1,0,차대사람 - 차도통행중,안전운전불이행,포장 - 건조,맑음,단일로 - 기타,승용,남,78세,상해없음,보행자,남,14세,경상
1016,2018020500100158,2018년 2월 5일 09시,월요일,서울특별시 강북구 미아동,중상사고,0,1,0,0,차대사람 - 횡단중,보행자보호의무위반,포장 - 건조,맑음,교차로 - 교차로횡단보도내,승용,남,44세,상해없음,보행자,여,41세,중상
1017,2018020500100159,2018년 2월 5일 09시,월요일,서울특별시 강북구 미아동,중상사고,0,1,0,0,차대사람 - 횡단중,안전운전불이행,포장 - 건조,맑음,단일로 - 기타,화물,남,31세,상해없음,보행자,남,86세,중상