,사고번호,사고일시,요일,시군구,사고내용,사망자수,중상자수,경상자수,부상신고자수,사고유형,법규위반,노면상태,기상상태,도로형태,가해운전자 차종,가해운전자 성별,가해운전자 연령,가해운전자 상해정도,피해운전자 차종,피해운전자 성별,피해운전자 연령,피해운전자 상해정도
1018,2018020500100161,2018년 2월 5일 09시,월요일,서울특별시 성동구 하왕십리동,경상사고,0,0,1,0,차대사람 - 기타,기타,포장 - 건조,맑음,단일로 - 기타,승합,남,56세,상해없음,보행자,여,85세,경상
1019,2018020500100165,2018년 2월 5일 09시,월요일,서울특별시 송파구 석촌동,경상사고,0,0,1,0,차대사람 - 기타,안전운전불이행,포장 - 건조,맑음,단일로 - 기타,승용,남,34세,상해없음,보행자,여,38세,경상
1020,2018020500100204,2018년 2월 5일 10시,월요일,서울특별시 관악구 신림동,경상사고,0,0,1,0,차대사람 - 횡단중,안전운전불이행,포장 - 건조,맑음,기타 - 기타,승합,남,36세,상해없음,보행자,남,19세,경상
1021,2018020500100206,2018년 2월 5일 10시,월요일,서울특별시 양천구 신월동,경상사고,0,0,1,0,차대사람 - 차도통행중,안전운전불이행,포장 - 건조,맑음,교차로 - 교차로부근,화물,남,52세,상해없음,보행자,여,64세,경상
1022,2018020500100243,2018년 2월 5일 11시,월요일,서울특별시 관악구 봉천동,경상사고,0,0,1,0,차대사람 - 횡단중,안전운전불이행,포장 - 건조,맑음,단일로 - 기타,승용,남,69세,상해없음,보행자,여,66세,경상
1023,2018020500100271,2018년 2월 5일 12시,월요일,서울특별시 은평구 수색동,중상사고,0,1,0,0,차대사람 - 보도통행중,보행자보호의무위반,포장 - 건조,맑음,교차로 - 교차로안,화물,남,40세,상해없음,보행자,여,56세,중상
1024,2018020500100272,2018년 2월 5일 12시,월요일,서울특별시 동작구 노량진동,중상사고,0,1,0,0,차대사람 - 횡단중,보행자보호의무위반,포장 - 건조,맑음,단일로 - 기타,승용,여,59세,상해없음,보행자,여,58세,중상
1025,2018020500100303,2018년 2월 5일 13시,월요일,서울특별시 서대문구 대현동,중상사고,0,1,0,0,차대사람 - 횡단중,신호위반,포장 - 건조,맑음,단일로 - 기타,승합,남,63세,상해없음,보행자,여,25세,중상
1026,2018020500100307,2018년 2월 5일 13시,월요일,서울특별시 은평구 진관동,경상사고,0,0,1,0,차대사람 - 횡단중,신호위반,포장 - 건조,맑음,교차로 - 교차로횡단보도내,승용,남,79세,상해없음,보행자,여,21세,경상
1027,2018020500100331,2018년 2월 5일 14시,월요일,서울특별시 동작구 흑석동,중상사고,0,1,0,0,차대사람 - 횡단중,보행자보호의무위반,포장 - 건조,맑음,단일로 - 기타,승용,남,72세,상해없음,보행자,여,12세,중상
1028,2018020500100334,2018년 2월 5일 14시,월요일,서울특별시 강남구 역삼동,경상사고,0,0,1,0,차대사람 - 기타,안전운전불이행,포장 - 건조,맑음,단일로 - 기타,승용,남,45세,상해없음,보행자,남,44세,경상
1029,2018020500100369,2018년 2월 5일 15시,월요일,서울특별시 영등포구 여의도동,중상사고,0,1,0,0,차대사람 - 횡단중,보행자보호의무위반,포장 - 건조,맑음,단일로 - 기타,승용,남,69세,상해없음,보행자,여,78세,중상
1030,2018020500100370,2018년 2월 5일 15시,월요일,서울특별시 성동구 마장동,경상사고,0,0,1,0,차대사람 - 차도통행중,안전운전불이행,포장 - 건조,맑음,단일로 - 기타,이륜,남,45세,상해없음,보행자,여,72세,경상
1031,2018020500100405,2018년 2월 5일 16시,월요일,서울특별시 노원구 공릉동,경상사고,0,0,1,0,차대사람 - 기타,보행자보호의무위반,포장 - 건조,맑음,교차로 - 교차로횡단보도내,승용,여,40세,상해없음,보행자,남,8세,경상
1032,2018020500100406,2018년 2월 5일 16시,월요일,서울특별시 강남구 대치동,경상사고,0,0,1,0,차대사람 - 횡단중,신호위반,포장 - 건조,맑음,단일로 - 기타,승용,여,77세,상해없음,보행자,여,16세,경상
1033,2018020500100438,2018년 2월 5일 17시,월요일,서울특별시 서대문구 홍제동,중상사고,0,1,0,0,차대사람 - 기타,안전운전불이행,포장 - 건조,맑음,단일로 - 기타,승용,여,33세,상해없음,보행자,여,57세,중상
1034,2018020500100470,2018년 2월 5일 18시,월요일,서울특별시 종로구 세종로,중상사고,0,1,0,0,차대사람 - 차도통행중,안전운전불이행,포장 - 건조,맑음,교차로 - 교차로부근,승용,남,67세,상해없음,보행자,여,36세,중상
1035,2018020500100471,2018년 2월 5일 18시,월요일,서울특별시 서대문구 남가좌동,부상신고사고,0,0,0,1,차대사람 - 횡단중,안전운전불이행,포장 - 건조,맑음,단일로 - 기타,승용,남,28세,상해없음,보행자,남,28세,부상신고
1036,2018020500100473,2018년 2월 5일 18시,월요일,서울특별시 영등포구 문래동6가,중상사고,0,1,0,0,차대사람 - 기타,안전운전불이행,포장 - 건조,맑음,단일로 - 기타,승합,남,65세,상해없음,보행자,여,67세,중상
1037,2018020500100477,2018년 2월 5일 18시,월요일,서울특별시 강동구 성내동,경상사고,0,0,1,0,차대사람 - 기타,안전운전불이행,포장 - 건조,맑음,단일로 - 기타,승용,여,62세,상해없음,보행자,남,24세,경상
1038,2018020500100479,2018년 2월 5일 18시,월요일,서울특별시 서초구 서초동,중상사고,0,1,0,0,차대사람 - 길가장자리구역통행중,안전운전불이행,포장 - 건조,맑음,교차로 - 교차로안,승용,남,36세,상해없음,보행자,여,43세,중상
1039,2018020500100514,2018년 2월 5일 19시,월요일,서울특별시 마포구 염리동,중상사고,0,1,0,0,차대사람 - 차도통행중,안전운전불이행,포장 - 건조,맑음,단일로 - 기타,승용,남,43세,상해없음,보행자,남,8세,중상
1040,2018020500100515,2018년 2월 5일 19시,월요일,서울특별시 동작구 사당동,중상사고,0,1,0,0,차대사람 - 횡단중,보행자보호의무위반,포장 - 건조,맑음,교차로 - 교차로횡단보도내,승용,남,50세,상해없음,보행자,여,32세,중상
1041,2018020500100517,2018년 2월 5일 19시,월요일,서울특별시 서초구 잠원동,경상사고,0,0,1,0,차대사람 - 횡단중,보행자보호의무위반,포장 - 건조,맑음,교차로 - 교차로횡단보도내,승용,남,69세,상해없음,보행자,남,21세,경상
1042,2018020500100553,2018년 2월 5일 20시,월요일,서울특별시 종로구 연건동,중상사고,0,1,0,0,차대사람 - 횡단중,신호위반,포장 - 건조,맑음,교차로 - 교차로횡단보도내,이륜,남,18세,상해없음,보행자,남,39세,중상
1043,2018020500100577,2018년 2월 5일 21시,월요일,서울특별시 동작구 상도동,경상사고,0,0,1,0,차대사람 - 횡단중,보행자보호의무위반,포장 - 건조,맑음,교차로 - 교차로부근,화물,남,62세,상해없음,보행자,여,34세,경상
1044,2018020500100578,2018년 2월 5일 21시,월요일,서울특별시 송파구 오금동,부상신고사고,0,0,0,1,차대사람 - 길가장자리구역통행중,안전운전불이행,포장 - 건조,맑음,교차로 - 교차로부근,기타불명,기타불명,미분류,기타불명,보행자,여,59세,부상신고
1045,2018020500100602,2018년 2월 5일 22시,월요일,서울특별시 동대문구 제기동,중상사고,0,1,0,0,차대사람 - 기타,안전운전불이행,포장 - 건조,맑음,기타 - 기타,건설기계,남,68세,상해없음,보행자,남,51세,중상
1046,2018020600100022,2018년 2월 6일 01시,화요일,서울특별시 은평구 갈현동,중상사고,0,1,0,0,차대사람 - 기타,안전운전불이행,포장 - 건조,맑음,단일로 - 기타,승용,남,55세,상해없음,보행자,여,31세,중상
1047,2018020600100057,2018년 2월 6일 06시,화요일,서울특별시 종로구 창신동,중상사고,0,1,0,0,차대사람 - 보도통행중,보행자보호의무위반,포장 - 건조,맑음,교차로 - 교차로횡단보도내,화물,남,43세,상해없음,보행자,남,64세,중상
1048,2018020600100075,2018년 2월 6일 07시,화요일,서울특별시 강서구 염창동,중상사고,0,1,0,0,차대사람 - 기타,안전운전불이행,포장 - 건조,맑음,단일로 - 기타,승합,남,60세,상해없음,보행자,남,25세,중상
1049,2018020600100105,2018년 2월 6일 08시,화요일,서울특별시 용산구 청파동3가,경상사고,0,0,1,0,차대사람 - 길가장자리구역통행중,안전운전불이행,포장 - 건조,맑음,단일로 - 기타,승용,여,42세,상해없음,보행자,남,13세,경상
1050,2018020600100114,2018년 2월 6일 08시,화요일,서울특별시 은평구 불광동,경상사고,0,0,1,0,차대사람 - 길가장자리구역통행중,안전운전불이행,포장 - 건조,맑음,단일로 - 기타,승용,남,66세,상해없음,보행자,남,12세,경상
1051,2018020600100153,2018년 2월 6일 09시,화요일,서울특별시 마포구 구수동,중상사고,0,1,0,0,차대사람 - 횡단중,신호위반,포장 - 건조,맑음,교차로 - 교차로안,건설기계,남,46세,상해없음,보행자,여,65세,중상
1052,2018020600100157,2018년 2월 6일 09시,화요일,서울특별시 동작구 신대방동,부상신고사고,0,0,0,1,차대사람 - 횡단중,안전운전불이행,포장 - 건조,맑음,단일로 - 기타,승용,남,31세,상해없음,보행자,여,48세,부상신고
1053,2018020600100159,2018년 2월 6일 09시,화요일,서울특별시 송파구 풍납동,중상사고,0,1,0,0,차대사람 - 기타,안전운전불이행,포장 - 건조,맑음,기타 - 기타,승용,남,62세,상해없음,보행자,남,57세,중상
1054,2018020600100195,2018년 2월 6일 10시,화요일,서울특별시 동작구 사당동,중상사고,0,1,0,0,차대사람 - 기타,안전운전불이행,포장 - 건조,맑음,단일로 - 기타,승용,여,79세,상해없음,보행자,남,56세,중상
1055,2018020600100218,2018년 2월 6일 11시,화요일,서울특별시 강서구 화곡동,중상사고,0,1,0,0,차대사람 - 횡단중,보행자보호의무위반,포장 - 건조,맑음,교차로 - 교차로부근,화물,남,56세,상해없음,보행자,여,54세,중상
1056,2018020600100220,2018년 2월 6일 11시,화요일,서울특별시 은평구 갈현동,사망사고,1,0,0,0,차대사람 - 횡단중,안전운전불이행,포장 - 건조,맑음,교차로 - 교차로안,승용,남,24세,상해없음,보행자,여,81세,사망
1057,2018020600100253,2018년 2월 6일 12시,화요일,서울특별시 광진구 군자동,경상사고,0,0,1,0,차대사람 - 횡단중,보행자보호의무위반,포장 - 건조,맑음,교차로 - 교차로부근,승용,남,22세,상해없음,보행자,여,53세,경상
1058,2018020600100254,2018년 2월 6일 12시,화요일,서울특별시 마포구 도화동,중상사고,0,1,0,0,차대사람 - 기타,신호위반,포장 - 건조,맑음,단일로 - 기타,화물,남,62세,상해없음,보행자,여,47세,중상
1059,2018020600100255,2018년 2월 6일 12시,화요일,서울특별시 동작구 상도동,사망사고,1,0,0,0,차대사람 - 횡단중,안전운전불이행,포장 - 건조,맑음,교차로 - 교차로횡단보도내,승용,여,74세,상해없음,보행자,여,59세,사망
1060,2018020600100288,2018년 2월 6일 13시,화요일,서울특별시 관악구 신림동,경상사고,0,0,1,0,차대사람 - 길가장자리구역통행중,안전운전불이행,포장 - 건조,맑음,단일로 - 기타,화물,남,32세,상해없음,보행자,여,56세,경상
1061,2018020600100319,2018년 2월 6일 14시,화요일,서울특별시 중랑구 중화동,경상사고,0,0,1,0,차대사람 - 기타,안전운전불이행,포장 - 건조,맑음,단일로 - 기타,승용,남,58세,상해없음,보행자,남,17세,경상
1062,2018020600100321,2018년 2월 6일 14시,화요일,서울특별시 성북구 장위동,중상사고,0,1,0,0,차대사람 - 횡단중,보행자보호의무위반,포장 - 건조,맑음,교차로 - 교차로횡단보도내,승용,남,55세,상해없음,보행자,여,52세,중상
1063,2018020600100353,2018년 2월 6일 15시,화요일,서울특별시 동대문구 휘경동,경상사고,0,0,1,0,차대사람 - 기타,안전운전불이행,포장 - 건조,맑음,단일로 - 기타,승용,남,47세,상해없음,보행자,남,22세,경상
1064,2018020600100355,2018년 2월 6일 15시,화요일,서울특별시 금천구 독산동,중상사고,0,1,0,0,차대사람 - 기타,보행자보호의무위반,포장 - 건조,맑음,교차로 - 교차로안,승용,남,43세,상해없음,보행자,여,54세,중상
1065,2018020600100356,2018년 2월 6일 15시,화요일,서울특별시 성동구 행당동,경상사고,0,0,1,0,차대사람 - 기타,안전운전불이행,포장 - 기타,맑음,단일로 - 기타,승합,남,51세,상해없음,보행자,여,78세,경상
1066,2018020600100358,2018년 2월 6일 15시,화요일,서울특별시 성북구 석관동,중상사고,0,1,0,0,차대사람 - 횡단중,안전운전불이행,포장 - 건조,맑음,단일로 - 기타,이륜,남,68세,상해없음,보행자,여,58세,중상
1067,2018020600100381,2018년 2월 6일 16시,화요일,서울특별시 서대문구 홍제동,경상사고,0,0,1,0,차대사람 - 기타,안전운전불이행,포장 - 건조,맑음,단일로 - 기타,승용,남,67세,상해없음,보행자,남,43세,경상
1068,2018020600100425,2018년 2월 6일 17시,화요일,서울특별시 강서구 공항동,중상사고,0,1,0,0,차대사람 - 기타,안전운전불이행,포장 - 건조,맑음,단일로 - 기타,승용,남,53세,상해없음,보행자,여,72세,중상
1069,2018020600100457,2018년 2월 6일 18시,화요일,서울특별시 영등포구 당산동3가,경상사고,0,0,3,0,차대사람 - 기타,안전운전불이행,포장 - 건조,맑음,교차로 - 교차로안,승합,남,66세,상해없음,보행자,남,39세,경상
1070,2018020600100460,2018년 2월 6일 18시,화요일,서울특별시 관악구 봉천동,경상사고,0,0,1,0,차대사람 - 기타,안전운전불이행,포장 - 건조,맑음,기타 - 기타,승용,남,44세,상해없음,보행자,여,56세,경상
1071,2018020600100463,2018년 2월 6일 18시,화요일,서울특별시 구로구 오류동,경상사고,0,0,1,0,차대사람 - 기타,안전운전불이행,포장 - 건조,맑음,단일로 - 기타,승합,남,66세,상해없음,보행자,남,13세,경상
1072,2018020600100540,2018년 2월 6일 20시,화요일,서울특별시 관악구 신림동,경상사고,0,0,1,0,차대사람 - 횡단중,안전운전불이행,포장 - 건조,맑음,단일로 - 기타,승용,남,59세,상해없음,보행자,남,23세,경상
1073,2018020600100565,2018년 2월 6일 21시,화요일,서울특별시 용산구 한강로1가,경상사고,0,0,1,0,차대사람 - 횡단중,보행자보호의무위반,포장 - 건조,맑음,단일로 - 기타,승용,남,77세,상해없음,보행자,여,28세,경상
1074,2018020600100568,2018년 2월 6일 21시,화요일,서울특별시 중랑구 면목동,중상사고,0,1,0,0,차대사람 - 기타,신호위반,포장 - 건조,맑음,교차로 - 교차로부근,이륜,남,67세,상해없음,보행자,여,34세,중상
1075,2018020600100601,2018년 2월 6일 22시,화요일,서울특별시 종로구 종로3가,중상사고,0,1,0,0,차대사람 - 횡단중,안전운전불이행,포장 - 건조,맑음,단일로 - 기타,승합,남,47세,상해없음,보행자,여,46세,중상
1076,2018020600100603,2018년 2월 6일 22시,화요일,서울특별시 영등포구 신길동,중상사고,0,1,0,0,차대사람 - 횡단중,신호위반,포장 - 건조,맑음,교차로 - 교차로횡단보도내,승용,남,61세,상해없음,보행자,남,71세,중상
1077,2018020600100606,2018년 2월 6일 22시,화요일,서울특별시 구로구 구로동,중상사고,0,1,0,0,차대사람 - 횡단중,안전운전불이행,포장 - 건조,맑음,단일로 - 기타,승용,남,35세,상해없음,보행자,남,70세,중상
1078,2018020600100627,2018년 2월 6일 23시,화요일,서울특별시 종로구 운니동,중상사고,0,1,0,0,차대사람 - 횡단중,안전운전불이행,포장 - 건조,맑음,단일로 - 기타,승용,남,39세,상해없음,보행자,남,40세,중상
1079,2018020600100628,2018년 2월 6일 23시,화요일,서울특별시 송파구 방이동,중상사고,0,1,0,0,차대사람 - 기타,안전운전불이행,포장 - 건조,맑음,단일로 - 기타,승용,남,61세,상해없음,보행자,남,28세,중상
1080,2018020600100630,2018년 2월 6일 23시,화요일,서울특별시 양천구 목동,경상사고,0,0,1,0,차대사람 - 기타,안전운전불이행,포장 - 건조,맑음,단일로 - 기타,승합,남,54세,상해없음,보행자,남,25세,경상
1081,2018020700100004,2018년 2월 7일 00시,수요일,서울특별시 서초구 서초동,경상사고,0,0,1,0,차대사람 - 기타,안전운전불이행,포장 - 건조,맑음,교차로 - 교차로안,승용,남,64세,상해없음,보행자,여,21세,경상
1082,2018020700100005,2018년 2월 7일 00시,수요일,서울특별시 서초구 방배동,경상사고,0,0,1,0,차대사람 - 횡단중,안전운전불이행,포장 - 건조,맑음,미분류 - 미분류,승용,여,39세,상해없음,보행자,남,35세,경상
1083,2018020700100074,2018년 2월 7일 06시,수요일,서울특별시 관악구 신림동,경상사고,0,0,1,0,차대사람 - 횡단중,신호위반,포장 - 건조,맑음,교차로 - 교차로횡단보도내,이륜,남,68세,기타불명,보행자,여,77세,경상
1084,2018020700100075,2018년 2월 7일 06시,수요일,서울특별시 도봉구 창동,중상사고,0,1,0,0,차대사람 - 차도통행중,안전운전불이행,포장 - 건조,맑음,교차로 - 교차로안,승용,남,34세,상해없음,보행자,남,26세,중상
1085,2018020700100091,2018년 2월 7일 07시,수요일,서울특별시 성북구 돈암동,중상사고,0,1,0,0,차대사람 - 차도통행중,안전운전불이행,포장 - 젖음/습기,맑음,단일로 - 기타,승용,여,40세,상해없음,보행자,남,61세,중상
1086,2018020700100095,2018년 2월 7일 07시,수요일,서울특별시 송파구 거여동,경상사고,0,0,1,0,차대사람 - 기타,안전운전불이행,포장 - 건조,맑음,단일로 - 기타,승용,남,51세,상해없음,보행자,남,58세,경상
1087,2018020700100127,2018년 2월 7일 08시,수요일,서울특별시 영등포구 여의도동,중상사고,0,1,1,0,차대사람 - 보도통행중,신호위반,포장 - 건조,맑음,교차로 - 교차로횡단보도내,이륜,여,27세,경상,보행자,여,58세,중상
1088,2018020700100132,2018년 2월 7일 08시,수요일,서울특별시 송파구 송파동,경상사고,0,0,1,0,차대사람 - 차도통행중,안전운전불이행,포장 - 건조,맑음,단일로 - 기타,승용,남,70세,상해없음,보행자,여,28세,경상
1089,2018020700100175,2018년 2월 7일 09시,수요일,서울특별시 강남구 역삼동,중상사고,0,1,0,0,차대사람 - 기타,안전운전불이행,포장 - 건조,맑음,단일로 - 기타,승용,남,29세,상해없음,보행자,여,42세,중상
1090,2018020700100260,2018년 2월 7일 12시,수요일,서울특별시 동대문구 제기동,중상사고,0,1,0,0,차대사람 - 기타,안전운전불이행,포장 - 건조,맑음,기타 - 기타,승용,여,44세,상해없음,보행자,여,81세,중상
1091,2018020700100261,2018년 2월 7일 12시,수요일,서울특별시 동대문구 제기동,경상사고,0,0,1,0,차대사람 - 기타,안전운전불이행,포장 - 건조,맑음,기타 - 기타,승용,남,73세,상해없음,보행자,여,59세,경상
1092,2018020700100262,2018년 2월 7일 12시,수요일,서울특별시 마포구 망원동,경상사고,0,0,1,0,차대사람 - 길가장자리구역통행중,안전운전불이행,포장 - 건조,맑음,단일로 - 기타,승용,여,62세,상해없음,보행자,여,22세,경상
1093,2018020700100294,2018년 2월 7일 13시,수요일,서울특별시 중구 충무로4가,경상사고,0,0,1,0,차대사람 - 횡단중,보행자보호의무위반,포장 - 건조,맑음,단일로 - 기타,기타불명,기타불명,미분류,기타불명,보행자,여,20세,경상
1094,2018020700100296,2018년 2월 7일 13시,수요일,서울특별시 중랑구 망우동,경상사고,0,0,1,0,차대사람 - 보도통행중,보행자보호의무위반,포장 - 건조,맑음,단일로 - 기타,승용,남,47세,상해없음,보행자,여,12세,경상
1095,2018020700100323,2018년 2월 7일 14시,수요일,서울특별시 양천구 목동,중상사고,0,1,0,0,차대사람 - 기타,안전운전불이행,포장 - 건조,맑음,단일로 - 기타,승용,남,42세,상해없음,보행자,여,13세,중상
1096,2018020700100388,2018년 2월 7일 16시,수요일,서울특별시 성북구 삼선동3가,중상사고,0,1,0,0,차대사람 - 차도통행중,안전운전불이행,포장 - 건조,맑음,단일로 - 기타,승용,남,70세,상해없음,보행자,남,56세,중상
1097,2018020700100393,2018년 2월 7일 16시,수요일,서울특별시 중랑구 상봉동,경상사고,0,0,1,0,차대사람 - 길가장자리구역통행중,안전운전불이행,포장 - 건조,맑음,교차로 - 교차로안,화물,남,72세,상해없음,보행자,남,58세,경상
1098,2018020700100396,2018년 2월 7일 16시,수요일,서울특별시 구로구 구로동,중상사고,0,1,0,0,차대사람 - 횡단중,안전운전불이행,포장 - 건조,맑음,단일로 - 기타,승용,남,71세,상해없음,보행자,남,52세,중상
1099,2018020700100426,2018년 2월 7일 17시,수요일,서울특별시 영등포구 대림동,경상사고,0,0,1,0,차대사람 - 기타,안전운전불이행,포장 - 건조,맑음,기타 - 기타,승용,여,58세,상해없음,보행자,남,62세,경상
1100,2018020700100466,2018년 2월 7일 18시,수요일,서울특별시 동작구 사당동,중상사고,0,1,0,0,차대사람 - 기타,안전운전불이행,포장 - 건조,맑음,교차로 - 교차로부근,승합,남,60세,상해없음,보행자,남,67세,중상
1101,2018020700100467,2018년 2월 7일 18시,수요일,서울특별시 관악구 신림동,중상사고,0,1,0,0,차대사람 - 횡단중,보행자보호의무위반,포장 - 건조,맑음,교차로 - 교차로안,승합,남,59세,상해없음,보행자,남,61세,중상
1102,2018020700100468,2018년 2월 7일 18시,수요일,서울특별시 관악구 봉천동,경상사고,0,0,1,0,차대사람 - 차도통행중,안전운전불이행,포장 - 건조,맑음,교차로 - 교차로안,기타불명,기타불명,미분류,기타불명,보행자,남,25세,경상
1103,2018020700100471,2018년 2월 7일 18시,수요일,서울특별시 노원구 공릉동,중상사고,0,1,0,0,차대사람 - 횡단중,신호위반,포장 - 건조,맑음,단일로 - 기타,승용,여,39세,상해없음,보행자,남,75세,중상
1104,2018020700100472,2018년 2월 7일 18시,수요일,서울특별시 도봉구 도봉동,사망사고,1,0,0,0,차대사람 - 기타,안전운전불이행,포장 - 건조,맑음,교차로 - 교차로부근,승용,남,65세,상해없음,보행자,남,51세,사망
1105,2018020700100473,2018년 2월 7일 18시,수요일,서울특별시 강남구 역삼동,중상사고,0,1,0,0,차대사람 - 횡단중,보행자보호의무위반,포장 - 건조,맑음,단일로 - 기타,승용,남,64세,상해없음,보행자,남,38세,중상
1106,2018020700100533,2018년 2월 7일 19시,수요일,서울특별시 노원구 상계동,경상사고,0,0,1,0,차대사람 - 기타,안전운전불이행,포장 - 건조,맑음,단일로 - 교량,승용,여,47세,상해없음,보행자,여,59세,경상
1107,2018020700100534,2018년 2월 7일 19시,수요일,서울특별시 서초구 방배동,경상사고,0,0,1,0,차대사람 - 횡단중,신호위반,포장 - 건조,맑음,교차로 - 교차로안,승용,남,48세,상해없음,보행자,남,47세,경상
1108,2018020700100535,2018년 2월 7일 19시,수요일,서울특별시 강남구 도곡동,경상사고,0,0,1,1,차대사람 - 횡단중,신호위반,포장 - 건조,맑음,교차로 - 교차로부근,자전거,남,58세,부상신고,보행자,여,64세,경상
1109,2018020700100583,2018년 2월 7일 20시,수요일,서울특별시 동작구 신대방동,중상사고,0,1,0,0,차대사람 - 횡단중,신호위반,포장 - 건조,맑음,단일로 - 기타,승합,남,58세,상해없음,보행자,여,45세,중상
1110,2018020700100587,2018년 2월 7일 20시,수요일,서울특별시 서초구 서초동,경상사고,0,0,1,0,차대사람 - 보도통행중,안전운전불이행,포장 - 건조,맑음,단일로 - 기타,승용,여,66세,상해없음,보행자,여,41세,경상
1111,2018020700100589,2018년 2월 7일 20시,수요일,서울특별시 강남구 자곡동,경상사고,0,0,1,0,차대사람 - 횡단중,신호위반,포장 - 건조,맑음,교차로 - 교차로부근,승용,남,60세,상해없음,보행자,여,40세,경상
1112,2018020700100618,2018년 2월 7일 21시,수요일,서울특별시 광진구 군자동,중상사고,0,1,0,0,차대사람 - 횡단중,보행자보호의무위반,포장 - 건조,맑음,교차로 - 교차로안,승용,남,30세,상해없음,보행자,남,56세,중상
1113,2018020700100621,2018년 2월 7일 21시,수요일,서울특별시 강남구 논현동,경상사고,0,0,1,0,차대사람 - 차도통행중,중앙선침범,포장 - 건조,맑음,단일로 - 기타,승용,남,55세,상해없음,보행자,남,27세,경상
1114,2018020700100679,2018년 2월 7일 23시,수요일,서울특별시 종로구 종로5가,사망사고,1,0,0,0,차대사람 - 차도통행중,안전운전불이행,포장 - 건조,맑음,단일로 - 기타,승용,남,34세,상해없음,보행자,남,66세,사망
1115,2018020700100680,2018년 2월 7일 23시,수요일,서울특별시 금천구 독산동,경상사고,0,0,2,0,차대사람 - 횡단중,안전운전불이행,포장 - 건조,기타,교차로 - 교차로횡단보도내,승용,여,27세,상해없음,보행자,남,34세,경상
1116,2018020800100002,2018년 2월 8일 00시,목요일,서울특별시 금천구 독산동,중상사고,0,1,1,0,차대사람 - 차도통행중,안전운전불이행,포장 - 건조,기타,단일로 - 기타,승용,남,63세,상해없음,보행자,여,20세,중상
1117,2018020800100022,2018년 2월 8일 01시,목요일,서울특별시 광진구 군자동,중상사고,0,1,0,0,차대사람 - 횡단중,보행자보호의무위반,포장 - 건조,맑음,교차로 - 교차로안,승용,남,48세,상해없음,보행자,남,55세,중상
1118,2018020800100051,2018년 2월 8일 04시,목요일,서울특별시 강동구 천호동,경상사고,0,0,1,0,차대사람 - 횡단중,보행자보호의무위반,포장 - 건조,맑음,교차로 - 교차로부근,승용,남,56세,상해없음,보행자,남,63세,경상
1119,2018020800100056,2018년 2월 8일 05시,목요일,서울특별시 종로구 창신동,중상사고,0,1,0,0,차대사람 - 횡단중,보행자보호의무위반,포장 - 건조,맑음,교차로 - 교차로횡단보도내,화물,남,45세,상해없음,보행자,남,42세,중상
1120,2018020800100063,2018년 2월 8일 05시,목요일,서울특별시 양천구 신정동,경상사고,0,0,1,0,차대사람 - 횡단중,안전운전불이행,포장 - 건조,맑음,단일로 - 기타,이륜,남,26세,상해없음,보행자,여,63세,경상
1121,2018020800100072,2018년 2월 8일 06시,목요일,서울특별시 강북구 번동,경상사고,0,0,1,0,차대사람 - 횡단중,보행자보호의무위반,포장 - 건조,맑음,교차로 - 교차로부근,승용,남,50세,상해없음,보행자,남,38세,경상
1122,2018020800100091,2018년 2월 8일 07시,목요일,서울특별시 중구 신당동,경상사고,0,0,1,0,차대사람 - 횡단중,안전운전불이행,포장 - 건조,맑음,단일로 - 기타,화물,남,45세,상해없음,보행자,남,47세,경상
1123,2018020800100095,2018년 2월 8일 07시,목요일,서울특별시 도봉구 도봉동,중상사고,0,1,0,0,차대사람 - 횡단중,안전운전불이행,포장 - 건조,맑음,교차로 - 교차로안,승용,남,47세,상해없음,보행자,여,79세,중상
1124,2018020800100131,2018년 2월 8일 08시,목요일,서울특별시 도봉구 쌍문동,중상사고,0,1,0,0,차대사람 - 횡단중,신호위반,포장 - 건조,맑음,교차로 - 교차로안,화물,남,48세,상해없음,보행자,여,23세,중상
1125,2018020800100132,2018년 2월 8일 08시,목요일,서울특별시 은평구 대조동,경상사고,0,0,1,0,차대사람 - 횡단중,기타,포장 - 건조,맑음,단일로 - 기타,승용,남,57세,상해없음,보행자,남,11세,경상
1126,2018020800100177,2018년 2월 8일 09시,목요일,서울특별시 동작구 신대방동,중상사고,0,1,0,0,차대사람 - 횡단중,안전운전불이행,포장 - 건조,맑음,단일로 - 기타,승용,남,32세,상해없음,보행자,여,35세,중상
1127,2018020800100179,2018년 2월 8일 09시,목요일,서울특별시 강서구 등촌동,중상사고,0,1,0,0,차대사람 - 횡단중,보행자보호의무위반,포장 - 건조,맑음,교차로 - 교차로부근,승용,남,30세,상해없음,보행자,여,26세,중상
1128,2018020800100215,2018년 2월 8일 10시,목요일,서울특별시 강동구 둔촌동,중상사고,0,1,0,0,차대사람 - 기타,안전운전불이행,포장 - 건조,맑음,교차로 - 교차로안,화물,남,43세,상해없음,보행자,여,16세,중상
1129,2018020800100216,2018년 2월 8일 10시,목요일,서울특별시 송파구 삼전동,중상사고,0,1,0,0,차대사람 - 횡단중,안전운전불이행,포장 - 건조,맑음,단일로 - 기타,승용,남,54세,상해없음,보행자,여,38세,중상
1130,2018020800100249,2018년 2월 8일 11시,목요일,서울특별시 광진구 자양동,경상사고,0,0,1,0,차대사람 - 기타,안전운전불이행,포장 - 건조,맑음,교차로 - 교차로안,화물,남,55세,상해없음,보행자,남,25세,경상