,사고번호,사고일시,요일,시군구,사고내용,사망자수,중상자수,경상자수,부상신고자수,사고유형,법규위반,노면상태,기상상태,도로형태,가해운전자 차종,가해운전자 성별,가해운전자 연령,가해운전자 상해정도,피해운전자 차종,피해운전자 성별,피해운전자 연령,피해운전자 상해정도
1131,2018020800100281,2018년 2월 8일 12시,목요일,서울특별시 동대문구 제기동,경상사고,0,0,1,0,차대사람 - 횡단중,보행자보호의무위반,포장 - 건조,맑음,교차로 - 교차로횡단보도내,승용,남,53세,상해없음,보행자,여,57세,경상
1132,2018020800100283,2018년 2월 8일 12시,목요일,서울특별시 광진구 군자동,중상사고,0,1,1,0,차대사람 - 횡단중,신호위반,포장 - 건조,맑음,단일로 - 기타,승용,여,34세,상해없음,보행자,여,60세,중상
1133,2018020800100289,2018년 2월 8일 12시,목요일,서울특별시 강남구 개포동,중상사고,0,1,0,0,차대사람 - 횡단중,안전운전불이행,포장 - 기타,맑음,교차로 - 교차로횡단보도내,승합,남,49세,상해없음,보행자,남,76세,중상
1134,2018020800100317,2018년 2월 8일 13시,목요일,서울특별시 서대문구 대현동,중상사고,0,1,0,0,차대사람 - 차도통행중,안전운전불이행,포장 - 건조,맑음,기타 - 기타,승용,여,55세,상해없음,보행자,남,29세,중상
1135,2018020800100347,2018년 2월 8일 14시,목요일,서울특별시 중구 신당동,중상사고,0,1,0,0,차대사람 - 길가장자리구역통행중,안전운전불이행,포장 - 건조,맑음,단일로 - 기타,승용,남,57세,상해없음,보행자,여,27세,중상
1136,2018020800100349,2018년 2월 8일 14시,목요일,서울특별시 관악구 봉천동,중상사고,0,1,0,0,차대사람 - 횡단중,보행자보호의무위반,포장 - 건조,맑음,단일로 - 기타,승용,남,29세,상해없음,보행자,여,72세,중상
1137,2018020800100386,2018년 2월 8일 15시,목요일,서울특별시 중구 명동1가,부상신고사고,0,0,0,1,차대사람 - 차도통행중,안전운전불이행,포장 - 건조,맑음,단일로 - 기타,승용,남,38세,상해없음,보행자,여,66세,부상신고
1138,2018020800100387,2018년 2월 8일 15시,목요일,서울특별시 동대문구 장안동,경상사고,0,0,1,0,차대사람 - 횡단중,안전운전불이행,포장 - 건조,맑음,교차로 - 교차로안,자전거,남,72세,상해없음,보행자,여,74세,경상
1139,2018020800100388,2018년 2월 8일 15시,목요일,서울특별시 광진구 화양동,중상사고,0,1,0,0,차대사람 - 횡단중,안전운전불이행,포장 - 건조,맑음,교차로 - 교차로안,승용,여,58세,상해없음,보행자,남,21세,중상
1140,2018020800100389,2018년 2월 8일 15시,목요일,서울특별시 영등포구 당산동6가,경상사고,0,0,1,0,차대사람 - 보도통행중,보행자보호의무위반,포장 - 건조,맑음,단일로 - 기타,승용,남,45세,상해없음,보행자,여,58세,경상
1141,2018020800100431,2018년 2월 8일 16시,목요일,서울특별시 동대문구 휘경동,경상사고,0,0,1,0,차대사람 - 기타,안전운전불이행,포장 - 건조,맑음,단일로 - 기타,승용,여,74세,상해없음,보행자,남,66세,경상
1142,2018020800100436,2018년 2월 8일 16시,목요일,서울특별시 송파구 풍납동,중상사고,0,1,0,0,차대사람 - 기타,안전운전불이행,포장 - 건조,맑음,단일로 - 기타,승용,남,75세,상해없음,보행자,여,63세,중상
1143,2018020800100437,2018년 2월 8일 16시,목요일,서울특별시 서초구 서초동,경상사고,0,0,1,0,차대사람 - 보도통행중,안전운전불이행,포장 - 건조,맑음,단일로 - 기타,특수,남,55세,상해없음,보행자,여,48세,경상
1144,2018020800100484,2018년 2월 8일 17시,목요일,서울특별시 서초구 서초동,부상신고사고,0,0,0,1,차대사람 - 길가장자리구역통행중,안전운전불이행,포장 - 건조,맑음,단일로 - 기타,승용,남,61세,상해없음,보행자,남,66세,부상신고
1145,2018020800100506,2018년 2월 8일 18시,목요일,서울특별시 종로구 종로6가,부상신고사고,0,0,0,2,차대사람 - 기타,안전운전불이행,포장 - 건조,맑음,단일로 - 기타,이륜,남,28세,부상신고,보행자,남,60세,부상신고
1146,2018020800100507,2018년 2월 8일 18시,목요일,서울특별시 용산구 청파동2가,중상사고,0,1,0,0,차대사람 - 횡단중,보행자보호의무위반,포장 - 건조,맑음,교차로 - 교차로횡단보도내,승용,남,64세,상해없음,보행자,여,58세,중상
1147,2018020800100509,2018년 2월 8일 18시,목요일,서울특별시 마포구 동교동,중상사고,0,1,0,0,차대사람 - 기타,안전운전불이행,포장 - 건조,맑음,단일로 - 기타,승용,남,53세,상해없음,보행자,여,39세,중상
1148,2018020800100513,2018년 2월 8일 18시,목요일,서울특별시 양천구 신정동,중상사고,0,2,0,0,차대사람 - 보도통행중,신호위반,포장 - 건조,맑음,교차로 - 교차로부근,건설기계,남,44세,상해없음,보행자,여,62세,중상
1149,2018020800100515,2018년 2월 8일 18시,목요일,서울특별시 노원구 중계동,중상사고,0,1,1,0,차대사람 - 횡단중,안전운전불이행,포장 - 건조,맑음,교차로 - 교차로부근,승용,남,70세,상해없음,보행자,남,53세,중상
1150,2018020800100516,2018년 2월 8일 18시,목요일,서울특별시 노원구 월계동,경상사고,0,0,1,0,차대사람 - 횡단중,안전운전불이행,포장 - 건조,맑음,교차로 - 교차로부근,승용,여,50세,상해없음,보행자,남,38세,경상
1151,2018020800100565,2018년 2월 8일 19시,목요일,서울특별시 강북구 미아동,경상사고,0,0,1,0,차대사람 - 차도통행중,안전운전불이행,포장 - 건조,맑음,단일로 - 기타,승용,남,53세,상해없음,보행자,여,79세,경상
1152,2018020800100614,2018년 2월 8일 20시,목요일,서울특별시 강남구 역삼동,중상사고,0,1,0,0,차대사람 - 횡단중,안전운전불이행,포장 - 기타,맑음,단일로 - 기타,승용,남,27세,상해없음,보행자,남,50세,중상
1153,2018020800100615,2018년 2월 8일 20시,목요일,서울특별시 은평구 갈현동,경상사고,0,0,2,0,차대사람 - 기타,신호위반,포장 - 건조,맑음,단일로 - 기타,이륜,남,17세,상해없음,보행자,여,18세,경상
1154,2018020800100641,2018년 2월 8일 21시,목요일,서울특별시 강북구 수유동,중상사고,0,1,0,0,차대사람 - 횡단중,안전운전불이행,포장 - 건조,흐림,단일로 - 기타,기타불명,기타불명,미분류,기타불명,보행자,여,78세,중상
1155,2018020800100642,2018년 2월 8일 21시,목요일,서울특별시 마포구 성산동,경상사고,0,0,1,0,차대사람 - 횡단중,보행자보호의무위반,포장 - 건조,맑음,교차로 - 교차로부근,승용,여,48세,기타불명,보행자,남,18세,경상
1156,2018020800100650,2018년 2월 8일 21시,목요일,서울특별시 노원구 상계동,경상사고,0,0,1,0,차대사람 - 차도통행중,안전운전불이행,포장 - 건조,맑음,단일로 - 지하차도(도로)내,승용,남,78세,상해없음,보행자,남,26세,경상
1157,2018020800100651,2018년 2월 8일 21시,목요일,서울특별시 노원구 월계동,경상사고,0,0,1,0,차대사람 - 횡단중,보행자보호의무위반,포장 - 건조,맑음,단일로 - 기타,승용,여,31세,상해없음,보행자,남,37세,경상
1158,2018020800100684,2018년 2월 8일 22시,목요일,서울특별시 노원구 중계동,중상사고,0,1,0,0,차대사람 - 횡단중,보행자보호의무위반,포장 - 건조,맑음,교차로 - 교차로안,승용,남,62세,상해없음,보행자,남,59세,중상
1159,2018020800100686,2018년 2월 8일 22시,목요일,서울특별시 강남구 역삼동,중상사고,0,1,0,0,차대사람 - 기타,안전운전불이행,포장 - 건조,맑음,기타 - 기타,승용,남,36세,상해없음,보행자,남,68세,중상
1160,2018020800100725,2018년 2월 8일 23시,목요일,서울특별시 중랑구 면목동,중상사고,0,1,0,0,차대사람 - 횡단중,안전운전불이행,포장 - 건조,맑음,교차로 - 교차로횡단보도내,승용,여,50세,상해없음,보행자,여,34세,중상
1161,2018020800100729,2018년 2월 8일 23시,목요일,서울특별시 강남구 도곡동,부상신고사고,0,0,0,1,차대사람 - 횡단중,안전운전불이행,포장 - 건조,기타,단일로 - 기타,이륜,남,37세,상해없음,보행자,남,26세,부상신고
1162,2018020900100002,2018년 2월 9일 00시,금요일,서울특별시 서대문구 창천동,중상사고,0,1,0,0,차대사람 - 기타,안전운전불이행,포장 - 건조,맑음,기타 - 기타,승용,남,64세,상해없음,보행자,남,25세,중상
1163,2018020900100006,2018년 2월 9일 00시,금요일,서울특별시 송파구 방이동,경상사고,0,0,1,0,차대사람 - 기타,신호위반,포장 - 건조,맑음,교차로 - 교차로안,승용,남,27세,상해없음,보행자,남,64세,경상
1164,2018020900100034,2018년 2월 9일 01시,금요일,서울특별시 관악구 봉천동,중상사고,0,1,0,0,차대사람 - 차도통행중,안전운전불이행,포장 - 건조,맑음,단일로 - 기타,승용,남,33세,상해없음,보행자,남,56세,중상
1165,2018020900100050,2018년 2월 9일 03시,금요일,서울특별시 중구 신당동,경상사고,0,0,1,0,차대사람 - 차도통행중,안전운전불이행,포장 - 건조,맑음,단일로 - 기타,승용,남,27세,상해없음,보행자,남,20세,경상
1166,2018020900100059,2018년 2월 9일 04시,금요일,서울특별시 중구 신당동,중상사고,0,1,0,0,차대사람 - 횡단중,신호위반,포장 - 건조,맑음,교차로 - 교차로횡단보도내,승용,남,73세,상해없음,보행자,여,76세,중상
1167,2018020900100119,2018년 2월 9일 08시,금요일,서울특별시 강남구 개포동,경상사고,0,0,1,0,차대사람 - 길가장자리구역통행중,안전운전불이행,포장 - 건조,맑음,단일로 - 기타,승용,여,64세,상해없음,보행자,남,25세,경상
1168,2018020900100160,2018년 2월 9일 09시,금요일,서울특별시 성북구 정릉동,경상사고,0,0,1,0,차대사람 - 기타,안전운전불이행,포장 - 건조,맑음,단일로 - 기타,승용,남,50세,상해없음,보행자,남,2세,경상
1169,2018020900100199,2018년 2월 9일 10시,금요일,서울특별시 영등포구 영등포동3가,경상사고,0,0,1,0,차대사람 - 보도통행중,기타,포장 - 건조,맑음,기타 - 기타,승합,남,59세,상해없음,보행자,남,60세,경상
1170,2018020900100200,2018년 2월 9일 10시,금요일,서울특별시 금천구 시흥동,중상사고,0,1,0,0,차대사람 - 횡단중,보행자보호의무위반,포장 - 건조,맑음,교차로 - 교차로횡단보도내,승용,남,67세,상해없음,보행자,남,80세,중상
1171,2018020900100201,2018년 2월 9일 10시,금요일,서울특별시 중랑구 면목동,경상사고,0,0,1,0,차대사람 - 기타,안전운전불이행,포장 - 건조,맑음,단일로 - 기타,승용,여,34세,상해없음,보행자,여,42세,경상
1172,2018020900100234,2018년 2월 9일 11시,금요일,서울특별시 서초구 서초동,경상사고,0,0,1,0,차대사람 - 기타,안전운전불이행,포장 - 건조,흐림,단일로 - 기타,승용,남,66세,상해없음,보행자,남,43세,경상
1173,2018020900100275,2018년 2월 9일 12시,금요일,서울특별시 도봉구 방학동,경상사고,0,0,1,0,차대사람 - 길가장자리구역통행중,안전운전불이행,포장 - 건조,맑음,단일로 - 기타,승용,남,59세,상해없음,보행자,여,46세,경상
1174,2018020900100312,2018년 2월 9일 13시,금요일,서울특별시 성동구 금호동1가,중상사고,0,1,0,0,차대사람 - 기타,안전운전불이행,포장 - 건조,맑음,단일로 - 기타,승합,남,73세,상해없음,보행자,여,25세,중상
1175,2018020900100316,2018년 2월 9일 13시,금요일,서울특별시 서초구 방배동,부상신고사고,0,0,0,1,차대사람 - 길가장자리구역통행중,안전운전불이행,포장 - 건조,맑음,단일로 - 기타,승용,남,57세,상해없음,보행자,남,22세,부상신고
1176,2018020900100346,2018년 2월 9일 14시,금요일,서울특별시 은평구 응암동,경상사고,0,0,1,0,차대사람 - 길가장자리구역통행중,안전운전불이행,포장 - 건조,맑음,단일로 - 기타,승용,남,65세,상해없음,보행자,여,74세,경상
1177,2018020900100348,2018년 2월 9일 14시,금요일,서울특별시 구로구 개봉동,경상사고,0,0,1,0,차대사람 - 횡단중,안전운전불이행,포장 - 건조,맑음,교차로 - 교차로횡단보도내,승용,여,60세,상해없음,보행자,남,10세,경상
1178,2018020900100363,2018년 2월 9일 15시,금요일,서울특별시 영등포구 신길동,중상사고,0,1,0,0,차대사람 - 기타,안전운전불이행,포장 - 건조,맑음,단일로 - 기타,화물,남,62세,상해없음,보행자,여,70세,중상
1179,2018020900100366,2018년 2월 9일 15시,금요일,서울특별시 관악구 남현동,중상사고,0,1,0,0,차대사람 - 차도통행중,안전운전불이행,포장 - 건조,맑음,교차로 - 교차로부근,화물,남,33세,기타불명,보행자,남,77세,중상
1180,2018020900100367,2018년 2월 9일 15시,금요일,서울특별시 강남구 삼성동,경상사고,0,0,1,0,차대사람 - 기타,안전운전불이행,포장 - 건조,맑음,단일로 - 기타,승용,남,26세,기타불명,보행자,여,20세,경상
1181,2018020900100368,2018년 2월 9일 15시,금요일,서울특별시 송파구 가락동,중상사고,0,1,0,0,차대사람 - 횡단중,보행자보호의무위반,포장 - 건조,맑음,단일로 - 기타,건설기계,남,46세,상해없음,보행자,여,78세,중상
1182,2018020900100407,2018년 2월 9일 16시,금요일,서울특별시 성동구 성수동1가,중상사고,0,1,0,0,차대사람 - 기타,안전운전불이행,포장 - 건조,맑음,단일로 - 기타,승합,남,65세,상해없음,보행자,남,68세,중상
1183,2018020900100411,2018년 2월 9일 16시,금요일,서울특별시 강남구 개포동,경상사고,0,0,1,0,차대사람 - 횡단중,안전운전불이행,포장 - 건조,맑음,교차로 - 교차로부근,승용,여,58세,상해없음,보행자,남,7세,경상
1184,2018020900100445,2018년 2월 9일 17시,금요일,서울특별시 동작구 상도동,중상사고,0,1,0,0,차대사람 - 길가장자리구역통행중,안전운전불이행,포장 - 건조,맑음,단일로 - 기타,승용,여,73세,상해없음,보행자,여,89세,중상
1185,2018020900100449,2018년 2월 9일 17시,금요일,서울특별시 노원구 공릉동,중상사고,0,1,0,0,차대사람 - 길가장자리구역통행중,안전운전불이행,포장 - 건조,맑음,단일로 - 기타,승용,여,58세,상해없음,보행자,남,13세,중상
1186,2018020900100493,2018년 2월 9일 18시,금요일,서울특별시 도봉구 창동,경상사고,0,0,1,0,차대사람 - 기타,안전운전불이행,포장 - 건조,맑음,기타 - 기타,기타불명,기타불명,미분류,기타불명,보행자,여,56세,경상
1187,2018020900100561,2018년 2월 9일 19시,금요일,서울특별시 도봉구 쌍문동,중상사고,0,1,0,0,차대사람 - 횡단중,보행자보호의무위반,포장 - 건조,맑음,교차로 - 교차로횡단보도내,승용,남,52세,상해없음,보행자,여,64세,중상
1188,2018020900100609,2018년 2월 9일 20시,금요일,서울특별시 광진구 자양동,중상사고,0,1,0,0,차대사람 - 횡단중,보행자보호의무위반,포장 - 건조,맑음,교차로 - 교차로횡단보도내,승용,남,55세,상해없음,보행자,여,86세,중상
1189,2018020900100613,2018년 2월 9일 20시,금요일,서울특별시 강서구 화곡동,중상사고,0,1,0,0,차대사람 - 기타,안전운전불이행,포장 - 건조,맑음,교차로 - 교차로안,승용,여,49세,상해없음,보행자,남,61세,중상
1190,2018020900100614,2018년 2월 9일 20시,금요일,서울특별시 송파구 마천동,경상사고,0,0,1,0,차대사람 - 횡단중,안전운전불이행,포장 - 건조,흐림,단일로 - 기타,화물,남,23세,상해없음,보행자,남,28세,경상
1191,2018020900100653,2018년 2월 9일 21시,금요일,서울특별시 광진구 화양동,경상사고,0,0,1,0,차대사람 - 길가장자리구역통행중,안전운전불이행,포장 - 건조,맑음,단일로 - 기타,이륜,남,31세,상해없음,보행자,여,19세,경상
1192,2018020900100656,2018년 2월 9일 21시,금요일,서울특별시 중랑구 면목동,경상사고,0,0,1,0,차대사람 - 기타,안전운전불이행,포장 - 건조,맑음,단일로 - 기타,승용,기타불명,미분류,기타불명,보행자,여,35세,경상
1193,2018020900100687,2018년 2월 9일 22시,금요일,서울특별시 동대문구 이문동,중상사고,0,1,0,0,차대사람 - 횡단중,보행자보호의무위반,포장 - 건조,맑음,교차로 - 교차로횡단보도내,승용,여,23세,상해없음,보행자,남,62세,중상
1194,2018020900100689,2018년 2월 9일 22시,금요일,서울특별시 마포구 중동,경상사고,0,0,1,0,차대사람 - 횡단중,보행자보호의무위반,포장 - 건조,맑음,교차로 - 교차로부근,승용,남,50세,상해없음,보행자,여,57세,경상
1195,2018020900100692,2018년 2월 9일 22시,금요일,서울특별시 마포구 망원동,경상사고,0,0,1,0,차대사람 - 횡단중,안전운전불이행,포장 - 건조,맑음,단일로 - 기타,승용,남,73세,상해없음,보행자,여,71세,경상
1196,2018020900100739,2018년 2월 9일 23시,금요일,서울특별시 영등포구 당산동6가,중상사고,0,1,0,0,차대사람 - 기타,안전운전불이행,포장 - 건조,맑음,교차로 - 교차로안,승용,남,49세,상해없음,보행자,여,46세,중상
1197,2018020900100747,2018년 2월 9일 23시,금요일,서울특별시 양천구 목동,중상사고,0,1,0,0,차대사람 - 기타,안전운전불이행,포장 - 건조,맑음,교차로 - 교차로안,승용,남,40세,상해없음,보행자,남,52세,중상
1198,2018021000100003,2018년 2월 10일 00시,토요일,서울특별시 금천구 독산동,경상사고,0,0,1,0,차대사람 - 횡단중,보행자보호의무위반,포장 - 건조,맑음,교차로 - 교차로횡단보도내,승용,남,39세,상해없음,보행자,남,48세,경상
1199,2018021000100004,2018년 2월 10일 00시,토요일,서울특별시 송파구 잠실동,중상사고,0,1,0,0,차대사람 - 횡단중,안전운전불이행,포장 - 건조,맑음,단일로 - 기타,승용,남,69세,상해없음,보행자,남,26세,중상
1200,2018021000100030,2018년 2월 10일 01시,토요일,서울특별시 서대문구 창천동,경상사고,0,0,1,0,차대사람 - 횡단중,안전운전불이행,포장 - 건조,맑음,단일로 - 기타,승용,남,59세,상해없음,보행자,남,38세,경상
1201,2018021000100033,2018년 2월 10일 01시,토요일,서울특별시 강서구 화곡동,중상사고,0,1,0,0,차대사람 - 횡단중,신호위반,포장 - 건조,맑음,단일로 - 기타,원동기,남,16세,상해없음,보행자,여,56세,중상
1202,2018021000100090,2018년 2월 10일 04시,토요일,서울특별시 강서구 화곡동,중상사고,0,1,0,0,차대사람 - 기타,안전운전불이행,포장 - 건조,맑음,단일로 - 기타,승용,남,29세,상해없음,보행자,남,54세,중상
1203,2018021000100102,2018년 2월 10일 05시,토요일,서울특별시 서대문구 홍은동,중상사고,0,1,0,0,차대사람 - 횡단중,안전운전불이행,포장 - 건조,흐림,단일로 - 기타,승용,남,61세,상해없음,보행자,남,70세,중상
1204,2018021000100103,2018년 2월 10일 05시,토요일,서울특별시 강동구 길동,중상사고,0,1,0,0,차대사람 - 횡단중,안전운전불이행,포장 - 건조,맑음,기타 - 기타,승용,남,32세,상해없음,보행자,여,44세,중상
1205,2018021000100112,2018년 2월 10일 06시,토요일,서울특별시 양천구 신정동,중상사고,0,1,0,0,차대사람 - 횡단중,안전운전불이행,포장 - 건조,맑음,단일로 - 기타,승용,남,54세,상해없음,보행자,여,21세,중상
1206,2018021000100185,2018년 2월 10일 10시,토요일,서울특별시 영등포구 양평동3가,중상사고,0,1,0,0,차대사람 - 길가장자리구역통행중,안전운전불이행,포장 - 건조,맑음,교차로 - 교차로안,승용,남,50세,상해없음,보행자,남,55세,중상
1207,2018021000100191,2018년 2월 10일 10시,토요일,서울특별시 서초구 서초동,경상사고,0,0,1,0,차대사람 - 보도통행중,기타,포장 - 건조,맑음,기타 - 기타,승용,여,49세,상해없음,보행자,남,61세,경상
1208,2018021000100243,2018년 2월 10일 12시,토요일,서울특별시 강남구 대치동,경상사고,0,0,1,0,차대사람 - 기타,안전운전불이행,포장 - 건조,맑음,주차장 - 주차장,승용,여,47세,상해없음,보행자,남,59세,경상
1209,2018021000100292,2018년 2월 10일 14시,토요일,서울특별시 중랑구 묵동,경상사고,0,0,1,0,차대사람 - 횡단중,보행자보호의무위반,포장 - 건조,맑음,교차로 - 교차로안,승용,남,71세,상해없음,보행자,남,22세,경상
1210,2018021000100293,2018년 2월 10일 14시,토요일,서울특별시 강남구 청담동,부상신고사고,0,0,0,1,차대사람 - 기타,기타,포장 - 건조,맑음,단일로 - 기타,기타불명,기타불명,미분류,기타불명,보행자,여,72세,부상신고
1211,2018021000100325,2018년 2월 10일 15시,토요일,서울특별시 강남구 논현동,중상사고,0,2,0,0,차대사람 - 횡단중,신호위반,포장 - 건조,맑음,단일로 - 기타,승용,여,35세,상해없음,보행자,남,10세,중상
1212,2018021000100356,2018년 2월 10일 16시,토요일,서울특별시 동작구 사당동,중상사고,0,1,0,0,차대사람 - 횡단중,안전운전불이행,포장 - 건조,맑음,단일로 - 기타,승용,남,20세,상해없음,보행자,여,80세,중상
1213,2018021000100407,2018년 2월 10일 18시,토요일,서울특별시 동대문구 제기동,경상사고,0,0,1,0,차대사람 - 기타,안전운전불이행,포장 - 건조,맑음,단일로 - 기타,승용,남,54세,상해없음,보행자,여,28세,경상
1214,2018021000100445,2018년 2월 10일 19시,토요일,서울특별시 용산구 한강로3가,중상사고,0,1,0,0,차대사람 - 횡단중,보행자보호의무위반,포장 - 건조,맑음,주차장 - 주차장,승용,여,30세,상해없음,보행자,여,59세,중상
1215,2018021000100447,2018년 2월 10일 19시,토요일,서울특별시 중랑구 면목동,경상사고,0,0,1,0,차대사람 - 횡단중,안전운전불이행,포장 - 건조,맑음,단일로 - 기타,이륜,남,24세,상해없음,보행자,여,63세,경상
1216,2018021000100449,2018년 2월 10일 19시,토요일,서울특별시 강서구 화곡동,경상사고,0,0,1,0,차대사람 - 횡단중,보행자보호의무위반,포장 - 건조,맑음,교차로 - 교차로횡단보도내,승용,여,46세,상해없음,보행자,여,53세,경상
1217,2018021000100482,2018년 2월 10일 20시,토요일,서울특별시 강서구 화곡동,중상사고,0,1,0,0,차대사람 - 길가장자리구역통행중,기타,포장 - 건조,맑음,단일로 - 기타,승용,남,72세,상해없음,보행자,여,70세,중상
1218,2018021000100505,2018년 2월 10일 21시,토요일,서울특별시 동작구 상도동,경상사고,0,0,1,0,차대사람 - 횡단중,안전운전불이행,포장 - 건조,맑음,단일로 - 기타,승용,남,23세,상해없음,보행자,여,49세,경상
1219,2018021000100506,2018년 2월 10일 21시,토요일,서울특별시 강동구 길동,경상사고,0,0,1,0,차대사람 - 기타,안전운전불이행,포장 - 건조,맑음,단일로 - 기타,승용,여,51세,상해없음,보행자,남,44세,경상
1220,2018021000100532,2018년 2월 10일 22시,토요일,서울특별시 은평구 응암동,경상사고,0,0,2,0,차대사람 - 길가장자리구역통행중,안전운전불이행,포장 - 건조,맑음,교차로 - 교차로부근,승용,남,50세,상해없음,보행자,남,63세,경상
1221,2018021000100533,2018년 2월 10일 22시,토요일,서울특별시 마포구 서교동,경상사고,0,0,1,0,차대사람 - 차도통행중,안전운전불이행,포장 - 건조,맑음,단일로 - 기타,승용,남,50세,상해없음,보행자,남,24세,경상
1222,2018021000100535,2018년 2월 10일 22시,토요일,서울특별시 금천구 가산동,부상신고사고,0,0,0,1,차대사람 - 기타,안전운전불이행,포장 - 건조,맑음,단일로 - 기타,승용,남,31세,상해없음,보행자,남,3세,부상신고
1223,2018021000100552,2018년 2월 10일 23시,토요일,서울특별시 은평구 구산동,중상사고,0,1,0,0,차대사람 - 기타,안전운전불이행,포장 - 건조,맑음,단일로 - 기타,승용,남,63세,상해없음,보행자,여,25세,중상
1224,2018021000100553,2018년 2월 10일 23시,토요일,서울특별시 서초구 방배동,경상사고,0,0,1,0,차대사람 - 차도통행중,안전운전불이행,포장 - 건조,맑음,단일로 - 기타,승용,남,62세,상해없음,보행자,여,47세,경상
1225,2018021100100039,2018년 2월 11일 02시,일요일,서울특별시 관악구 신림동,경상사고,0,0,1,0,차대사람 - 기타,안전운전불이행,포장 - 건조,맑음,교차로 - 교차로부근,승용,남,33세,상해없음,보행자,여,19세,경상
1226,2018021100100053,2018년 2월 11일 03시,일요일,서울특별시 영등포구 양평동6가,중상사고,0,1,0,0,차대사람 - 횡단중,과속,포장 - 건조,맑음,단일로 - 기타,승용,남,55세,상해없음,보행자,남,33세,중상
1227,2018021100100055,2018년 2월 11일 03시,일요일,서울특별시 관악구 봉천동,경상사고,0,0,1,0,차대사람 - 횡단중,안전운전불이행,포장 - 건조,맑음,교차로 - 교차로부근,승용,남,21세,상해없음,보행자,남,49세,경상
1228,2018021100100057,2018년 2월 11일 03시,일요일,서울특별시 강남구 도곡동,중상사고,0,1,0,0,차대사람 - 기타,보행자보호의무위반,포장 - 건조,맑음,교차로 - 교차로안,승용,남,68세,상해없음,보행자,여,25세,중상
1229,2018021100100077,2018년 2월 11일 05시,일요일,서울특별시 동작구 사당동,중상사고,0,1,0,0,차대사람 - 횡단중,안전운전불이행,포장 - 건조,맑음,교차로 - 교차로횡단보도내,승용,남,29세,상해없음,보행자,남,47세,중상
1230,2018021100100109,2018년 2월 11일 08시,일요일,서울특별시 강동구 길동,중상사고,0,1,0,0,차대사람 - 기타,보행자보호의무위반,포장 - 건조,맑음,교차로 - 교차로안,승용,여,43세,상해없음,보행자,여,59세,중상
1231,2018021100100134,2018년 2월 11일 10시,일요일,서울특별시 양천구 신정동,중상사고,0,1,0,0,차대사람 - 횡단중,보행자보호의무위반,포장 - 건조,맑음,교차로 - 교차로안,승용,남,48세,상해없음,보행자,남,66세,중상
1232,2018021100100156,2018년 2월 11일 11시,일요일,서울특별시 양천구 신월동,경상사고,0,0,1,0,차대사람 - 길가장자리구역통행중,안전운전불이행,포장 - 건조,맑음,단일로 - 기타,승용,남,47세,기타불명,보행자,여,55세,경상
1233,2018021100100170,2018년 2월 11일 12시,일요일,서울특별시 동대문구 청량리동,중상사고,0,1,0,0,차대사람 - 기타,기타,포장 - 건조,맑음,기타 - 기타,승합,남,40세,상해없음,보행자,여,68세,중상
1234,2018021100100172,2018년 2월 11일 12시,일요일,서울특별시 구로구 오류동,경상사고,0,0,1,0,차대사람 - 횡단중,보행자보호의무위반,포장 - 건조,맑음,교차로 - 교차로횡단보도내,이륜,남,24세,상해없음,보행자,남,12세,경상
1235,2018021100100195,2018년 2월 11일 13시,일요일,서울특별시 도봉구 창동,부상신고사고,0,0,0,1,차대사람 - 차도통행중,안전운전불이행,포장 - 건조,맑음,단일로 - 기타,승용,여,64세,상해없음,보행자,여,30세,부상신고
1236,2018021100100243,2018년 2월 11일 15시,일요일,서울특별시 양천구 신정동,중상사고,0,1,0,0,차대사람 - 횡단중,보행자보호의무위반,포장 - 건조,맑음,교차로 - 교차로횡단보도내,승용,남,58세,기타불명,보행자,여,27세,중상
1237,2018021100100265,2018년 2월 11일 16시,일요일,서울특별시 광진구 자양동,경상사고,0,0,1,0,차대사람 - 길가장자리구역통행중,안전운전불이행,포장 - 건조,맑음,단일로 - 기타,승용,남,58세,상해없음,보행자,남,10세,경상
1238,2018021100100266,2018년 2월 11일 16시,일요일,서울특별시 은평구 불광동,중상사고,0,1,0,0,차대사람 - 기타,안전운전불이행,포장 - 건조,맑음,단일로 - 기타,승용,여,30세,상해없음,보행자,여,76세,중상
1239,2018021100100315,2018년 2월 11일 18시,일요일,서울특별시 동대문구 휘경동,중상사고,0,1,0,0,차대사람 - 횡단중,안전운전불이행,포장 - 건조,맑음,교차로 - 교차로횡단보도내,승용,남,65세,상해없음,보행자,여,76세,중상
1240,2018021100100357,2018년 2월 11일 19시,일요일,서울특별시 광진구 구의동,중상사고,0,1,0,0,차대사람 - 차도통행중,안전운전불이행,포장 - 건조,맑음,교차로 - 교차로부근,이륜,남,17세,상해없음,보행자,여,69세,중상
1241,2018021100100377,2018년 2월 11일 20시,일요일,서울특별시 광진구 자양동,중상사고,0,1,0,0,차대사람 - 횡단중,보행자보호의무위반,포장 - 건조,맑음,교차로 - 교차로안,이륜,남,17세,상해없음,보행자,여,65세,중상
1242,2018021100100379,2018년 2월 11일 20시,일요일,서울특별시 중랑구 상봉동,경상사고,0,0,1,0,차대사람 - 횡단중,안전운전불이행,포장 - 건조,맑음,교차로 - 교차로부근,승용,남,69세,상해없음,보행자,여,61세,경상