,사고번호,사고일시,요일,시군구,사고내용,사망자수,중상자수,경상자수,부상신고자수,사고유형,법규위반,노면상태,기상상태,도로형태,가해운전자 차종,가해운전자 성별,가해운전자 연령,가해운전자 상해정도,피해운전자 차종,피해운전자 성별,피해운전자 연령,피해운전자 상해정도
1243,2018021100100440,2018년 2월 11일 22시,일요일,서울특별시 성북구 동선동1가,부상신고사고,0,0,0,1,차대사람 - 길가장자리구역통행중,안전운전불이행,포장 - 건조,맑음,단일로 - 기타,기타불명,기타불명,미분류,기타불명,보행자,남,29세,부상신고
1244,2018021100100442,2018년 2월 11일 22시,일요일,서울특별시 강남구 논현동,경상사고,0,0,1,0,차대사람 - 기타,안전운전불이행,포장 - 건조,맑음,단일로 - 기타,승용,남,43세,상해없음,보행자,남,23세,경상
1245,2018021200100001,2018년 2월 12일 00시,월요일,서울특별시 관악구 신림동,경상사고,0,0,1,0,차대사람 - 기타,기타,포장 - 건조,맑음,단일로 - 기타,승용,남,66세,상해없음,보행자,여,29세,경상
1246,2018021200100049,2018년 2월 12일 05시,월요일,서울특별시 노원구 상계동,경상사고,0,0,1,0,차대사람 - 횡단중,안전운전불이행,포장 - 건조,맑음,교차로 - 교차로횡단보도내,승용,남,64세,상해없음,보행자,남,63세,경상
1247,2018021200100154,2018년 2월 12일 09시,월요일,서울특별시 중랑구 면목동,경상사고,0,0,1,0,차대사람 - 횡단중,신호위반,포장 - 건조,맑음,단일로 - 기타,승용,남,56세,상해없음,보행자,남,27세,경상
1248,2018021200100158,2018년 2월 12일 09시,월요일,서울특별시 강남구 일원동,경상사고,0,0,1,0,차대사람 - 횡단중,안전운전불이행,포장 - 건조,맑음,단일로 - 기타,승용,남,36세,상해없음,보행자,남,21세,경상
1249,2018021200100195,2018년 2월 12일 10시,월요일,서울특별시 성동구 도선동,중상사고,0,1,0,0,차대사람 - 횡단중,보행자보호의무위반,포장 - 건조,맑음,단일로 - 기타,승용,여,64세,상해없음,보행자,여,78세,중상
1250,2018021200100228,2018년 2월 12일 11시,월요일,서울특별시 영등포구 당산동4가,경상사고,0,0,1,0,차대사람 - 차도통행중,안전운전불이행,포장 - 건조,맑음,교차로 - 교차로안,승용,여,66세,상해없음,보행자,여,76세,경상
1251,2018021200100253,2018년 2월 12일 12시,월요일,서울특별시 관악구 봉천동,중상사고,0,1,0,0,차대사람 - 기타,안전운전불이행,포장 - 건조,맑음,단일로 - 기타,화물,남,44세,상해없음,보행자,남,28세,중상
1252,2018021200100254,2018년 2월 12일 12시,월요일,서울특별시 강동구 성내동,경상사고,0,0,1,0,차대사람 - 기타,안전운전불이행,포장 - 건조,맑음,주차장 - 주차장,승용,남,68세,상해없음,보행자,남,28세,경상
1253,2018021200100255,2018년 2월 12일 12시,월요일,서울특별시 강동구 암사동,중상사고,0,1,0,0,차대사람 - 횡단중,안전운전불이행,포장 - 건조,맑음,교차로 - 교차로안,승용,남,69세,상해없음,보행자,여,26세,중상
1254,2018021200100258,2018년 2월 12일 12시,월요일,서울특별시 노원구 상계동,중상사고,0,1,0,0,차대사람 - 기타,안전운전불이행,포장 - 건조,맑음,단일로 - 기타,승합,남,47세,상해없음,보행자,여,63세,중상
1255,2018021200100293,2018년 2월 12일 13시,월요일,서울특별시 서초구 서초동,중상사고,0,1,0,0,차대사람 - 횡단중,보행자보호의무위반,포장 - 건조,맑음,단일로 - 기타,승용,여,45세,상해없음,보행자,남,56세,중상
1256,2018021200100341,2018년 2월 12일 14시,월요일,서울특별시 강남구 청담동,중상사고,0,1,0,0,차대사람 - 횡단중,보행자보호의무위반,포장 - 건조,맑음,교차로 - 교차로부근,승용,여,58세,상해없음,보행자,여,28세,중상
1257,2018021200100376,2018년 2월 12일 15시,월요일,서울특별시 동대문구 장안동,중상사고,0,1,0,0,차대사람 - 횡단중,안전운전불이행,포장 - 건조,맑음,교차로 - 교차로횡단보도내,승용,여,30세,상해없음,보행자,여,50세,중상
1258,2018021200100378,2018년 2월 12일 15시,월요일,서울특별시 영등포구 영등포동7가,경상사고,0,0,1,0,차대사람 - 기타,보행자보호의무위반,포장 - 건조,맑음,교차로 - 교차로안,화물,남,61세,상해없음,보행자,여,44세,경상
1259,2018021200100379,2018년 2월 12일 15시,월요일,서울특별시 금천구 독산동,경상사고,0,0,1,0,차대사람 - 기타,안전운전불이행,포장 - 건조,맑음,단일로 - 기타,승용,여,51세,상해없음,보행자,여,45세,경상
1260,2018021200100416,2018년 2월 12일 16시,월요일,서울특별시 종로구 숭인동,부상신고사고,0,0,0,1,차대사람 - 기타,안전운전불이행,포장 - 건조,맑음,단일로 - 기타,승용,남,28세,상해없음,보행자,남,19세,부상신고
1261,2018021200100418,2018년 2월 12일 16시,월요일,서울특별시 마포구 망원동,중상사고,0,1,0,0,차대사람 - 횡단중,안전운전불이행,포장 - 건조,맑음,교차로 - 교차로안,승용,남,19세,상해없음,보행자,여,72세,중상
1262,2018021200100423,2018년 2월 12일 16시,월요일,서울특별시 강서구 화곡동,경상사고,0,0,1,0,차대사람 - 차도통행중,안전운전불이행,포장 - 건조,맑음,단일로 - 기타,승용,남,67세,상해없음,보행자,남,2세,경상
1263,2018021200100426,2018년 2월 12일 16시,월요일,서울특별시 양천구 목동,경상사고,0,0,1,0,차대사람 - 기타,안전운전불이행,포장 - 건조,맑음,단일로 - 기타,승용,남,38세,상해없음,보행자,남,66세,경상
1264,2018021200100532,2018년 2월 12일 18시,월요일,서울특별시 노원구 하계동,중상사고,0,1,0,0,차대사람 - 횡단중,보행자보호의무위반,포장 - 건조,맑음,교차로 - 교차로부근,승용,남,66세,상해없음,보행자,여,33세,중상
1265,2018021200100586,2018년 2월 12일 19시,월요일,서울특별시 강북구 번동,경상사고,0,0,1,0,차대사람 - 보도통행중,안전운전불이행,포장 - 건조,맑음,단일로 - 기타,화물,남,71세,상해없음,보행자,여,42세,경상
1266,2018021200100590,2018년 2월 12일 19시,월요일,서울특별시 은평구 불광동,경상사고,0,0,1,0,차대사람 - 기타,안전운전불이행,포장 - 건조,맑음,단일로 - 기타,자전거,기타불명,미분류,기타불명,보행자,여,64세,경상
1267,2018021200100631,2018년 2월 12일 20시,월요일,서울특별시 광진구 구의동,중상사고,0,1,0,0,차대사람 - 횡단중,안전운전불이행,포장 - 건조,흐림,단일로 - 기타,승용,남,44세,상해없음,보행자,남,50세,중상
1268,2018021200100672,2018년 2월 12일 21시,월요일,서울특별시 중구 장충동1가,중상사고,0,1,0,0,차대사람 - 기타,안전운전불이행,포장 - 건조,흐림,단일로 - 기타,승용,남,58세,상해없음,보행자,남,47세,중상
1269,2018021200100680,2018년 2월 12일 21시,월요일,서울특별시 강남구 역삼동,경상사고,0,0,1,0,차대사람 - 길가장자리구역통행중,안전운전불이행,포장 - 기타,맑음,교차로 - 교차로부근,승용,남,70세,상해없음,보행자,남,45세,경상
1270,2018021200100682,2018년 2월 12일 21시,월요일,서울특별시 성북구 하월곡동,중상사고,0,1,0,0,차대사람 - 보도통행중,기타,포장 - 건조,흐림,기타 - 기타,자전거,남,74세,상해없음,보행자,남,41세,중상
1271,2018021200100714,2018년 2월 12일 22시,월요일,서울특별시 중랑구 면목동,경상사고,0,0,1,0,차대사람 - 보도통행중,신호위반,포장 - 건조,맑음,교차로 - 교차로횡단보도내,승용,남,59세,상해없음,보행자,여,27세,경상
1272,2018021200100716,2018년 2월 12일 22시,월요일,서울특별시 서초구 서초동,경상사고,0,0,1,0,차대사람 - 기타,안전운전불이행,포장 - 건조,맑음,단일로 - 기타,승용,남,62세,상해없음,보행자,남,49세,경상
1273,2018021200100739,2018년 2월 12일 23시,월요일,서울특별시 종로구 평창동,경상사고,0,0,1,0,차대사람 - 보도통행중,안전운전불이행,포장 - 젖음/습기,눈,단일로 - 기타,승용,남,38세,상해없음,보행자,여,16세,경상
1274,2018021200100740,2018년 2월 12일 23시,월요일,서울특별시 금천구 시흥동,중상사고,0,1,0,0,차대사람 - 횡단중,안전운전불이행,포장 - 건조,맑음,단일로 - 기타,승용,남,56세,기타불명,보행자,남,49세,중상
1275,2018021300100029,2018년 2월 13일 01시,화요일,서울특별시 강남구 역삼동,경상사고,0,0,1,0,차대사람 - 기타,안전운전불이행,포장 - 기타,맑음,단일로 - 기타,승용,남,59세,상해없음,보행자,여,36세,경상
1276,2018021300100034,2018년 2월 13일 01시,화요일,서울특별시 강남구 일원동,중상사고,0,1,0,0,차대사람 - 횡단중,보행자보호의무위반,포장 - 건조,맑음,교차로 - 교차로부근,승용,남,58세,상해없음,보행자,여,69세,중상
1277,2018021300100060,2018년 2월 13일 03시,화요일,서울특별시 영등포구 당산동2가,부상신고사고,0,0,0,1,차대사람 - 길가장자리구역통행중,안전운전불이행,포장 - 건조,맑음,단일로 - 기타,승용,남,62세,상해없음,보행자,여,33세,부상신고
1278,2018021300100062,2018년 2월 13일 03시,화요일,서울특별시 양천구 신월동,경상사고,0,0,1,0,차대사람 - 기타,안전운전불이행,포장 - 건조,맑음,교차로 - 교차로안,승용,남,64세,상해없음,보행자,여,61세,경상
1279,2018021300100069,2018년 2월 13일 04시,화요일,서울특별시 영등포구 양평동4가,중상사고,0,1,0,0,차대사람 - 횡단중,안전운전불이행,포장 - 건조,맑음,교차로 - 교차로안,화물,남,45세,상해없음,보행자,여,76세,중상
1280,2018021300100070,2018년 2월 13일 04시,화요일,서울특별시 동작구 흑석동,중상사고,0,1,0,0,차대사람 - 횡단중,안전운전불이행,포장 - 건조,맑음,단일로 - 기타,승용,남,35세,상해없음,보행자,남,67세,중상
1281,2018021300100071,2018년 2월 13일 04시,화요일,서울특별시 성북구 하월곡동,사망사고,1,0,0,0,차대사람 - 기타,안전운전불이행,포장 - 건조,맑음,단일로 - 기타,화물,남,36세,상해없음,보행자,여,81세,사망
1282,2018021300100095,2018년 2월 13일 06시,화요일,서울특별시 송파구 가락동,중상사고,0,1,0,0,차대사람 - 횡단중,안전운전불이행,포장 - 건조,맑음,단일로 - 기타,승용,남,63세,상해없음,보행자,여,74세,중상
1283,2018021300100115,2018년 2월 13일 07시,화요일,서울특별시 은평구 대조동,경상사고,0,0,1,0,차대사람 - 기타,안전운전불이행,포장 - 건조,맑음,교차로 - 교차로부근,승합,남,65세,상해없음,보행자,남,69세,경상
1284,2018021300100180,2018년 2월 13일 09시,화요일,서울특별시 관악구 신림동,경상사고,0,0,1,0,차대사람 - 기타,안전운전불이행,포장 - 건조,맑음,교차로 - 교차로횡단보도내,승용,남,65세,상해없음,보행자,남,26세,경상
1285,2018021300100183,2018년 2월 13일 09시,화요일,서울특별시 서초구 반포동,경상사고,0,0,1,0,차대사람 - 기타,안전운전불이행,포장 - 건조,흐림,단일로 - 기타,승용,여,67세,상해없음,보행자,여,65세,경상
1286,2018021300100184,2018년 2월 13일 09시,화요일,서울특별시 양천구 신월동,경상사고,0,0,1,0,차대사람 - 차도통행중,안전운전불이행,포장 - 건조,맑음,교차로 - 교차로부근,승용,남,34세,상해없음,보행자,남,71세,경상
1287,2018021300100231,2018년 2월 13일 10시,화요일,서울특별시 강서구 마곡동,경상사고,0,0,1,0,차대사람 - 횡단중,안전운전불이행,포장 - 건조,맑음,교차로 - 교차로안,승용,남,44세,상해없음,보행자,여,19세,경상
1288,2018021300100233,2018년 2월 13일 10시,화요일,서울특별시 구로구 가리봉동,중상사고,0,1,0,0,차대사람 - 기타,안전운전불이행,포장 - 건조,맑음,단일로 - 기타,승용,여,49세,상해없음,보행자,여,78세,중상
1289,2018021300100272,2018년 2월 13일 11시,화요일,서울특별시 용산구 효창동,중상사고,0,1,0,0,차대사람 - 횡단중,안전운전불이행,포장 - 건조,맑음,단일로 - 기타,승용,여,42세,상해없음,보행자,여,59세,중상
1290,2018021300100275,2018년 2월 13일 11시,화요일,서울특별시 강남구 삼성동,경상사고,0,0,1,0,차대사람 - 기타,안전운전불이행,포장 - 건조,맑음,단일로 - 기타,승용,남,53세,상해없음,보행자,남,35세,경상
1291,2018021300100277,2018년 2월 13일 11시,화요일,서울특별시 강동구 천호동,경상사고,0,0,1,0,차대사람 - 차도통행중,안전운전불이행,포장 - 건조,맑음,단일로 - 기타,승용,남,81세,상해없음,보행자,남,69세,경상
1292,2018021300100280,2018년 2월 13일 11시,화요일,서울특별시 강남구 역삼동,경상사고,0,0,1,0,차대사람 - 기타,안전운전불이행,포장 - 건조,맑음,교차로 - 교차로안,승용,여,45세,상해없음,보행자,남,30세,경상
1293,2018021300100315,2018년 2월 13일 12시,화요일,서울특별시 중랑구 신내동,부상신고사고,0,0,0,1,차대사람 - 횡단중,안전운전불이행,포장 - 건조,맑음,단일로 - 기타,기타불명,기타불명,미분류,기타불명,보행자,여,41세,부상신고
1294,2018021300100343,2018년 2월 13일 13시,화요일,서울특별시 광진구 중곡동,중상사고,0,1,0,0,차대사람 - 보도통행중,보행자보호의무위반,포장 - 건조,맑음,교차로 - 교차로횡단보도내,이륜,남,84세,상해없음,보행자,여,62세,중상
1295,2018021300100347,2018년 2월 13일 13시,화요일,서울특별시 강남구 역삼동,경상사고,0,0,1,0,차대사람 - 길가장자리구역통행중,안전운전불이행,포장 - 건조,맑음,단일로 - 기타,승용,여,60세,상해없음,보행자,남,50세,경상
1296,2018021300100384,2018년 2월 13일 14시,화요일,서울특별시 강서구 마곡동,경상사고,0,0,1,0,차대사람 - 기타,보행자보호의무위반,포장 - 건조,맑음,교차로 - 교차로횡단보도내,승용,남,50세,상해없음,보행자,여,72세,경상
1297,2018021300100385,2018년 2월 13일 14시,화요일,서울특별시 강서구 마곡동,중상사고,0,1,0,0,차대사람 - 횡단중,보행자보호의무위반,포장 - 건조,맑음,교차로 - 교차로횡단보도내,화물,남,51세,상해없음,보행자,여,23세,중상
1298,2018021300100387,2018년 2월 13일 14시,화요일,서울특별시 송파구 가락동,중상사고,0,1,0,0,차대사람 - 횡단중,안전운전불이행,포장 - 건조,맑음,교차로 - 교차로안,승용,여,31세,상해없음,보행자,남,40세,중상
1299,2018021300100429,2018년 2월 13일 15시,화요일,서울특별시 강동구 강일동,중상사고,0,1,0,0,차대사람 - 횡단중,신호위반,포장 - 건조,맑음,교차로 - 교차로안,승합,남,51세,상해없음,보행자,남,72세,중상
1300,2018021300100476,2018년 2월 13일 16시,화요일,서울특별시 영등포구 여의도동,부상신고사고,0,0,0,1,차대사람 - 길가장자리구역통행중,안전운전불이행,포장 - 건조,기타,단일로 - 기타,기타불명,기타불명,미분류,기타불명,보행자,여,28세,부상신고
1301,2018021300100479,2018년 2월 13일 16시,화요일,서울특별시 중랑구 망우동,경상사고,0,0,1,0,차대사람 - 횡단중,안전운전불이행,포장 - 건조,맑음,교차로 - 교차로부근,승용,여,67세,상해없음,보행자,남,60세,경상
1302,2018021300100480,2018년 2월 13일 16시,화요일,서울특별시 중랑구 면목동,경상사고,0,0,1,0,차대사람 - 기타,교차로운행방법위반,포장 - 건조,맑음,교차로 - 교차로부근,승용,남,79세,상해없음,보행자,남,73세,경상
1303,2018021300100481,2018년 2월 13일 16시,화요일,서울특별시 관악구 신림동,중상사고,0,1,0,0,차대사람 - 횡단중,보행자보호의무위반,포장 - 건조,맑음,교차로 - 교차로횡단보도내,승용,여,49세,상해없음,보행자,여,60세,중상
1304,2018021300100484,2018년 2월 13일 16시,화요일,서울특별시 노원구 하계동,중상사고,0,1,0,0,차대사람 - 횡단중,안전운전불이행,포장 - 건조,맑음,교차로 - 교차로부근,승용,여,38세,상해없음,보행자,여,73세,중상
1305,2018021300100528,2018년 2월 13일 17시,화요일,서울특별시 동작구 신대방동,부상신고사고,0,0,0,1,차대사람 - 횡단중,안전운전불이행,포장 - 건조,맑음,교차로 - 교차로부근,특수,남,58세,상해없음,보행자,여,49세,부상신고
1306,2018021300100529,2018년 2월 13일 17시,화요일,서울특별시 강남구 논현동,중상사고,0,1,0,0,차대사람 - 기타,안전운전불이행,포장 - 건조,맑음,단일로 - 기타,승용,여,36세,기타불명,보행자,여,31세,중상
1307,2018021300100577,2018년 2월 13일 18시,화요일,서울특별시 마포구 상암동,경상사고,0,0,1,0,차대사람 - 기타,안전운전불이행,포장 - 건조,맑음,교차로 - 교차로횡단보도내,화물,남,45세,상해없음,보행자,남,44세,경상
1308,2018021300100579,2018년 2월 13일 18시,화요일,서울특별시 동작구 신대방동,중상사고,0,1,0,0,차대사람 - 횡단중,안전운전불이행,포장 - 건조,맑음,단일로 - 기타,승용,남,69세,상해없음,보행자,여,84세,중상
1309,2018021300100580,2018년 2월 13일 18시,화요일,서울특별시 관악구 봉천동,중상사고,0,1,0,0,차대사람 - 횡단중,안전운전불이행,포장 - 건조,맑음,교차로 - 교차로횡단보도내,승합,남,47세,상해없음,보행자,여,70세,중상
1310,2018021300100646,2018년 2월 13일 19시,화요일,서울특별시 마포구 상암동,경상사고,0,0,1,0,차대사람 - 횡단중,보행자보호의무위반,포장 - 건조,맑음,교차로 - 교차로부근,승용,남,45세,상해없음,보행자,남,9세,경상
1311,2018021300100651,2018년 2월 13일 19시,화요일,서울특별시 노원구 중계동,경상사고,0,0,1,0,차대사람 - 보도통행중,신호위반,포장 - 건조,맑음,교차로 - 교차로부근,승용,여,52세,상해없음,보행자,여,7세,경상
1312,2018021300100693,2018년 2월 13일 20시,화요일,서울특별시 영등포구 대림동,경상사고,0,0,1,0,차대사람 - 기타,안전운전불이행,포장 - 건조,맑음,기타 - 기타,승합,남,42세,상해없음,보행자,남,46세,경상
1313,2018021300100696,2018년 2월 13일 20시,화요일,서울특별시 동작구 사당동,경상사고,0,0,1,0,차대사람 - 차도통행중,안전운전불이행,포장 - 건조,맑음,단일로 - 기타,승용,남,57세,상해없음,보행자,여,55세,경상
1314,2018021300100697,2018년 2월 13일 20시,화요일,서울특별시 중랑구 면목동,경상사고,0,0,1,0,차대사람 - 길가장자리구역통행중,안전운전불이행,포장 - 건조,맑음,단일로 - 기타,승용,남,33세,상해없음,보행자,여,67세,경상
1315,2018021300100699,2018년 2월 13일 20시,화요일,서울특별시 구로구 구로동,경상사고,0,0,1,0,차대사람 - 횡단중,안전운전불이행,포장 - 건조,맑음,교차로 - 교차로횡단보도내,이륜,남,24세,상해없음,보행자,여,37세,경상
1316,2018021300100732,2018년 2월 13일 21시,화요일,서울특별시 강북구 수유동,중상사고,0,1,1,0,차대사람 - 기타,안전운전불이행,포장 - 건조,맑음,단일로 - 기타,이륜,남,18세,경상,보행자,남,67세,중상
1317,2018021300100733,2018년 2월 13일 21시,화요일,서울특별시 성북구 장위동,부상신고사고,0,0,0,1,차대사람 - 횡단중,신호위반,포장 - 건조,흐림,교차로 - 교차로횡단보도내,이륜,남,46세,상해없음,보행자,남,29세,부상신고
1318,2018021300100734,2018년 2월 13일 21시,화요일,서울특별시 강남구 일원동,중상사고,0,1,0,0,차대사람 - 횡단중,안전운전불이행,포장 - 건조,맑음,단일로 - 기타,승용,여,40세,상해없음,보행자,여,70세,중상
1319,2018021300100795,2018년 2월 13일 23시,화요일,서울특별시 노원구 상계동,경상사고,0,0,1,0,차대사람 - 길가장자리구역통행중,안전운전불이행,포장 - 건조,맑음,단일로 - 기타,승용,남,43세,상해없음,보행자,남,38세,경상
1320,2018021400100001,2018년 2월 14일 00시,수요일,서울특별시 중구 신당동,경상사고,0,0,1,0,차대사람 - 기타,안전운전불이행,포장 - 건조,맑음,단일로 - 기타,승용,남,47세,상해없음,보행자,남,55세,경상
1321,2018021400100002,2018년 2월 14일 00시,수요일,서울특별시 중구 남대문로4가,중상사고,0,1,1,0,차대사람 - 기타,안전운전불이행,포장 - 건조,맑음,교차로 - 교차로안,승용,남,53세,상해없음,보행자,남,43세,중상
1322,2018021400100005,2018년 2월 14일 00시,수요일,서울특별시 강북구 미아동,경상사고,0,0,1,0,차대사람 - 기타,안전운전불이행,포장 - 건조,맑음,단일로 - 기타,승용,남,66세,상해없음,보행자,남,48세,경상
1323,2018021400100039,2018년 2월 14일 01시,수요일,서울특별시 영등포구 양평동4가,경상사고,0,0,1,0,차대사람 - 기타,안전운전불이행,포장 - 건조,맑음,기타 - 기타,이륜,남,33세,상해없음,보행자,여,28세,경상
1324,2018021400100040,2018년 2월 14일 01시,수요일,서울특별시 중랑구 면목동,경상사고,0,0,1,0,차대사람 - 횡단중,보행자보호의무위반,포장 - 기타,맑음,교차로 - 교차로횡단보도내,승합,여,54세,상해없음,보행자,남,54세,경상
1325,2018021400100045,2018년 2월 14일 01시,수요일,서울특별시 강서구 화곡동,경상사고,0,0,1,0,차대사람 - 보도통행중,안전운전불이행,포장 - 건조,맑음,교차로 - 교차로부근,승용,남,45세,상해없음,보행자,남,31세,경상
1326,2018021400100049,2018년 2월 14일 01시,수요일,서울특별시 은평구 불광동,중상사고,0,1,0,0,차대사람 - 횡단중,안전운전불이행,포장 - 건조,맑음,교차로 - 교차로부근,승용,남,67세,상해없음,보행자,남,56세,중상
1327,2018021400100062,2018년 2월 14일 02시,수요일,서울특별시 중구 신당동,경상사고,0,0,1,0,차대사람 - 기타,안전운전불이행,포장 - 건조,맑음,단일로 - 기타,승용,남,50세,상해없음,보행자,남,28세,경상
1328,2018021400100066,2018년 2월 14일 02시,수요일,서울특별시 영등포구 대림동,경상사고,0,0,1,0,차대사람 - 기타,보행자보호의무위반,포장 - 건조,맑음,단일로 - 기타,승합,남,68세,상해없음,보행자,남,49세,경상
1329,2018021400100067,2018년 2월 14일 02시,수요일,서울특별시 용산구 한남동,중상사고,0,1,0,0,차대사람 - 기타,안전운전불이행,포장 - 건조,맑음,단일로 - 기타,승용,남,52세,상해없음,보행자,남,27세,중상
1330,2018021400100087,2018년 2월 14일 04시,수요일,서울특별시 영등포구 신길동,중상사고,0,1,0,0,차대사람 - 기타,안전운전불이행,포장 - 건조,맑음,교차로 - 교차로안,화물,남,54세,상해없음,보행자,남,49세,중상
1331,2018021400100096,2018년 2월 14일 05시,수요일,서울특별시 동작구 대방동,경상사고,0,0,1,0,차대사람 - 횡단중,안전운전불이행,포장 - 건조,맑음,교차로 - 교차로횡단보도내,승용,남,43세,상해없음,보행자,남,85세,경상
1332,2018021400100104,2018년 2월 14일 06시,수요일,서울특별시 서대문구 홍은동,사망사고,1,0,0,0,차대사람 - 횡단중,안전운전불이행,포장 - 건조,맑음,단일로 - 기타,승용,남,41세,상해없음,보행자,남,80세,사망
1333,2018021400100106,2018년 2월 14일 06시,수요일,서울특별시 서초구 서초동,중상사고,0,1,0,0,차대사람 - 횡단중,보행자보호의무위반,포장 - 건조,맑음,교차로 - 교차로안,승합,남,58세,상해없음,보행자,남,76세,중상
1334,2018021400100130,2018년 2월 14일 07시,수요일,서울특별시 강동구 둔촌동,중상사고,0,1,0,0,차대사람 - 횡단중,안전운전불이행,포장 - 건조,맑음,교차로 - 교차로횡단보도내,승용,남,25세,상해없음,보행자,남,74세,중상
1335,2018021400100148,2018년 2월 14일 08시,수요일,서울특별시 중랑구 묵동,경상사고,0,0,1,0,차대사람 - 기타,교차로운행방법위반,포장 - 건조,맑음,교차로 - 교차로안,승용,남,64세,상해없음,보행자,남,35세,경상
1336,2018021400100200,2018년 2월 14일 10시,수요일,서울특별시 광진구 구의동,경상사고,0,0,1,0,차대사람 - 기타,안전운전불이행,포장 - 건조,맑음,기타 - 기타,화물,남,55세,상해없음,보행자,남,73세,경상
1337,2018021400100201,2018년 2월 14일 10시,수요일,서울특별시 금천구 독산동,중상사고,0,1,0,0,차대사람 - 횡단중,보행자보호의무위반,포장 - 건조,맑음,교차로 - 교차로횡단보도내,승용,여,28세,기타불명,보행자,남,68세,중상
1338,2018021400100204,2018년 2월 14일 10시,수요일,서울특별시 서초구 양재동,경상사고,0,0,1,0,차대사람 - 차도통행중,안전운전불이행,포장 - 건조,맑음,단일로 - 기타,기타불명,기타불명,미분류,기타불명,보행자,여,63세,경상
1339,2018021400100205,2018년 2월 14일 10시,수요일,서울특별시 노원구 월계동,중상사고,0,1,0,0,차대사람 - 기타,안전운전불이행,포장 - 건조,맑음,기타 - 기타,이륜,남,61세,상해없음,보행자,여,77세,중상
1340,2018021400100280,2018년 2월 14일 12시,수요일,서울특별시 금천구 시흥동,경상사고,0,0,1,0,차대사람 - 기타,안전운전불이행,포장 - 건조,맑음,단일로 - 기타,승용,남,20세,상해없음,보행자,여,66세,경상
1341,2018021400100281,2018년 2월 14일 12시,수요일,서울특별시 동작구 노량진동,경상사고,0,0,1,0,차대사람 - 기타,안전운전불이행,포장 - 건조,맑음,단일로 - 기타,승용,남,74세,상해없음,보행자,남,41세,경상
1342,2018021400100302,2018년 2월 14일 13시,수요일,서울특별시 서대문구 홍은동,중상사고,0,2,0,0,차대사람 - 기타,안전운전불이행,포장 - 건조,맑음,교차로 - 교차로부근,승합,남,52세,상해없음,보행자,여,56세,중상
1343,2018021400100303,2018년 2월 14일 13시,수요일,서울특별시 은평구 수색동,경상사고,0,0,1,0,차대사람 - 기타,안전운전불이행,포장 - 건조,맑음,교차로 - 교차로부근,기타불명,기타불명,미분류,기타불명,보행자,여,62세,경상
1344,2018021400100305,2018년 2월 14일 13시,수요일,서울특별시 영등포구 영등포동6가,경상사고,0,0,1,0,차대사람 - 기타,안전운전불이행,포장 - 건조,맑음,단일로 - 기타,이륜,남,35세,상해없음,보행자,여,53세,경상
1345,2018021400100306,2018년 2월 14일 13시,수요일,서울특별시 중랑구 상봉동,경상사고,0,0,1,0,차대사람 - 횡단중,보행자보호의무위반,포장 - 건조,맑음,교차로 - 교차로횡단보도내,승합,남,27세,상해없음,보행자,남,62세,경상
1346,2018021400100329,2018년 2월 14일 14시,수요일,서울특별시 금천구 독산동,중상사고,0,1,0,0,차대사람 - 기타,안전운전불이행,포장 - 건조,맑음,교차로 - 교차로안,화물,남,54세,상해없음,보행자,남,69세,중상
1347,2018021400100330,2018년 2월 14일 14시,수요일,서울특별시 동작구 상도동,중상사고,0,1,0,0,차대사람 - 차도통행중,안전운전불이행,포장 - 건조,맑음,교차로 - 교차로안,승용,여,20세,상해없음,보행자,여,80세,중상
1348,2018021400100332,2018년 2월 14일 14시,수요일,서울특별시 서초구 방배동,경상사고,0,0,1,0,차대사람 - 기타,안전운전불이행,포장 - 건조,맑음,단일로 - 기타,승용,남,62세,기타불명,보행자,여,54세,경상
1349,2018021400100366,2018년 2월 14일 15시,수요일,서울특별시 중구 신당동,경상사고,0,0,1,0,차대사람 - 횡단중,보행자보호의무위반,포장 - 건조,맑음,단일로 - 기타,화물,남,33세,상해없음,보행자,여,11세,경상
1350,2018021400100368,2018년 2월 14일 15시,수요일,서울특별시 동대문구 이문동,중상사고,0,1,0,0,차대사람 - 차도통행중,안전운전불이행,포장 - 건조,맑음,단일로 - 기타,승용,남,34세,상해없음,보행자,남,68세,중상
1351,2018021400100372,2018년 2월 14일 15시,수요일,서울특별시 구로구 궁동,중상사고,0,1,0,0,차대사람 - 횡단중,안전운전불이행,포장 - 건조,맑음,교차로 - 교차로안,승용,여,55세,상해없음,보행자,여,74세,중상
1352,2018021400100412,2018년 2월 14일 16시,수요일,서울특별시 성동구 하왕십리동,경상사고,0,0,1,0,차대사람 - 기타,안전운전불이행,포장 - 건조,맑음,단일로 - 기타,승용,남,54세,상해없음,보행자,여,37세,경상
1353,2018021400100415,2018년 2월 14일 16시,수요일,서울특별시 서초구 우면동,경상사고,0,0,1,0,차대사람 - 기타,기타,포장 - 건조,맑음,기타 - 기타,자전거,남,62세,경상,보행자,기타불명,미분류,기타불명
1354,2018021400100451,2018년 2월 14일 17시,수요일,서울특별시 용산구 용산동2가,경상사고,0,0,1,0,차대사람 - 기타,안전운전불이행,포장 - 건조,맑음,교차로 - 교차로부근,승용,남,40세,상해없음,보행자,여,59세,경상