,사고번호,사고일시,요일,시군구,사고내용,사망자수,중상자수,경상자수,부상신고자수,사고유형,법규위반,노면상태,기상상태,도로형태,가해운전자 차종,가해운전자 성별,가해운전자 연령,가해운전자 상해정도,피해운전자 차종,피해운전자 성별,피해운전자 연령,피해운전자 상해정도
1467,2018022000100428,2018년 2월 20일 20시,화요일,서울특별시 영등포구 여의도동,경상사고,0,0,1,0,차대사람 - 횡단중,안전운전불이행,포장 - 건조,맑음,단일로 - 기타,승용,남,59세,상해없음,보행자,여,24세,경상
1468,2018022000100452,2018년 2월 20일 21시,화요일,서울특별시 강동구 길동,중상사고,0,1,0,0,차대사람 - 기타,안전운전불이행,포장 - 건조,맑음,단일로 - 기타,승용,남,61세,상해없음,보행자,여,63세,중상
1469,2018022000100470,2018년 2월 20일 22시,화요일,서울특별시 송파구 신천동,중상사고,0,1,0,0,차대사람 - 횡단중,보행자보호의무위반,포장 - 건조,맑음,교차로 - 교차로횡단보도내,승합,남,39세,상해없음,보행자,여,69세,중상
1470,2018022100100001,2018년 2월 21일 00시,수요일,서울특별시 서초구 방배동,경상사고,0,0,1,0,차대사람 - 횡단중,안전운전불이행,포장 - 건조,맑음,단일로 - 기타,승용,남,68세,상해없음,보행자,여,21세,경상
1471,2018022100100032,2018년 2월 21일 05시,수요일,서울특별시 동대문구 답십리동,중상사고,0,1,0,0,차대사람 - 차도통행중,안전운전불이행,포장 - 건조,맑음,교차로 - 교차로부근,승용,남,51세,상해없음,보행자,여,76세,중상
1472,2018022100100033,2018년 2월 21일 05시,수요일,서울특별시 강동구 둔촌동,중상사고,0,1,0,0,차대사람 - 횡단중,신호위반,포장 - 건조,맑음,단일로 - 기타,승용,남,74세,상해없음,보행자,여,73세,중상
1473,2018022100100034,2018년 2월 21일 05시,수요일,서울특별시 양천구 목동,중상사고,0,1,0,0,차대사람 - 차도통행중,안전운전불이행,포장 - 건조,맑음,단일로 - 기타,이륜,남,31세,상해없음,보행자,여,62세,중상
1474,2018022100100045,2018년 2월 21일 06시,수요일,서울특별시 강남구 논현동,중상사고,0,1,0,0,차대사람 - 기타,안전운전불이행,포장 - 기타,기타,단일로 - 기타,승용,남,58세,상해없음,보행자,여,65세,중상
1475,2018022100100046,2018년 2월 21일 06시,수요일,서울특별시 서초구 반포동,중상사고,0,1,0,0,차대사람 - 횡단중,신호위반,포장 - 건조,맑음,교차로 - 교차로횡단보도내,승용,남,45세,상해없음,보행자,여,29세,중상
1476,2018022100100100,2018년 2월 21일 09시,수요일,서울특별시 동작구 상도동,경상사고,0,0,1,0,차대사람 - 기타,안전운전불이행,포장 - 건조,맑음,단일로 - 기타,승용,여,32세,기타불명,보행자,여,21세,경상
1477,2018022100100144,2018년 2월 21일 11시,수요일,서울특별시 용산구 한강로3가,부상신고사고,0,0,0,1,차대사람 - 횡단중,보행자보호의무위반,포장 - 건조,맑음,교차로 - 교차로부근,화물,남,49세,상해없음,보행자,남,62세,부상신고
1478,2018022100100146,2018년 2월 21일 11시,수요일,서울특별시 서초구 서초동,경상사고,0,0,1,0,차대사람 - 기타,안전운전불이행,포장 - 건조,맑음,단일로 - 기타,승용,남,59세,기타불명,보행자,여,40세,경상
1479,2018022100100166,2018년 2월 21일 12시,수요일,서울특별시 동대문구 전농동,경상사고,0,0,1,0,차대사람 - 기타,안전운전불이행,포장 - 건조,맑음,단일로 - 기타,승용,남,58세,상해없음,보행자,여,59세,경상
1480,2018022100100170,2018년 2월 21일 12시,수요일,서울특별시 송파구 마천동,중상사고,0,1,0,0,차대사람 - 길가장자리구역통행중,안전운전불이행,포장 - 건조,맑음,교차로 - 교차로안,승용,남,54세,상해없음,보행자,여,71세,중상
1481,2018022100100192,2018년 2월 21일 13시,수요일,서울특별시 서초구 서초동,중상사고,0,1,1,0,차대사람 - 보도통행중,기타,포장 - 건조,맑음,기타 - 기타,이륜,남,52세,중상,보행자,여,65세,경상
1482,2018022100100215,2018년 2월 21일 14시,수요일,서울특별시 마포구 동교동,경상사고,0,0,1,0,차대사람 - 횡단중,보행자보호의무위반,포장 - 건조,맑음,교차로 - 교차로횡단보도내,화물,남,67세,상해없음,보행자,여,29세,경상
1483,2018022100100216,2018년 2월 21일 14시,수요일,서울특별시 마포구 용강동,경상사고,0,0,1,0,차대사람 - 횡단중,안전운전불이행,포장 - 건조,맑음,단일로 - 기타,화물,남,69세,상해없음,보행자,여,57세,경상
1484,2018022100100218,2018년 2월 21일 14시,수요일,서울특별시 금천구 독산동,중상사고,0,1,0,0,차대사람 - 기타,안전운전불이행,포장 - 건조,맑음,교차로 - 교차로안,승용,여,58세,상해없음,보행자,남,80세,중상
1485,2018022100100243,2018년 2월 21일 15시,수요일,서울특별시 동작구 신대방동,경상사고,0,0,1,0,차대사람 - 횡단중,보행자보호의무위반,포장 - 건조,맑음,교차로 - 교차로횡단보도내,승용,여,41세,상해없음,보행자,여,56세,경상
1486,2018022100100273,2018년 2월 21일 16시,수요일,서울특별시 마포구 상수동,경상사고,0,0,1,0,차대사람 - 보도통행중,보행자보호의무위반,포장 - 건조,맑음,단일로 - 기타,승용,남,32세,상해없음,보행자,여,19세,경상
1487,2018022100100274,2018년 2월 21일 16시,수요일,서울특별시 영등포구 문래동6가,경상사고,0,0,1,0,차대사람 - 횡단중,보행자보호의무위반,포장 - 건조,맑음,교차로 - 교차로안,승용,여,46세,상해없음,보행자,여,28세,경상
1488,2018022100100275,2018년 2월 21일 16시,수요일,서울특별시 금천구 독산동,경상사고,0,0,1,0,차대사람 - 기타,안전운전불이행,포장 - 건조,맑음,단일로 - 기타,승용,여,56세,상해없음,보행자,여,66세,경상
1489,2018022100100318,2018년 2월 21일 18시,수요일,서울특별시 서대문구 홍제동,중상사고,0,1,0,0,차대사람 - 횡단중,안전운전불이행,포장 - 건조,맑음,교차로 - 교차로안,승용,여,55세,상해없음,보행자,여,80세,중상
1490,2018022100100319,2018년 2월 21일 18시,수요일,서울특별시 동대문구 용두동,중상사고,0,1,0,0,차대사람 - 횡단중,보행자보호의무위반,포장 - 건조,맑음,단일로 - 기타,화물,남,28세,상해없음,보행자,남,40세,중상
1491,2018022100100320,2018년 2월 21일 18시,수요일,서울특별시 강남구 논현동,중상사고,0,1,0,0,차대사람 - 횡단중,안전운전불이행,포장 - 건조,맑음,단일로 - 기타,승용,여,41세,상해없음,보행자,여,31세,중상
1492,2018022100100322,2018년 2월 21일 18시,수요일,서울특별시 은평구 갈현동,경상사고,0,0,1,0,차대사람 - 횡단중,신호위반,포장 - 건조,맑음,교차로 - 교차로안,승용,남,70세,상해없음,보행자,여,45세,경상
1493,2018022100100366,2018년 2월 21일 19시,수요일,서울특별시 영등포구 영등포동8가,경상사고,0,0,1,0,차대사람 - 기타,기타,포장 - 건조,맑음,기타 - 기타,승용,남,69세,상해없음,보행자,남,4세,경상
1494,2018022100100403,2018년 2월 21일 20시,수요일,서울특별시 중구 을지로6가,중상사고,0,1,0,0,차대사람 - 기타,안전운전불이행,포장 - 건조,맑음,단일로 - 기타,승합,남,63세,상해없음,보행자,여,62세,중상
1495,2018022100100467,2018년 2월 21일 23시,수요일,서울특별시 은평구 응암동,경상사고,0,0,1,0,차대사람 - 기타,안전운전불이행,포장 - 건조,맑음,단일로 - 기타,승용,남,47세,상해없음,보행자,여,64세,경상
1496,2018022100100469,2018년 2월 21일 23시,수요일,서울특별시 동대문구 장안동,경상사고,0,0,1,0,차대사람 - 차도통행중,안전운전불이행,포장 - 건조,맑음,단일로 - 기타,이륜,남,16세,기타불명,보행자,남,33세,경상
1497,2018022100100471,2018년 2월 21일 23시,수요일,서울특별시 영등포구 영등포동7가,경상사고,0,0,1,0,차대사람 - 횡단중,보행자보호의무위반,포장 - 건조,맑음,교차로 - 교차로안,승용,남,67세,상해없음,보행자,여,33세,경상
1498,2018022200100004,2018년 2월 22일 00시,목요일,서울특별시 광진구 군자동,경상사고,0,0,1,0,차대사람 - 기타,안전운전불이행,포장 - 건조,맑음,단일로 - 기타,승용,남,56세,상해없음,보행자,남,30세,경상
1499,2018022200100021,2018년 2월 22일 01시,목요일,서울특별시 서대문구 현저동,경상사고,0,0,1,0,차대사람 - 기타,안전운전불이행,포장 - 건조,맑음,단일로 - 기타,승용,남,77세,상해없음,보행자,남,39세,경상
1500,2018022200100023,2018년 2월 22일 01시,목요일,서울특별시 성북구 정릉동,중상사고,0,1,0,0,차대사람 - 횡단중,안전운전불이행,포장 - 건조,맑음,단일로 - 기타,승용,남,51세,상해없음,보행자,남,60세,중상
1501,2018022200100045,2018년 2월 22일 03시,목요일,서울특별시 강북구 수유동,경상사고,0,0,1,0,차대사람 - 보도통행중,안전운전불이행,포장 - 건조,흐림,단일로 - 기타,승용,남,61세,상해없음,보행자,남,43세,경상
1502,2018022200100046,2018년 2월 22일 03시,목요일,서울특별시 영등포구 양평동4가,경상사고,0,0,2,0,차대사람 - 길가장자리구역통행중,안전운전불이행,포장 - 건조,기타,단일로 - 기타,화물,남,53세,기타불명,보행자,남,60세,경상
1503,2018022200100070,2018년 2월 22일 06시,목요일,서울특별시 용산구 효창동,중상사고,0,1,0,0,차대사람 - 차도통행중,안전운전불이행,포장 - 건조,맑음,단일로 - 기타,승용,남,62세,상해없음,보행자,남,71세,중상
1504,2018022200100099,2018년 2월 22일 08시,목요일,서울특별시 종로구 창신동,중상사고,0,1,0,0,차대사람 - 횡단중,안전운전불이행,포장 - 건조,맑음,단일로 - 기타,이륜,남,58세,상해없음,보행자,남,73세,중상
1505,2018022200100102,2018년 2월 22일 08시,목요일,서울특별시 관악구 신림동,중상사고,0,1,0,0,차대사람 - 차도통행중,안전운전불이행,포장 - 건조,맑음,단일로 - 기타,승용,남,26세,상해없음,보행자,남,57세,중상
1506,2018022200100104,2018년 2월 22일 08시,목요일,서울특별시 도봉구 도봉동,경상사고,0,0,1,0,차대사람 - 횡단중,보행자보호의무위반,포장 - 건조,맑음,교차로 - 교차로횡단보도내,승용,남,49세,기타불명,보행자,여,24세,경상
1507,2018022200100132,2018년 2월 22일 09시,목요일,서울특별시 용산구 한남동,경상사고,0,0,1,0,차대사람 - 기타,안전운전불이행,포장 - 건조,맑음,단일로 - 지하차도(도로)내,승용,여,41세,상해없음,보행자,남,33세,경상
1508,2018022200100133,2018년 2월 22일 09시,목요일,서울특별시 광진구 중곡동,부상신고사고,0,0,0,1,차대사람 - 횡단중,안전운전불이행,포장 - 건조,맑음,단일로 - 기타,승용,남,43세,상해없음,보행자,남,14세,부상신고
1509,2018022200100192,2018년 2월 22일 11시,목요일,서울특별시 강북구 미아동,중상사고,0,1,0,0,차대사람 - 횡단중,안전운전불이행,포장 - 건조,맑음,단일로 - 기타,승용,여,46세,상해없음,보행자,여,57세,중상
1510,2018022200100193,2018년 2월 22일 11시,목요일,서울특별시 강서구 가양동,경상사고,0,0,1,0,차대사람 - 횡단중,신호위반,포장 - 건조,맑음,단일로 - 기타,승용,여,62세,상해없음,보행자,남,11세,경상
1511,2018022200100225,2018년 2월 22일 12시,목요일,서울특별시 중구 남산동1가,중상사고,0,1,0,0,차대사람 - 횡단중,안전운전불이행,포장 - 건조,맑음,단일로 - 기타,승용,남,19세,상해없음,보행자,남,71세,중상
1512,2018022200100229,2018년 2월 22일 12시,목요일,서울특별시 성동구 성수동2가,경상사고,0,0,1,0,차대사람 - 기타,안전운전불이행,포장 - 건조,맑음,단일로 - 기타,승용,남,62세,상해없음,보행자,남,8세,경상
1513,2018022200100233,2018년 2월 22일 12시,목요일,서울특별시 서초구 서초동,경상사고,0,0,1,0,차대사람 - 보도통행중,기타,포장 - 건조,맑음,기타 - 기타,이륜,남,49세,상해없음,보행자,남,27세,경상
1514,2018022200100256,2018년 2월 22일 13시,목요일,서울특별시 영등포구 도림동,중상사고,0,1,0,0,차대사람 - 횡단중,안전운전불이행,포장 - 건조,맑음,단일로 - 기타,승용,여,28세,상해없음,보행자,남,50세,중상
1515,2018022200100257,2018년 2월 22일 13시,목요일,서울특별시 관악구 봉천동,중상사고,0,1,0,0,차대사람 - 기타,안전운전불이행,포장 - 건조,맑음,단일로 - 기타,승용,여,45세,상해없음,보행자,여,69세,중상
1516,2018022200100258,2018년 2월 22일 13시,목요일,서울특별시 관악구 신림동,경상사고,0,0,1,0,차대사람 - 횡단중,안전운전불이행,포장 - 건조,맑음,단일로 - 기타,승합,남,56세,상해없음,보행자,여,73세,경상
1517,2018022200100279,2018년 2월 22일 14시,목요일,서울특별시 광진구 자양동,중상사고,0,1,0,0,차대사람 - 길가장자리구역통행중,안전운전불이행,포장 - 건조,맑음,단일로 - 기타,승용,여,55세,상해없음,보행자,여,79세,중상
1518,2018022200100281,2018년 2월 22일 14시,목요일,서울특별시 강남구 청담동,경상사고,0,0,1,0,차대사람 - 기타,안전운전불이행,포장 - 기타,기타,단일로 - 기타,승용,여,24세,상해없음,보행자,여,32세,경상
1519,2018022200100282,2018년 2월 22일 14시,목요일,서울특별시 도봉구 쌍문동,부상신고사고,0,0,0,1,차대사람 - 기타,안전운전불이행,포장 - 건조,맑음,단일로 - 교량,화물,남,48세,상해없음,보행자,남,61세,부상신고
1520,2018022200100358,2018년 2월 22일 17시,목요일,서울특별시 영등포구 대림동,경상사고,0,0,1,0,차대사람 - 기타,신호위반,포장 - 건조,맑음,단일로 - 기타,승용,남,54세,상해없음,보행자,남,74세,경상
1521,2018022200100468,2018년 2월 22일 20시,목요일,서울특별시 강남구 역삼동,부상신고사고,0,0,0,1,차대사람 - 기타,안전운전불이행,포장 - 건조,흐림,단일로 - 기타,기타불명,기타불명,미분류,기타불명,보행자,남,44세,부상신고
1522,2018022200100491,2018년 2월 22일 21시,목요일,서울특별시 성북구 안암동4가,경상사고,0,0,1,0,차대사람 - 횡단중,보행자보호의무위반,포장 - 건조,맑음,교차로 - 교차로횡단보도내,화물,남,21세,상해없음,보행자,여,37세,경상
1523,2018022200100528,2018년 2월 22일 22시,목요일,서울특별시 강북구 수유동,중상사고,0,1,0,0,차대사람 - 횡단중,안전운전불이행,포장 - 건조,맑음,단일로 - 기타,승용,여,51세,상해없음,보행자,남,52세,중상
1524,2018022200100530,2018년 2월 22일 22시,목요일,서울특별시 동작구 본동,중상사고,0,1,0,0,차대사람 - 횡단중,안전운전불이행,포장 - 건조,맑음,교차로 - 교차로부근,승용,여,51세,상해없음,보행자,남,45세,중상
1525,2018022200100567,2018년 2월 22일 23시,목요일,서울특별시 강남구 논현동,중상사고,0,1,0,0,차대사람 - 길가장자리구역통행중,안전운전불이행,포장 - 건조,맑음,단일로 - 기타,승용,남,43세,상해없음,보행자,남,27세,중상
1526,2018022300100001,2018년 2월 23일 00시,금요일,서울특별시 종로구 수송동,경상사고,0,0,1,0,차대사람 - 차도통행중,안전운전불이행,포장 - 적설,눈,교차로 - 교차로부근,승용,남,58세,상해없음,보행자,여,46세,경상
1527,2018022300100004,2018년 2월 23일 00시,금요일,서울특별시 성동구 성수동1가,부상신고사고,0,0,0,1,차대사람 - 차도통행중,안전운전불이행,포장 - 적설,눈,단일로 - 기타,이륜,남,24세,상해없음,보행자,남,64세,부상신고
1528,2018022300100026,2018년 2월 23일 01시,금요일,서울특별시 중구 장충동2가,중상사고,0,1,0,1,차대사람 - 횡단중,안전운전불이행,포장 - 적설,눈,교차로 - 교차로부근,승용,남,30세,상해없음,보행자,남,23세,중상
1529,2018022300100027,2018년 2월 23일 01시,금요일,서울특별시 강북구 번동,경상사고,0,0,1,0,차대사람 - 횡단중,안전운전불이행,포장 - 젖음/습기,눈,단일로 - 기타,승용,남,64세,상해없음,보행자,남,52세,경상
1530,2018022300100077,2018년 2월 23일 06시,금요일,서울특별시 성북구 정릉동,경상사고,0,0,1,0,차대사람 - 횡단중,보행자보호의무위반,포장 - 젖음/습기,흐림,교차로 - 교차로횡단보도내,승용,남,58세,상해없음,보행자,남,30세,경상
1531,2018022300100081,2018년 2월 23일 06시,금요일,서울특별시 중랑구 망우동,중상사고,0,1,0,0,차대사람 - 횡단중,보행자보호의무위반,포장 - 젖음/습기,흐림,교차로 - 교차로횡단보도내,승용,여,31세,상해없음,보행자,여,26세,중상
1532,2018022300100100,2018년 2월 23일 07시,금요일,서울특별시 강서구 등촌동,경상사고,0,0,1,0,차대사람 - 보도통행중,보행자보호의무위반,포장 - 건조,맑음,교차로 - 교차로안,승용,여,39세,상해없음,보행자,여,23세,경상
1533,2018022300100169,2018년 2월 23일 09시,금요일,서울특별시 서대문구 연희동,중상사고,0,1,0,0,차대사람 - 횡단중,보행자보호의무위반,포장 - 젖음/습기,맑음,단일로 - 기타,승용,남,28세,상해없음,보행자,여,78세,중상
1534,2018022300100230,2018년 2월 23일 11시,금요일,서울특별시 마포구 서교동,중상사고,0,1,0,0,차대사람 - 횡단중,안전운전불이행,포장 - 건조,흐림,단일로 - 기타,승합,남,53세,상해없음,보행자,여,39세,중상
1535,2018022300100234,2018년 2월 23일 11시,금요일,서울특별시 동작구 사당동,경상사고,0,0,1,0,차대사람 - 기타,안전운전불이행,포장 - 건조,맑음,단일로 - 기타,승용,여,38세,상해없음,보행자,남,89세,경상
1536,2018022300100273,2018년 2월 23일 12시,금요일,서울특별시 영등포구 문래동1가,경상사고,0,0,1,0,차대사람 - 차도통행중,안전운전불이행,포장 - 건조,맑음,교차로 - 교차로안,화물,남,31세,상해없음,보행자,남,88세,경상
1537,2018022300100301,2018년 2월 23일 13시,금요일,서울특별시 강남구 역삼동,중상사고,0,1,0,0,차대사람 - 보도통행중,안전운전불이행,포장 - 건조,맑음,단일로 - 기타,승용,남,76세,상해없음,보행자,여,31세,중상
1538,2018022300100302,2018년 2월 23일 13시,금요일,서울특별시 강남구 세곡동,중상사고,0,1,0,0,차대사람 - 횡단중,보행자보호의무위반,포장 - 건조,맑음,교차로 - 교차로횡단보도내,승용,남,63세,상해없음,보행자,여,6세,중상
1539,2018022300100394,2018년 2월 23일 17시,금요일,서울특별시 중랑구 망우동,경상사고,0,0,1,0,차대사람 - 차도통행중,안전운전불이행,포장 - 건조,맑음,교차로 - 교차로안,승용,남,49세,상해없음,보행자,남,65세,경상
1540,2018022300100421,2018년 2월 23일 18시,금요일,서울특별시 동대문구 휘경동,경상사고,0,0,1,0,차대사람 - 기타,안전운전불이행,포장 - 건조,맑음,단일로 - 기타,승합,남,53세,상해없음,보행자,남,50세,경상
1541,2018022300100423,2018년 2월 23일 18시,금요일,서울특별시 관악구 신림동,부상신고사고,0,0,0,1,차대사람 - 차도통행중,안전운전불이행,포장 - 건조,맑음,교차로 - 교차로안,화물,남,58세,상해없음,보행자,남,8세,부상신고
1542,2018022300100454,2018년 2월 23일 19시,금요일,서울특별시 동대문구 제기동,경상사고,0,0,1,0,차대사람 - 횡단중,안전운전불이행,포장 - 건조,맑음,교차로 - 교차로안,승용,남,58세,상해없음,보행자,여,77세,경상
1543,2018022300100506,2018년 2월 23일 20시,금요일,서울특별시 강서구 공항동,중상사고,0,1,0,0,차대사람 - 횡단중,안전운전불이행,포장 - 건조,맑음,단일로 - 기타,승용,남,56세,상해없음,보행자,남,54세,중상
1544,2018022300100573,2018년 2월 23일 22시,금요일,서울특별시 용산구 이태원동,경상사고,0,0,1,0,차대사람 - 횡단중,신호위반,포장 - 건조,흐림,기타 - 기타,이륜,남,21세,상해없음,보행자,여,23세,경상
1545,2018022300100577,2018년 2월 23일 22시,금요일,서울특별시 관악구 봉천동,중상사고,0,1,0,0,차대사람 - 기타,안전운전불이행,포장 - 건조,기타,교차로 - 교차로부근,승합,남,63세,상해없음,보행자,남,54세,중상
1546,2018022300100578,2018년 2월 23일 22시,금요일,서울특별시 강서구 화곡동,경상사고,0,0,1,0,차대사람 - 길가장자리구역통행중,안전운전불이행,포장 - 건조,맑음,단일로 - 기타,승용,여,43세,상해없음,보행자,여,57세,경상
1547,2018022300100579,2018년 2월 23일 22시,금요일,서울특별시 강동구 길동,중상사고,0,1,0,0,차대사람 - 횡단중,안전운전불이행,포장 - 건조,맑음,교차로 - 교차로안,승용,남,30세,상해없음,보행자,남,47세,중상
1548,2018022300100609,2018년 2월 23일 23시,금요일,서울특별시 영등포구 영등포동2가,경상사고,0,0,2,0,차대사람 - 횡단중,안전운전불이행,포장 - 건조,맑음,교차로 - 교차로부근,이륜,남,24세,기타불명,보행자,여,39세,경상
1549,2018022400100005,2018년 2월 24일 00시,토요일,서울특별시 송파구 방이동,부상신고사고,0,0,0,1,차대사람 - 기타,안전운전불이행,포장 - 건조,맑음,기타 - 기타,승용,남,35세,상해없음,보행자,남,34세,부상신고
1550,2018022400100022,2018년 2월 24일 01시,토요일,서울특별시 중랑구 면목동,경상사고,0,0,1,0,차대사람 - 횡단중,안전운전불이행,포장 - 건조,맑음,교차로 - 교차로안,승용,남,38세,상해없음,보행자,남,41세,경상
1551,2018022400100024,2018년 2월 24일 01시,토요일,서울특별시 송파구 잠실동,중상사고,0,1,0,0,차대사람 - 횡단중,보행자보호의무위반,포장 - 건조,맑음,교차로 - 교차로횡단보도내,승용,남,56세,상해없음,보행자,남,45세,중상
1552,2018022400100059,2018년 2월 24일 04시,토요일,서울특별시 동작구 상도동,중상사고,0,1,0,0,차대사람 - 횡단중,안전운전불이행,포장 - 건조,맑음,교차로 - 교차로안,승용,남,64세,상해없음,보행자,남,52세,중상
1553,2018022400100060,2018년 2월 24일 04시,토요일,서울특별시 중랑구 상봉동,경상사고,0,0,1,0,차대사람 - 기타,안전운전불이행,포장 - 건조,맑음,단일로 - 기타,이륜,남,38세,상해없음,보행자,남,57세,경상
1554,2018022400100061,2018년 2월 24일 04시,토요일,서울특별시 중랑구 망우동,중상사고,0,1,0,0,차대사람 - 기타,보행자보호의무위반,포장 - 건조,맑음,교차로 - 교차로부근,승용,남,77세,상해없음,보행자,남,74세,중상
1555,2018022400100067,2018년 2월 24일 05시,토요일,서울특별시 동대문구 답십리동,사망사고,1,0,0,0,차대사람 - 횡단중,안전운전불이행,포장 - 건조,맑음,교차로 - 교차로횡단보도내,승용,남,56세,상해없음,보행자,남,57세,사망
1556,2018022400100071,2018년 2월 24일 05시,토요일,서울특별시 강남구 개포동,중상사고,0,1,0,0,차대사람 - 횡단중,안전운전불이행,포장 - 건조,맑음,교차로 - 교차로부근,승용,남,69세,상해없음,보행자,남,74세,중상
1557,2018022400100088,2018년 2월 24일 06시,토요일,서울특별시 강서구 화곡동,경상사고,0,0,1,0,차대사람 - 횡단중,보행자보호의무위반,포장 - 건조,맑음,교차로 - 교차로횡단보도내,화물,남,53세,상해없음,보행자,남,61세,경상
1558,2018022400100106,2018년 2월 24일 07시,토요일,서울특별시 용산구 용문동,경상사고,0,0,1,0,차대사람 - 기타,신호위반,포장 - 건조,맑음,교차로 - 교차로횡단보도내,화물,남,52세,상해없음,보행자,남,52세,경상
1559,2018022400100107,2018년 2월 24일 07시,토요일,서울특별시 노원구 하계동,부상신고사고,0,0,0,1,차대사람 - 차도통행중,안전운전불이행,포장 - 건조,맑음,교차로 - 교차로부근,승용,남,60세,상해없음,보행자,여,18세,부상신고
1560,2018022400100119,2018년 2월 24일 08시,토요일,서울특별시 강북구 수유동,경상사고,0,0,1,0,차대사람 - 기타,안전운전불이행,포장 - 건조,맑음,교차로 - 교차로안,승용,남,58세,상해없음,보행자,남,56세,경상
1561,2018022400100121,2018년 2월 24일 08시,토요일,서울특별시 관악구 봉천동,경상사고,0,0,2,0,차대사람 - 보도통행중,보행자보호의무위반,포장 - 건조,맑음,교차로 - 교차로안,화물,남,55세,상해없음,보행자,남,29세,경상
1562,2018022400100157,2018년 2월 24일 10시,토요일,서울특별시 용산구 한강로3가,경상사고,0,0,1,0,차대사람 - 횡단중,보행자보호의무위반,포장 - 건조,맑음,교차로 - 교차로횡단보도내,승용,남,43세,상해없음,보행자,남,68세,경상
1563,2018022400100160,2018년 2월 24일 10시,토요일,서울특별시 서초구 양재동,경상사고,0,0,1,0,차대사람 - 차도통행중,안전운전불이행,포장 - 건조,맑음,단일로 - 기타,승용,남,56세,상해없음,보행자,남,68세,경상
1564,2018022400100161,2018년 2월 24일 10시,토요일,서울특별시 양천구 신월동,중상사고,0,1,0,0,차대사람 - 길가장자리구역통행중,안전운전불이행,포장 - 건조,맑음,단일로 - 기타,화물,남,49세,상해없음,보행자,여,65세,중상
1565,2018022400100189,2018년 2월 24일 11시,토요일,서울특별시 은평구 대조동,중상사고,0,1,0,0,차대사람 - 기타,안전운전불이행,포장 - 건조,맑음,단일로 - 기타,승용,남,61세,상해없음,보행자,여,56세,중상
1566,2018022400100239,2018년 2월 24일 13시,토요일,서울특별시 관악구 봉천동,부상신고사고,0,0,0,1,차대사람 - 길가장자리구역통행중,안전운전불이행,포장 - 기타,맑음,단일로 - 기타,기타불명,기타불명,미분류,기타불명,보행자,여,23세,부상신고
1567,2018022400100295,2018년 2월 24일 15시,토요일,서울특별시 은평구 갈현동,경상사고,0,0,1,0,차대사람 - 차도통행중,안전운전불이행,포장 - 건조,맑음,교차로 - 교차로부근,승용,남,56세,상해없음,보행자,남,42세,경상
1568,2018022400100323,2018년 2월 24일 16시,토요일,서울특별시 구로구 신도림동,중상사고,0,1,0,0,차대사람 - 차도통행중,보행자보호의무위반,포장 - 건조,맑음,단일로 - 기타,승용,남,28세,상해없음,보행자,여,8세,중상
1569,2018022400100353,2018년 2월 24일 17시,토요일,서울특별시 양천구 신정동,경상사고,0,0,1,0,차대사람 - 보도통행중,기타,포장 - 건조,맑음,기타 - 기타,승용,남,68세,상해없음,보행자,남,56세,경상
1570,2018022400100377,2018년 2월 24일 18시,토요일,서울특별시 강서구 방화동,중상사고,0,1,0,0,차대사람 - 보도통행중,보행자보호의무위반,포장 - 건조,맑음,교차로 - 교차로부근,승합,남,55세,상해없음,보행자,여,48세,중상
1571,2018022400100452,2018년 2월 24일 21시,토요일,서울특별시 중구 신당동,경상사고,0,0,1,0,차대사람 - 기타,안전운전불이행,포장 - 건조,맑음,교차로 - 교차로횡단보도내,승용,남,53세,상해없음,보행자,여,55세,경상
1572,2018022400100501,2018년 2월 24일 23시,토요일,서울특별시 구로구 구로동,경상사고,0,0,1,0,차대사람 - 기타,안전운전불이행,포장 - 건조,맑음,단일로 - 기타,승용,남,58세,상해없음,보행자,남,26세,경상
1573,2018022400100502,2018년 2월 24일 23시,토요일,서울특별시 서초구 양재동,경상사고,0,0,1,0,차대사람 - 횡단중,보행자보호의무위반,포장 - 건조,맑음,교차로 - 교차로횡단보도내,승용,남,69세,상해없음,보행자,여,24세,경상
1574,2018022500100003,2018년 2월 25일 00시,일요일,서울특별시 마포구 노고산동,경상사고,0,0,2,0,차대사람 - 횡단중,안전운전불이행,포장 - 건조,맑음,교차로 - 교차로부근,원동기,남,32세,경상,보행자,여,30세,경상
1575,2018022500100017,2018년 2월 25일 01시,일요일,서울특별시 중랑구 망우동,사망사고,1,0,0,0,차대사람 - 차도통행중,안전운전불이행,포장 - 건조,맑음,단일로 - 기타,승용,남,62세,상해없음,보행자,남,57세,사망
1576,2018022500100040,2018년 2월 25일 03시,일요일,서울특별시 서대문구 홍은동,경상사고,0,0,1,0,차대사람 - 횡단중,기타,포장 - 건조,흐림,단일로 - 기타,승용,남,57세,상해없음,보행자,남,21세,경상
1577,2018022500100041,2018년 2월 25일 03시,일요일,서울특별시 마포구 서교동,중상사고,0,1,0,0,차대사람 - 기타,안전운전불이행,포장 - 건조,맑음,교차로 - 교차로안,승용,남,63세,상해없음,보행자,여,24세,중상
1578,2018022500100042,2018년 2월 25일 03시,일요일,서울특별시 노원구 상계동,경상사고,0,0,1,0,차대사람 - 기타,안전운전불이행,포장 - 건조,맑음,단일로 - 기타,승용,남,26세,상해없음,보행자,남,24세,경상