,사고번호,사고일시,요일,시군구,사고내용,사망자수,중상자수,경상자수,부상신고자수,사고유형,법규위반,노면상태,기상상태,도로형태,가해운전자 차종,가해운전자 성별,가해운전자 연령,가해운전자 상해정도,피해운전자 차종,피해운전자 성별,피해운전자 연령,피해운전자 상해정도
1579,2018022500100057,2018년 2월 25일 04시,일요일,서울특별시 영등포구 여의도동,경상사고,0,0,1,0,차대사람 - 횡단중,안전운전불이행,포장 - 건조,맑음,단일로 - 기타,승용,남,65세,상해없음,보행자,남,66세,경상
1580,2018022500100074,2018년 2월 25일 06시,일요일,서울특별시 강남구 개포동,경상사고,0,0,1,0,차대사람 - 횡단중,보행자보호의무위반,포장 - 건조,맑음,교차로 - 교차로안,승용,남,58세,상해없음,보행자,여,22세,경상
1581,2018022500100086,2018년 2월 25일 07시,일요일,서울특별시 서초구 잠원동,경상사고,0,0,2,0,차대사람 - 기타,안전운전불이행,포장 - 건조,맑음,단일로 - 기타,승용,남,27세,상해없음,보행자,남,35세,경상
1582,2018022500100093,2018년 2월 25일 08시,일요일,서울특별시 마포구 서교동,중상사고,0,1,0,0,차대사람 - 기타,안전운전불이행,포장 - 건조,맑음,단일로 - 기타,승용,남,56세,상해없음,보행자,여,19세,중상
1583,2018022500100150,2018년 2월 25일 12시,일요일,서울특별시 성북구 삼선동2가,경상사고,0,0,1,0,차대사람 - 횡단중,안전운전불이행,포장 - 건조,맑음,단일로 - 기타,승용,남,57세,상해없음,보행자,남,10세,경상
1584,2018022500100153,2018년 2월 25일 12시,일요일,서울특별시 송파구 송파동,경상사고,0,0,1,0,차대사람 - 기타,안전운전불이행,포장 - 건조,맑음,단일로 - 기타,이륜,남,22세,기타불명,보행자,남,15세,경상
1585,2018022500100192,2018년 2월 25일 14시,일요일,서울특별시 동대문구 전농동,경상사고,0,0,1,0,차대사람 - 기타,안전운전불이행,포장 - 건조,맑음,교차로 - 교차로안,승용,남,73세,상해없음,보행자,남,61세,경상
1586,2018022500100196,2018년 2월 25일 14시,일요일,서울특별시 도봉구 쌍문동,경상사고,0,0,1,0,차대사람 - 기타,기타,포장 - 건조,맑음,단일로 - 기타,승용,남,61세,상해없음,보행자,여,71세,경상
1587,2018022500100239,2018년 2월 25일 16시,일요일,서울특별시 동작구 상도동,경상사고,0,0,1,0,차대사람 - 횡단중,보행자보호의무위반,포장 - 건조,맑음,교차로 - 교차로부근,이륜,남,16세,상해없음,보행자,여,65세,경상
1588,2018022500100305,2018년 2월 25일 19시,일요일,서울특별시 송파구 송파동,경상사고,0,0,1,0,차대사람 - 차도통행중,안전운전불이행,포장 - 건조,맑음,교차로 - 교차로부근,승용,남,74세,상해없음,보행자,여,75세,경상
1589,2018022500100328,2018년 2월 25일 20시,일요일,서울특별시 강동구 천호동,부상신고사고,0,0,0,1,차대사람 - 횡단중,안전운전불이행,포장 - 건조,맑음,교차로 - 교차로횡단보도내,기타불명,기타불명,미분류,기타불명,보행자,여,38세,부상신고
1590,2018022500100329,2018년 2월 25일 20시,일요일,서울특별시 노원구 상계동,경상사고,0,0,1,0,차대사람 - 횡단중,안전운전불이행,포장 - 건조,맑음,단일로 - 기타,이륜,남,33세,상해없음,보행자,남,47세,경상
1591,2018022500100330,2018년 2월 25일 20시,일요일,서울특별시 도봉구 쌍문동,경상사고,0,0,1,0,차대사람 - 기타,안전운전불이행,포장 - 건조,흐림,단일로 - 기타,승합,남,69세,상해없음,보행자,여,52세,경상
1592,2018022500100347,2018년 2월 25일 21시,일요일,서울특별시 동대문구 장안동,경상사고,0,0,1,0,차대사람 - 횡단중,안전운전불이행,포장 - 건조,맑음,교차로 - 교차로횡단보도내,이륜,남,44세,상해없음,보행자,여,58세,경상
1593,2018022500100348,2018년 2월 25일 21시,일요일,서울특별시 동작구 노량진동,중상사고,0,1,0,0,차대사람 - 횡단중,안전운전불이행,포장 - 건조,맑음,기타 - 기타,승용,남,29세,상해없음,보행자,여,22세,중상
1594,2018022600100011,2018년 2월 26일 01시,월요일,서울특별시 마포구 망원동,부상신고사고,0,0,0,1,차대사람 - 길가장자리구역통행중,안전운전불이행,포장 - 건조,맑음,단일로 - 기타,승용,남,47세,상해없음,보행자,여,59세,부상신고
1595,2018022600100018,2018년 2월 26일 03시,월요일,서울특별시 강남구 역삼동,중상사고,0,1,0,0,차대사람 - 횡단중,안전운전불이행,포장 - 건조,맑음,단일로 - 기타,승용,남,49세,상해없음,보행자,여,68세,중상
1596,2018022600100030,2018년 2월 26일 05시,월요일,서울특별시 강남구 역삼동,중상사고,0,1,0,0,차대사람 - 횡단중,안전운전불이행,포장 - 건조,맑음,단일로 - 기타,승용,남,46세,상해없음,보행자,여,72세,중상
1597,2018022600100031,2018년 2월 26일 05시,월요일,서울특별시 동작구 사당동,사망사고,1,0,0,0,차대사람 - 기타,안전운전불이행,포장 - 건조,맑음,단일로 - 기타,승합,남,61세,상해없음,보행자,여,69세,사망
1598,2018022600100043,2018년 2월 26일 06시,월요일,서울특별시 강북구 미아동,경상사고,0,0,1,0,차대사람 - 횡단중,신호위반,포장 - 건조,흐림,단일로 - 기타,기타불명,기타불명,미분류,기타불명,보행자,여,25세,경상
1599,2018022600100115,2018년 2월 26일 09시,월요일,서울특별시 종로구 수송동,경상사고,0,0,1,0,차대사람 - 보도통행중,기타,포장 - 건조,맑음,단일로 - 지하차도(도로)내,화물,남,54세,상해없음,보행자,여,26세,경상
1600,2018022600100117,2018년 2월 26일 09시,월요일,서울특별시 동작구 신대방동,경상사고,0,0,1,0,차대사람 - 보도통행중,보행자보호의무위반,포장 - 건조,맑음,교차로 - 교차로안,화물,남,53세,상해없음,보행자,여,50세,경상
1601,2018022600100120,2018년 2월 26일 09시,월요일,서울특별시 서초구 서초동,중상사고,0,1,0,0,차대사람 - 기타,안전운전불이행,포장 - 건조,맑음,단일로 - 기타,화물,남,40세,상해없음,보행자,여,31세,중상
1602,2018022600100143,2018년 2월 26일 10시,월요일,서울특별시 중구 회현동1가,중상사고,0,1,0,0,차대사람 - 기타,안전운전불이행,포장 - 건조,맑음,단일로 - 기타,승용,여,28세,상해없음,보행자,남,90세 이상,중상
1603,2018022600100145,2018년 2월 26일 10시,월요일,서울특별시 은평구 응암동,중상사고,0,1,0,0,차대사람 - 횡단중,보행자보호의무위반,포장 - 건조,맑음,단일로 - 기타,승용,남,63세,상해없음,보행자,남,68세,중상
1604,2018022600100184,2018년 2월 26일 11시,월요일,서울특별시 영등포구 여의도동,중상사고,0,1,0,0,차대사람 - 길가장자리구역통행중,안전운전불이행,포장 - 건조,맑음,단일로 - 기타,승용,남,73세,상해없음,보행자,여,46세,중상
1605,2018022600100186,2018년 2월 26일 11시,월요일,서울특별시 중랑구 면목동,경상사고,0,0,1,0,차대사람 - 횡단중,보행자보호의무위반,포장 - 건조,맑음,교차로 - 교차로횡단보도내,승용,남,51세,상해없음,보행자,여,63세,경상
1606,2018022600100217,2018년 2월 26일 12시,월요일,서울특별시 종로구 동숭동,경상사고,0,0,1,0,차대사람 - 길가장자리구역통행중,안전운전불이행,포장 - 건조,맑음,단일로 - 기타,승용,남,38세,상해없음,보행자,여,30세,경상
1607,2018022600100219,2018년 2월 26일 12시,월요일,서울특별시 성동구 성수동2가,중상사고,0,1,1,0,차대사람 - 기타,신호위반,포장 - 건조,맑음,교차로 - 교차로부근,이륜,남,20세,경상,보행자,남,9세,중상
1608,2018022600100248,2018년 2월 26일 13시,월요일,서울특별시 동대문구 제기동,중상사고,0,1,0,0,차대사람 - 기타,안전운전불이행,포장 - 건조,맑음,단일로 - 기타,승합,여,63세,상해없음,보행자,여,65세,중상
1609,2018022600100250,2018년 2월 26일 13시,월요일,서울특별시 양천구 신정동,경상사고,0,0,1,0,차대사람 - 기타,안전운전불이행,포장 - 건조,맑음,단일로 - 기타,승용,남,34세,상해없음,보행자,여,26세,경상
1610,2018022600100288,2018년 2월 26일 14시,월요일,서울특별시 금천구 독산동,경상사고,0,0,1,0,차대사람 - 보도통행중,기타,포장 - 건조,맑음,단일로 - 기타,승용,남,45세,기타불명,보행자,남,78세,경상
1611,2018022600100293,2018년 2월 26일 14시,월요일,서울특별시 송파구 방이동,경상사고,0,0,1,0,차대사람 - 길가장자리구역통행중,기타,포장 - 건조,맑음,단일로 - 기타,승용,남,64세,상해없음,보행자,남,32세,경상
1612,2018022600100294,2018년 2월 26일 14시,월요일,서울특별시 구로구 개봉동,경상사고,0,0,1,0,차대사람 - 기타,신호위반,포장 - 건조,맑음,단일로 - 기타,승합,남,55세,상해없음,보행자,남,67세,경상
1613,2018022600100327,2018년 2월 26일 15시,월요일,서울특별시 강동구 성내동,부상신고사고,0,0,0,1,차대사람 - 횡단중,안전운전불이행,포장 - 건조,맑음,교차로 - 교차로안,승용,여,61세,상해없음,보행자,여,86세,부상신고
1614,2018022600100330,2018년 2월 26일 15시,월요일,서울특별시 서초구 방배동,중상사고,0,1,0,0,차대사람 - 횡단중,보행자보호의무위반,포장 - 건조,맑음,교차로 - 교차로안,승용,여,56세,상해없음,보행자,남,52세,중상
1615,2018022600100361,2018년 2월 26일 16시,월요일,서울특별시 강북구 번동,중상사고,0,1,0,0,차대사람 - 보도통행중,기타,포장 - 건조,맑음,단일로 - 기타,승용,남,31세,상해없음,보행자,여,84세,중상
1616,2018022600100362,2018년 2월 26일 16시,월요일,서울특별시 강북구 미아동,경상사고,0,0,1,0,차대사람 - 기타,보행자보호의무위반,포장 - 건조,맑음,교차로 - 교차로횡단보도내,기타불명,기타불명,미분류,기타불명,보행자,남,7세,경상
1617,2018022600100401,2018년 2월 26일 17시,월요일,서울특별시 관악구 봉천동,경상사고,0,0,1,0,차대사람 - 기타,신호위반,포장 - 건조,맑음,기타 - 기타,승용,남,52세,상해없음,보행자,남,21세,경상
1618,2018022600100403,2018년 2월 26일 17시,월요일,서울특별시 강동구 성내동,경상사고,0,0,1,0,차대사람 - 기타,안전운전불이행,포장 - 건조,맑음,교차로 - 교차로부근,승용,남,41세,상해없음,보행자,여,48세,경상
1619,2018022600100404,2018년 2월 26일 17시,월요일,서울특별시 구로구 구로동,경상사고,0,0,1,0,차대사람 - 길가장자리구역통행중,안전운전불이행,포장 - 건조,맑음,단일로 - 기타,승용,남,75세,상해없음,보행자,여,63세,경상
1620,2018022600100435,2018년 2월 26일 18시,월요일,서울특별시 서대문구 창천동,중상사고,0,1,1,0,차대사람 - 차도통행중,안전운전불이행,포장 - 건조,맑음,단일로 - 기타,승용,남,71세,상해없음,보행자,남,20세,중상
1621,2018022600100436,2018년 2월 26일 18시,월요일,서울특별시 동대문구 이문동,경상사고,0,0,1,0,차대사람 - 기타,신호위반,포장 - 건조,맑음,단일로 - 기타,이륜,남,26세,경상,보행자,남,50세,상해없음
1622,2018022600100438,2018년 2월 26일 18시,월요일,서울특별시 영등포구 당산동6가,중상사고,0,1,0,1,차대사람 - 차도통행중,안전운전불이행,포장 - 건조,맑음,단일로 - 기타,이륜,남,49세,부상신고,보행자,여,63세,중상
1623,2018022600100440,2018년 2월 26일 18시,월요일,서울특별시 송파구 오금동,중상사고,0,1,0,0,차대사람 - 기타,안전운전불이행,포장 - 건조,맑음,기타 - 기타,승용,여,45세,상해없음,보행자,여,57세,중상
1624,2018022600100441,2018년 2월 26일 18시,월요일,서울특별시 송파구 마천동,부상신고사고,0,0,0,1,차대사람 - 기타,신호위반,포장 - 건조,맑음,교차로 - 교차로부근,승용,남,26세,상해없음,보행자,남,60세,부상신고
1625,2018022600100443,2018년 2월 26일 18시,월요일,서울특별시 서초구 서초동,경상사고,0,0,1,0,차대사람 - 횡단중,보행자보호의무위반,포장 - 건조,맑음,기타 - 기타,화물,남,42세,상해없음,보행자,여,58세,경상
1626,2018022600100473,2018년 2월 26일 19시,월요일,서울특별시 중구 중림동,경상사고,0,0,1,0,차대사람 - 차도통행중,안전운전불이행,포장 - 건조,맑음,단일로 - 기타,승용,남,49세,상해없음,보행자,여,25세,경상
1627,2018022600100502,2018년 2월 26일 20시,월요일,서울특별시 영등포구 당산동3가,경상사고,0,0,2,0,차대사람 - 기타,안전운전불이행,포장 - 건조,맑음,단일로 - 기타,승용,남,65세,상해없음,보행자,기타불명,미분류,기타불명
1628,2018022600100503,2018년 2월 26일 20시,월요일,서울특별시 양천구 신정동,중상사고,0,1,0,0,차대사람 - 기타,안전운전불이행,포장 - 건조,맑음,단일로 - 기타,원동기,남,26세,상해없음,보행자,남,67세,중상
1629,2018022600100522,2018년 2월 26일 21시,월요일,서울특별시 서대문구 홍은동,중상사고,0,1,0,0,차대사람 - 기타,기타,포장 - 건조,맑음,단일로 - 기타,자전거,남,19세,상해없음,보행자,남,41세,중상
1630,2018022700100001,2018년 2월 27일 00시,화요일,서울특별시 금천구 가산동,중상사고,0,1,0,0,차대사람 - 기타,안전운전불이행,포장 - 건조,맑음,교차로 - 교차로안,승용,남,60세,상해없음,보행자,남,37세,중상
1631,2018022700100002,2018년 2월 27일 00시,화요일,서울특별시 관악구 신림동,경상사고,0,0,1,0,차대사람 - 기타,안전운전불이행,포장 - 건조,맑음,단일로 - 기타,승용,남,48세,상해없음,보행자,여,25세,경상
1632,2018022700100003,2018년 2월 27일 00시,화요일,서울특별시 양천구 신월동,경상사고,0,0,1,0,차대사람 - 기타,보행자보호의무위반,포장 - 건조,맑음,교차로 - 교차로안,승용,남,54세,상해없음,보행자,여,23세,경상
1633,2018022700100018,2018년 2월 27일 01시,화요일,서울특별시 용산구 이촌동,중상사고,0,1,0,0,차대사람 - 횡단중,보행자보호의무위반,포장 - 건조,맑음,단일로 - 기타,승용,여,71세,상해없음,보행자,남,59세,중상
1634,2018022700100021,2018년 2월 27일 01시,화요일,서울특별시 강남구 논현동,경상사고,0,0,1,0,차대사람 - 기타,안전운전불이행,포장 - 건조,맑음,단일로 - 기타,승용,남,73세,상해없음,보행자,남,29세,경상
1635,2018022700100022,2018년 2월 27일 01시,화요일,서울특별시 노원구 월계동,중상사고,0,1,0,0,차대사람 - 차도통행중,안전운전불이행,포장 - 건조,맑음,교차로 - 교차로부근,승용,남,62세,상해없음,보행자,남,40세,중상
1636,2018022700100044,2018년 2월 27일 05시,화요일,서울특별시 강서구 마곡동,경상사고,0,0,1,0,차대사람 - 기타,안전운전불이행,포장 - 건조,맑음,단일로 - 기타,승합,남,64세,상해없음,보행자,남,45세,경상
1637,2018022700100103,2018년 2월 27일 09시,화요일,서울특별시 서대문구 홍제동,중상사고,0,1,0,0,차대사람 - 횡단중,신호위반,포장 - 건조,흐림,단일로 - 기타,승합,남,57세,상해없음,보행자,여,17세,중상
1638,2018022700100130,2018년 2월 27일 10시,화요일,서울특별시 금천구 시흥동,경상사고,0,0,1,0,차대사람 - 차도통행중,안전운전불이행,포장 - 건조,맑음,단일로 - 기타,승용,여,46세,기타불명,보행자,여,16세,경상
1639,2018022700100131,2018년 2월 27일 10시,화요일,서울특별시 금천구 가산동,중상사고,0,1,0,0,차대사람 - 기타,기타,포장 - 건조,맑음,단일로 - 기타,특수,남,62세,상해없음,보행자,남,73세,중상
1640,2018022700100162,2018년 2월 27일 11시,화요일,서울특별시 강남구 도곡동,경상사고,0,0,1,0,차대사람 - 기타,기타,포장 - 건조,맑음,기타 - 기타,화물,남,53세,상해없음,보행자,남,61세,경상
1641,2018022700100208,2018년 2월 27일 13시,화요일,서울특별시 광진구 자양동,중상사고,0,1,0,0,차대사람 - 기타,안전운전불이행,포장 - 건조,맑음,단일로 - 기타,승용,남,75세,상해없음,보행자,여,78세,중상
1642,2018022700100235,2018년 2월 27일 14시,화요일,서울특별시 구로구 개봉동,중상사고,0,1,0,0,차대사람 - 기타,안전운전불이행,포장 - 건조,맑음,교차로 - 교차로부근,승용,여,32세,상해없음,보행자,여,30세,중상
1643,2018022700100236,2018년 2월 27일 14시,화요일,서울특별시 노원구 상계동,경상사고,0,0,1,0,차대사람 - 횡단중,안전운전불이행,포장 - 건조,흐림,교차로 - 교차로부근,화물,남,43세,상해없음,보행자,여,77세,경상
1644,2018022700100298,2018년 2월 27일 16시,화요일,서울특별시 동대문구 용두동,중상사고,0,1,0,0,차대사람 - 기타,안전운전불이행,포장 - 건조,맑음,교차로 - 교차로부근,건설기계,남,27세,상해없음,보행자,여,51세,중상
1645,2018022700100300,2018년 2월 27일 16시,화요일,서울특별시 강동구 길동,경상사고,0,0,1,0,차대사람 - 기타,중앙선침범,포장 - 건조,맑음,단일로 - 기타,자전거,남,68세,상해없음,보행자,여,62세,경상
1646,2018022700100326,2018년 2월 27일 17시,화요일,서울특별시 용산구 한강로2가,경상사고,0,0,1,0,차대사람 - 횡단중,신호위반,포장 - 건조,맑음,교차로 - 교차로횡단보도내,승용,남,48세,상해없음,보행자,여,49세,경상
1647,2018022700100393,2018년 2월 27일 19시,화요일,서울특별시 동작구 상도동,중상사고,0,1,0,0,차대사람 - 차도통행중,안전운전불이행,포장 - 건조,맑음,교차로 - 교차로안,승용,남,62세,상해없음,보행자,남,67세,중상
1648,2018022700100446,2018년 2월 27일 20시,화요일,서울특별시 동대문구 장안동,경상사고,0,0,1,0,차대사람 - 횡단중,신호위반,포장 - 건조,흐림,교차로 - 교차로횡단보도내,승합,남,28세,상해없음,보행자,남,50세,경상
1649,2018022700100475,2018년 2월 27일 21시,화요일,서울특별시 종로구 관철동,경상사고,0,0,1,0,차대사람 - 횡단중,보행자보호의무위반,포장 - 건조,맑음,단일로 - 기타,승용,남,26세,상해없음,보행자,남,49세,경상
1650,2018022700100480,2018년 2월 27일 21시,화요일,서울특별시 구로구 고척동,경상사고,0,0,1,0,차대사람 - 기타,안전운전불이행,포장 - 건조,맑음,기타 - 기타,승용,남,36세,상해없음,보행자,남,57세,경상
1651,2018022700100483,2018년 2월 27일 21시,화요일,서울특별시 노원구 하계동,경상사고,0,0,1,0,차대사람 - 횡단중,안전운전불이행,포장 - 건조,맑음,단일로 - 기타,승합,남,52세,상해없음,보행자,남,43세,경상
1652,2018022700100484,2018년 2월 27일 21시,화요일,서울특별시 은평구 불광동,중상사고,0,1,0,0,차대사람 - 길가장자리구역통행중,안전운전불이행,포장 - 건조,맑음,단일로 - 기타,화물,남,60세,상해없음,보행자,여,75세,중상
1653,2018022700100513,2018년 2월 27일 22시,화요일,서울특별시 중랑구 면목동,중상사고,0,1,0,0,차대사람 - 길가장자리구역통행중,안전운전불이행,포장 - 건조,맑음,단일로 - 기타,승합,남,40세,상해없음,보행자,여,61세,중상
1654,2018022700100514,2018년 2월 27일 22시,화요일,서울특별시 강서구 화곡동,중상사고,0,1,1,0,차대사람 - 횡단중,보행자보호의무위반,포장 - 건조,맑음,교차로 - 교차로부근,이륜,남,58세,상해없음,보행자,남,32세,중상
1655,2018022700100515,2018년 2월 27일 22시,화요일,서울특별시 강동구 길동,부상신고사고,0,0,0,1,차대사람 - 기타,안전운전불이행,포장 - 건조,맑음,교차로 - 교차로부근,승합,남,50세,상해없음,보행자,남,52세,부상신고
1656,2018022700100517,2018년 2월 27일 22시,화요일,서울특별시 성북구 석관동,중상사고,0,1,0,0,차대사람 - 횡단중,안전운전불이행,포장 - 건조,맑음,단일로 - 기타,원동기,남,33세,상해없음,보행자,여,65세,중상
1657,2018022700100518,2018년 2월 27일 22시,화요일,서울특별시 양천구 신정동,경상사고,0,0,1,0,차대사람 - 기타,안전운전불이행,포장 - 건조,맑음,교차로 - 교차로안,승용,남,39세,상해없음,보행자,남,55세,경상
1658,2018022700100520,2018년 2월 27일 22시,화요일,서울특별시 서초구 방배동,사망사고,1,0,0,0,차대사람 - 기타,안전운전불이행,포장 - 건조,흐림,단일로 - 기타,승용,남,74세,상해없음,보행자,남,52세,사망
1659,2018022700100537,2018년 2월 27일 23시,화요일,서울특별시 은평구 응암동,경상사고,0,0,1,0,차대사람 - 횡단중,안전운전불이행,포장 - 건조,맑음,단일로 - 기타,승용,남,54세,상해없음,보행자,남,33세,경상
1660,2018022800100011,2018년 2월 28일 01시,수요일,서울특별시 강남구 신사동,중상사고,0,1,0,0,차대사람 - 차도통행중,안전운전불이행,포장 - 건조,맑음,단일로 - 기타,승용,남,64세,상해없음,보행자,남,36세,중상
1661,2018022800100018,2018년 2월 28일 02시,수요일,서울특별시 성동구 행당동,경상사고,0,0,1,0,차대사람 - 기타,안전운전불이행,포장 - 건조,맑음,단일로 - 기타,승용,여,22세,상해없음,보행자,남,59세,경상
1662,2018022800100031,2018년 2월 28일 04시,수요일,서울특별시 용산구 이촌동,경상사고,0,0,1,0,차대사람 - 기타,안전운전불이행,포장 - 건조,맑음,교차로 - 교차로안,승합,남,69세,상해없음,보행자,남,76세,경상
1663,2018022800100032,2018년 2월 28일 04시,수요일,서울특별시 성북구 정릉동,중상사고,0,1,0,0,차대사람 - 횡단중,신호위반,포장 - 건조,맑음,교차로 - 교차로부근,승용,남,66세,상해없음,보행자,남,70세,중상
1664,2018022800100046,2018년 2월 28일 06시,수요일,서울특별시 용산구 후암동,중상사고,0,1,0,0,차대사람 - 기타,안전운전불이행,포장 - 건조,맑음,단일로 - 기타,화물,남,51세,상해없음,보행자,여,43세,중상
1665,2018022800100050,2018년 2월 28일 06시,수요일,서울특별시 구로구 고척동,경상사고,0,0,1,0,차대사람 - 횡단중,안전운전불이행,포장 - 건조,맑음,교차로 - 교차로부근,화물,남,59세,상해없음,보행자,남,62세,경상
1666,2018022800100105,2018년 2월 28일 09시,수요일,서울특별시 성북구 보문동7가,중상사고,0,1,0,0,차대사람 - 길가장자리구역통행중,안전운전불이행,포장 - 건조,맑음,단일로 - 기타,화물,남,47세,상해없음,보행자,여,72세,중상
1667,2018022800100106,2018년 2월 28일 09시,수요일,서울특별시 강서구 방화동,중상사고,0,1,0,0,차대사람 - 기타,안전운전불이행,포장 - 건조,맑음,교차로 - 교차로부근,이륜,남,56세,상해없음,보행자,여,63세,중상
1668,2018022800100109,2018년 2월 28일 09시,수요일,서울특별시 은평구 갈현동,부상신고사고,0,0,0,1,차대사람 - 횡단중,안전운전불이행,포장 - 건조,맑음,단일로 - 기타,승용,남,47세,상해없음,보행자,여,80세,부상신고
1669,2018022800100123,2018년 2월 28일 10시,수요일,서울특별시 중구 남대문로5가,경상사고,0,0,1,0,차대사람 - 횡단중,신호위반,포장 - 건조,맑음,교차로 - 교차로횡단보도내,승용,남,55세,상해없음,보행자,남,72세,경상
1670,2018022800100125,2018년 2월 28일 10시,수요일,서울특별시 동대문구 답십리동,중상사고,0,1,0,0,차대사람 - 보도통행중,기타,포장 - 건조,기타,단일로 - 기타,승용,남,67세,기타불명,보행자,여,59세,중상
1671,2018022800100127,2018년 2월 28일 10시,수요일,서울특별시 강남구 대치동,중상사고,0,1,0,0,차대사람 - 횡단중,보행자보호의무위반,포장 - 건조,맑음,교차로 - 교차로부근,승용,남,49세,상해없음,보행자,여,23세,중상
1672,2018022800100148,2018년 2월 28일 11시,수요일,서울특별시 영등포구 영등포동6가,경상사고,0,0,1,0,차대사람 - 기타,신호위반,포장 - 건조,맑음,교차로 - 교차로안,화물,남,34세,기타불명,보행자,여,75세,경상
1673,2018022800100175,2018년 2월 28일 12시,수요일,서울특별시 용산구 보광동,경상사고,0,0,1,0,차대사람 - 횡단중,보행자보호의무위반,포장 - 젖음/습기,비,교차로 - 교차로횡단보도내,승용,남,72세,상해없음,보행자,남,64세,경상
1674,2018022800100182,2018년 2월 28일 12시,수요일,서울특별시 서초구 서초동,중상사고,0,1,0,0,차대사람 - 기타,안전운전불이행,포장 - 건조,맑음,단일로 - 기타,기타불명,기타불명,미분류,기타불명,보행자,여,25세,중상
1675,2018022800100245,2018년 2월 28일 14시,수요일,서울특별시 강북구 미아동,경상사고,0,0,1,0,차대사람 - 길가장자리구역통행중,안전운전불이행,포장 - 젖음/습기,비,단일로 - 기타,승용,여,64세,기타불명,보행자,여,31세,경상
1676,2018022800100246,2018년 2월 28일 14시,수요일,서울특별시 관악구 봉천동,경상사고,0,0,1,0,차대사람 - 기타,안전운전불이행,포장 - 기타,비,단일로 - 기타,승용,여,32세,기타불명,보행자,여,10세,경상
1677,2018022800100249,2018년 2월 28일 14시,수요일,서울특별시 송파구 문정동,부상신고사고,0,0,0,1,차대사람 - 기타,안전운전불이행,포장 - 젖음/습기,비,단일로 - 기타,승합,남,71세,상해없음,보행자,남,41세,부상신고
1678,2018022800100251,2018년 2월 28일 14시,수요일,서울특별시 서초구 반포동,부상신고사고,0,0,0,1,차대사람 - 길가장자리구역통행중,안전운전불이행,포장 - 젖음/습기,비,단일로 - 기타,화물,남,25세,상해없음,보행자,여,26세,부상신고
1679,2018022800100290,2018년 2월 28일 15시,수요일,서울특별시 도봉구 방학동,경상사고,0,0,1,0,차대사람 - 기타,안전운전불이행,포장 - 젖음/습기,비,교차로 - 교차로안,승용,남,58세,상해없음,보행자,여,44세,경상
1680,2018022800100330,2018년 2월 28일 16시,수요일,서울특별시 서초구 양재동,경상사고,0,0,1,0,차대사람 - 차도통행중,안전운전불이행,포장 - 건조,맑음,주차장 - 주차장,승용,남,63세,상해없음,보행자,남,32세,경상
1681,2018022800100415,2018년 2월 28일 18시,수요일,서울특별시 종로구 관훈동,경상사고,0,0,1,0,차대사람 - 차도통행중,안전운전불이행,포장 - 젖음/습기,비,단일로 - 기타,승용,남,62세,상해없음,보행자,남,61세,경상
1682,2018022800100417,2018년 2월 28일 18시,수요일,서울특별시 종로구 종로6가,경상사고,0,0,1,0,차대사람 - 차도통행중,안전운전불이행,포장 - 젖음/습기,비,교차로 - 교차로안,화물,남,58세,상해없음,보행자,여,57세,경상
1683,2018022800100422,2018년 2월 28일 18시,수요일,서울특별시 송파구 장지동,중상사고,0,1,0,0,차대사람 - 횡단중,안전운전불이행,포장 - 젖음/습기,비,교차로 - 교차로안,승용,남,28세,상해없음,보행자,여,35세,중상
1684,2018022800100479,2018년 2월 28일 19시,수요일,서울특별시 강남구 논현동,경상사고,0,0,1,0,차대사람 - 횡단중,안전운전불이행,포장 - 젖음/습기,비,교차로 - 교차로횡단보도내,승용,남,54세,상해없음,보행자,여,59세,경상
1685,2018022800100481,2018년 2월 28일 19시,수요일,서울특별시 강동구 둔촌동,경상사고,0,0,1,0,차대사람 - 기타,안전운전불이행,포장 - 젖음/습기,비,교차로 - 교차로안,승용,남,60세,상해없음,보행자,여,64세,경상
1686,2018022800100482,2018년 2월 28일 19시,수요일,서울특별시 송파구 마천동,중상사고,0,1,1,0,차대사람 - 횡단중,안전운전불이행,포장 - 젖음/습기,비,교차로 - 교차로부근,승용,남,77세,상해없음,보행자,여,76세,경상
1687,2018022800100485,2018년 2월 28일 19시,수요일,서울특별시 도봉구 창동,경상사고,0,0,1,0,차대사람 - 횡단중,안전운전불이행,포장 - 젖음/습기,비,교차로 - 교차로안,승용,남,66세,상해없음,보행자,남,49세,경상
1688,2018022800100555,2018년 2월 28일 20시,수요일,서울특별시 중구 태평로2가,경상사고,0,0,1,0,차대사람 - 횡단중,신호위반,포장 - 젖음/습기,비,단일로 - 기타,승용,여,29세,상해없음,보행자,여,44세,경상
1689,2018022800100606,2018년 2월 28일 21시,수요일,서울특별시 중구 북창동,중상사고,0,1,1,0,차대사람 - 차도통행중,안전운전불이행,포장 - 건조,맑음,단일로 - 기타,승용,남,49세,상해없음,보행자,남,28세,경상
1690,2018022800100607,2018년 2월 28일 21시,수요일,서울특별시 성북구 보문동2가,중상사고,0,1,0,0,차대사람 - 횡단중,안전운전불이행,포장 - 젖음/습기,비,단일로 - 기타,승용,남,34세,상해없음,보행자,여,75세,중상