,사고번호,사고일시,요일,시군구,사고내용,사망자수,중상자수,경상자수,부상신고자수,사고유형,법규위반,노면상태,기상상태,도로형태,가해운전자 차종,가해운전자 성별,가해운전자 연령,가해운전자 상해정도,피해운전자 차종,피해운전자 성별,피해운전자 연령,피해운전자 상해정도
1803,2018030400100395,2018년 3월 4일 22시,일요일,서울특별시 동대문구 장안동,경상사고,0,0,1,0,차대사람 - 횡단중,신호위반,포장 - 젖음/습기,비,교차로 - 교차로안,화물,남,27세,상해없음,보행자,남,27세,경상
1804,2018030400100403,2018년 3월 4일 22시,일요일,서울특별시 노원구 공릉동,중상사고,0,1,0,0,차대사람 - 기타,안전운전불이행,포장 - 젖음/습기,비,단일로 - 기타,이륜,남,22세,상해없음,보행자,남,59세,중상
1805,2018030400100404,2018년 3월 4일 22시,일요일,서울특별시 도봉구 방학동,경상사고,0,0,1,0,차대사람 - 횡단중,신호위반,포장 - 젖음/습기,비,교차로 - 교차로부근,승용,남,66세,상해없음,보행자,남,21세,경상
1806,2018030400100405,2018년 3월 4일 22시,일요일,서울특별시 강남구 대치동,중상사고,0,1,0,0,차대사람 - 기타,보행자보호의무위반,포장 - 젖음/습기,비,교차로 - 교차로횡단보도내,기타불명,기타불명,미분류,기타불명,보행자,여,19세,중상
1807,2018030400100439,2018년 3월 4일 23시,일요일,서울특별시 영등포구 영등포동3가,중상사고,0,1,0,0,차대사람 - 횡단중,신호위반,포장 - 젖음/습기,비,단일로 - 기타,승용,남,31세,상해없음,보행자,남,49세,중상
1808,2018030400100442,2018년 3월 4일 23시,일요일,서울특별시 강동구 길동,중상사고,0,1,0,0,차대사람 - 기타,안전운전불이행,포장 - 젖음/습기,비,단일로 - 기타,승용,남,48세,기타불명,보행자,남,65세,중상
1809,2018030400100444,2018년 3월 4일 23시,일요일,서울특별시 도봉구 쌍문동,중상사고,0,1,0,0,차대사람 - 횡단중,신호위반,포장 - 젖음/습기,비,교차로 - 교차로횡단보도내,이륜,남,51세,상해없음,보행자,여,55세,중상
1810,2018030500100013,2018년 3월 5일 01시,월요일,서울특별시 마포구 성산동,경상사고,0,0,3,0,차대사람 - 횡단중,신호위반,포장 - 젖음/습기,비,교차로 - 교차로횡단보도내,이륜,남,22세,상해없음,보행자,남,22세,경상
1811,2018030500100026,2018년 3월 5일 02시,월요일,서울특별시 동대문구 답십리동,경상사고,0,0,1,0,차대사람 - 횡단중,신호위반,포장 - 젖음/습기,비,기타 - 기타,승용,남,57세,상해없음,보행자,남,22세,경상
1812,2018030500100037,2018년 3월 5일 04시,월요일,서울특별시 동작구 상도동,경상사고,0,0,1,0,차대사람 - 횡단중,안전운전불이행,포장 - 젖음/습기,비,단일로 - 기타,기타불명,기타불명,미분류,기타불명,보행자,남,28세,경상
1813,2018030500100038,2018년 3월 5일 04시,월요일,서울특별시 중랑구 묵동,중상사고,0,1,0,0,차대사람 - 횡단중,보행자보호의무위반,포장 - 젖음/습기,비,교차로 - 교차로부근,이륜,남,22세,상해없음,보행자,여,30세,중상
1814,2018030500100047,2018년 3월 5일 05시,월요일,서울특별시 송파구 마천동,중상사고,0,1,0,0,차대사람 - 차도통행중,안전운전불이행,포장 - 젖음/습기,비,교차로 - 교차로부근,화물,남,56세,상해없음,보행자,남,64세,중상
1815,2018030500100066,2018년 3월 5일 06시,월요일,서울특별시 영등포구 당산동3가,중상사고,0,2,0,0,차대사람 - 횡단중,신호위반,포장 - 젖음/습기,비,교차로 - 교차로횡단보도내,승용,남,26세,상해없음,보행자,남,26세,중상
1816,2018030500100068,2018년 3월 5일 06시,월요일,서울특별시 강동구 성내동,경상사고,0,0,1,0,차대사람 - 기타,안전운전불이행,포장 - 건조,맑음,단일로 - 기타,승용,남,71세,상해없음,보행자,남,22세,경상
1817,2018030500100069,2018년 3월 5일 06시,월요일,서울특별시 강동구 천호동,경상사고,0,0,1,0,차대사람 - 기타,보행자보호의무위반,포장 - 젖음/습기,비,단일로 - 기타,승용,남,71세,상해없음,보행자,여,74세,경상
1818,2018030500100086,2018년 3월 5일 07시,월요일,서울특별시 성동구 용답동,경상사고,0,0,1,0,차대사람 - 횡단중,보행자보호의무위반,포장 - 젖음/습기,비,교차로 - 교차로안,승합,남,49세,상해없음,보행자,남,32세,경상
1819,2018030500100087,2018년 3월 5일 07시,월요일,서울특별시 송파구 잠실동,중상사고,0,1,0,0,차대사람 - 차도통행중,안전운전불이행,포장 - 건조,맑음,단일로 - 기타,승합,남,53세,상해없음,보행자,여,23세,중상
1820,2018030500100112,2018년 3월 5일 08시,월요일,서울특별시 성북구 하월곡동,중상사고,0,1,0,0,차대사람 - 횡단중,보행자보호의무위반,포장 - 젖음/습기,흐림,교차로 - 교차로횡단보도내,승용,남,53세,상해없음,보행자,여,90세 이상,중상
1821,2018030500100145,2018년 3월 5일 09시,월요일,서울특별시 성동구 성수동1가,중상사고,0,1,0,0,차대사람 - 횡단중,안전운전불이행,포장 - 젖음/습기,흐림,교차로 - 교차로부근,화물,남,63세,상해없음,보행자,여,71세,중상
1822,2018030500100170,2018년 3월 5일 10시,월요일,서울특별시 서초구 반포동,경상사고,0,0,1,0,차대사람 - 기타,안전운전불이행,포장 - 건조,맑음,주차장 - 주차장,승용,남,64세,상해없음,보행자,남,26세,경상
1823,2018030500100187,2018년 3월 5일 11시,월요일,서울특별시 동대문구 용두동,경상사고,0,0,1,1,차대사람 - 기타,신호위반,포장 - 건조,맑음,교차로 - 교차로횡단보도내,원동기,남,42세,부상신고,보행자,여,22세,경상
1824,2018030500100188,2018년 3월 5일 11시,월요일,서울특별시 마포구 성산동,중상사고,0,1,0,0,차대사람 - 횡단중,보행자보호의무위반,포장 - 건조,맑음,단일로 - 기타,승용,남,63세,상해없음,보행자,남,60세,중상
1825,2018030500100189,2018년 3월 5일 11시,월요일,서울특별시 동작구 신대방동,중상사고,0,1,0,0,차대사람 - 횡단중,안전운전불이행,포장 - 건조,흐림,단일로 - 기타,승용,남,76세,상해없음,보행자,여,78세,중상
1826,2018030500100190,2018년 3월 5일 11시,월요일,서울특별시 강동구 둔촌동,중상사고,0,1,0,0,차대사람 - 횡단중,보행자보호의무위반,포장 - 건조,맑음,단일로 - 기타,승용,남,54세,상해없음,보행자,여,48세,중상
1827,2018030500100191,2018년 3월 5일 11시,월요일,서울특별시 성북구 석관동,경상사고,0,0,1,0,차대사람 - 보도통행중,기타,포장 - 건조,맑음,단일로 - 기타,화물,남,27세,상해없음,보행자,여,52세,경상
1828,2018030500100218,2018년 3월 5일 12시,월요일,서울특별시 서대문구 대현동,중상사고,0,1,0,0,차대사람 - 기타,안전운전불이행,포장 - 건조,맑음,단일로 - 기타,승용,여,48세,상해없음,보행자,여,24세,중상
1829,2018030500100219,2018년 3월 5일 12시,월요일,서울특별시 서대문구 홍은동,중상사고,0,1,1,0,차대사람 - 횡단중,보행자보호의무위반,포장 - 건조,맑음,교차로 - 교차로횡단보도내,승용,남,65세,경상,보행자,여,79세,중상
1830,2018030500100221,2018년 3월 5일 12시,월요일,서울특별시 마포구 연남동,경상사고,0,0,1,0,차대사람 - 기타,안전운전불이행,포장 - 건조,맑음,단일로 - 기타,승용,남,60세,상해없음,보행자,남,76세,경상
1831,2018030500100281,2018년 3월 5일 14시,월요일,서울특별시 종로구 종로4가,부상신고사고,0,0,0,1,차대사람 - 기타,안전운전불이행,포장 - 건조,맑음,단일로 - 기타,화물,남,57세,상해없음,보행자,여,74세,부상신고
1832,2018030500100284,2018년 3월 5일 14시,월요일,서울특별시 강남구 신사동,경상사고,0,0,1,0,차대사람 - 기타,안전운전불이행,포장 - 건조,맑음,단일로 - 기타,승용,남,66세,상해없음,보행자,여,71세,경상
1833,2018030500100285,2018년 3월 5일 14시,월요일,서울특별시 강서구 마곡동,중상사고,0,1,0,0,차대사람 - 횡단중,안전운전불이행,포장 - 건조,맑음,기타 - 기타,승용,여,30세,상해없음,보행자,남,41세,중상
1834,2018030500100286,2018년 3월 5일 14시,월요일,서울특별시 송파구 석촌동,중상사고,0,1,0,0,차대사람 - 길가장자리구역통행중,안전운전불이행,포장 - 건조,맑음,교차로 - 교차로부근,승용,여,60세,상해없음,보행자,남,72세,중상
1835,2018030500100310,2018년 3월 5일 15시,월요일,서울특별시 중구 신당동,중상사고,0,1,0,0,차대사람 - 보도통행중,안전운전불이행,포장 - 건조,맑음,교차로 - 교차로횡단보도내,승용,남,35세,상해없음,보행자,여,76세,중상
1836,2018030500100312,2018년 3월 5일 15시,월요일,서울특별시 용산구 한남동,중상사고,0,1,0,0,차대사람 - 횡단중,안전운전불이행,포장 - 건조,맑음,교차로 - 교차로안,승용,남,50세,상해없음,보행자,여,68세,중상
1837,2018030500100313,2018년 3월 5일 15시,월요일,서울특별시 서초구 잠원동,경상사고,0,0,1,0,차대사람 - 횡단중,보행자보호의무위반,포장 - 건조,맑음,교차로 - 교차로횡단보도내,화물,남,61세,상해없음,보행자,여,29세,경상
1838,2018030500100314,2018년 3월 5일 15시,월요일,서울특별시 양천구 목동,경상사고,0,0,1,0,차대사람 - 길가장자리구역통행중,안전운전불이행,포장 - 건조,맑음,단일로 - 기타,승용,여,55세,상해없음,보행자,여,15세,경상
1839,2018030500100338,2018년 3월 5일 16시,월요일,서울특별시 강동구 암사동,중상사고,0,1,0,0,차대사람 - 기타,안전운전불이행,포장 - 건조,맑음,단일로 - 기타,승용,남,66세,상해없음,보행자,남,11세,중상
1840,2018030500100339,2018년 3월 5일 16시,월요일,서울특별시 강동구 길동,경상사고,0,0,1,0,차대사람 - 기타,안전운전불이행,포장 - 건조,맑음,단일로 - 교량,승용,남,25세,상해없음,보행자,여,17세,경상
1841,2018030500100341,2018년 3월 5일 16시,월요일,서울특별시 서초구 서초동,경상사고,0,0,1,0,차대사람 - 기타,신호위반,포장 - 건조,맑음,단일로 - 기타,화물,남,30세,상해없음,보행자,여,65세,경상
1842,2018030500100366,2018년 3월 5일 17시,월요일,서울특별시 노원구 상계동,부상신고사고,0,0,0,1,차대사람 - 횡단중,안전운전불이행,포장 - 건조,맑음,단일로 - 기타,기타불명,기타불명,미분류,기타불명,보행자,여,55세,부상신고
1843,2018030500100398,2018년 3월 5일 18시,월요일,서울특별시 송파구 석촌동,경상사고,0,0,1,0,차대사람 - 길가장자리구역통행중,안전운전불이행,포장 - 건조,맑음,단일로 - 기타,승용,남,77세,상해없음,보행자,여,20세,경상
1844,2018030500100399,2018년 3월 5일 18시,월요일,서울특별시 강남구 대치동,중상사고,0,1,0,0,차대사람 - 보도통행중,기타,포장 - 건조,맑음,기타 - 기타,승용,남,60세,상해없음,보행자,여,25세,중상
1845,2018030500100459,2018년 3월 5일 20시,월요일,서울특별시 동작구 상도동,경상사고,0,0,1,0,차대사람 - 횡단중,안전운전불이행,포장 - 건조,맑음,기타 - 기타,승용,여,28세,상해없음,보행자,남,64세,경상
1846,2018030500100460,2018년 3월 5일 20시,월요일,서울특별시 강남구 논현동,중상사고,0,1,0,0,차대사람 - 기타,신호위반,포장 - 건조,맑음,단일로 - 기타,승용,여,27세,상해없음,보행자,여,30세,중상
1847,2018030600100002,2018년 3월 6일 00시,화요일,서울특별시 마포구 동교동,중상사고,0,1,0,0,차대사람 - 횡단중,안전운전불이행,포장 - 건조,맑음,단일로 - 기타,승합,남,25세,상해없음,보행자,남,26세,중상
1848,2018030600100042,2018년 3월 6일 04시,화요일,서울특별시 종로구 운니동,중상사고,0,1,0,0,차대사람 - 횡단중,안전운전불이행,포장 - 건조,맑음,교차로 - 교차로부근,기타불명,기타불명,미분류,기타불명,보행자,남,78세,중상
1849,2018030600100048,2018년 3월 6일 05시,화요일,서울특별시 강남구 논현동,중상사고,0,2,0,0,차대사람 - 기타,안전운전불이행,포장 - 건조,맑음,단일로 - 기타,승용,남,56세,상해없음,보행자,남,66세,중상
1850,2018030600100076,2018년 3월 6일 07시,화요일,서울특별시 중랑구 면목동,경상사고,0,0,1,0,차대사람 - 횡단중,신호위반,포장 - 건조,맑음,단일로 - 기타,이륜,남,50세,상해없음,보행자,여,15세,경상
1851,2018030600100078,2018년 3월 6일 07시,화요일,서울특별시 노원구 월계동,중상사고,0,1,0,0,차대사람 - 횡단중,안전운전불이행,포장 - 건조,맑음,교차로 - 교차로부근,승용,남,66세,상해없음,보행자,여,22세,중상
1852,2018030600100095,2018년 3월 6일 08시,화요일,서울특별시 성북구 동선동5가,경상사고,0,0,1,0,차대사람 - 횡단중,안전운전불이행,포장 - 건조,맑음,교차로 - 교차로횡단보도내,승용,여,52세,상해없음,보행자,남,9세,경상
1853,2018030600100099,2018년 3월 6일 08시,화요일,서울특별시 중랑구 면목동,경상사고,0,0,1,0,차대사람 - 기타,기타,포장 - 건조,맑음,단일로 - 기타,승용,남,56세,상해없음,보행자,여,27세,경상
1854,2018030600100102,2018년 3월 6일 08시,화요일,서울특별시 양천구 신정동,경상사고,0,0,1,0,차대사람 - 횡단중,보행자보호의무위반,포장 - 건조,맑음,단일로 - 기타,승용,남,39세,상해없음,보행자,남,12세,경상
1855,2018030600100103,2018년 3월 6일 08시,화요일,서울특별시 양천구 신정동,중상사고,0,1,0,0,차대사람 - 길가장자리구역통행중,안전운전불이행,포장 - 건조,맑음,단일로 - 기타,승용,남,47세,상해없음,보행자,여,51세,중상
1856,2018030600100136,2018년 3월 6일 09시,화요일,서울특별시 성북구 길음동,중상사고,0,1,0,0,차대사람 - 차도통행중,안전운전불이행,포장 - 건조,맑음,교차로 - 교차로안,승용,남,45세,상해없음,보행자,여,81세,중상
1857,2018030600100162,2018년 3월 6일 10시,화요일,서울특별시 광진구 구의동,중상사고,0,2,2,0,차대사람 - 횡단중,신호위반,포장 - 건조,맑음,단일로 - 기타,승용,여,34세,상해없음,보행자,여,61세,중상
1858,2018030600100182,2018년 3월 6일 11시,화요일,서울특별시 금천구 독산동,경상사고,0,0,1,0,차대사람 - 기타,기타,포장 - 건조,맑음,기타 - 기타,승용,남,58세,상해없음,보행자,남,19세,경상
1859,2018030600100183,2018년 3월 6일 11시,화요일,서울특별시 송파구 마천동,경상사고,0,0,1,0,차대사람 - 기타,안전운전불이행,포장 - 건조,맑음,단일로 - 기타,승용,남,77세,상해없음,보행자,여,61세,경상
1860,2018030600100223,2018년 3월 6일 13시,화요일,서울특별시 서대문구 연희동,경상사고,0,0,1,0,차대사람 - 횡단중,신호위반,포장 - 건조,맑음,단일로 - 기타,승합,남,58세,상해없음,보행자,여,28세,경상
1861,2018030600100273,2018년 3월 6일 15시,화요일,서울특별시 중랑구 면목동,경상사고,0,0,1,0,차대사람 - 횡단중,안전운전불이행,포장 - 건조,맑음,단일로 - 기타,승용,여,51세,상해없음,보행자,여,3세,경상
1862,2018030600100275,2018년 3월 6일 15시,화요일,서울특별시 송파구 문정동,경상사고,0,0,1,0,차대사람 - 기타,안전운전불이행,포장 - 건조,맑음,단일로 - 기타,화물,남,50세,상해없음,보행자,여,75세,경상
1863,2018030600100330,2018년 3월 6일 17시,화요일,서울특별시 은평구 녹번동,중상사고,0,1,0,0,차대사람 - 횡단중,안전운전불이행,포장 - 건조,맑음,단일로 - 기타,승용,남,58세,상해없음,보행자,여,83세,중상
1864,2018030600100332,2018년 3월 6일 17시,화요일,서울특별시 마포구 도화동,경상사고,0,0,1,0,차대사람 - 횡단중,신호위반,포장 - 건조,맑음,단일로 - 기타,원동기,남,68세,상해없음,보행자,여,60세,경상
1865,2018030600100414,2018년 3월 6일 19시,화요일,서울특별시 용산구 이촌동,경상사고,0,0,1,0,차대사람 - 기타,안전운전불이행,포장 - 건조,맑음,교차로 - 교차로안,승용,남,58세,상해없음,보행자,여,44세,경상
1866,2018030600100417,2018년 3월 6일 19시,화요일,서울특별시 강서구 화곡동,중상사고,0,1,0,0,차대사람 - 차도통행중,안전운전불이행,포장 - 건조,맑음,단일로 - 기타,승용,여,25세,상해없음,보행자,여,84세,중상
1867,2018030600100418,2018년 3월 6일 19시,화요일,서울특별시 강남구 도곡동,경상사고,0,0,1,0,차대사람 - 횡단중,보행자보호의무위반,포장 - 건조,맑음,교차로 - 교차로부근,승용,여,51세,상해없음,보행자,여,20세,경상
1868,2018030600100466,2018년 3월 6일 21시,화요일,서울특별시 마포구 합정동,중상사고,0,1,0,0,차대사람 - 기타,안전운전불이행,포장 - 건조,맑음,단일로 - 고가도로위,화물,남,67세,상해없음,보행자,남,30세,중상
1869,2018030600100468,2018년 3월 6일 21시,화요일,서울특별시 중랑구 망우동,경상사고,0,0,1,0,차대사람 - 차도통행중,안전운전불이행,포장 - 건조,맑음,단일로 - 기타,기타불명,기타불명,미분류,기타불명,보행자,남,40세,경상
1870,2018030600100490,2018년 3월 6일 22시,화요일,서울특별시 은평구 응암동,중상사고,0,1,0,0,차대사람 - 횡단중,안전운전불이행,포장 - 건조,맑음,단일로 - 기타,승용,여,46세,상해없음,보행자,여,49세,중상
1871,2018030700100001,2018년 3월 7일 00시,수요일,서울특별시 서대문구 북가좌동,경상사고,0,0,1,0,차대사람 - 기타,신호위반,포장 - 건조,맑음,교차로 - 교차로부근,승용,남,38세,상해없음,보행자,남,72세,경상
1872,2018030700100002,2018년 3월 7일 00시,수요일,서울특별시 영등포구 여의도동,중상사고,0,1,0,0,차대사람 - 기타,안전운전불이행,포장 - 건조,맑음,단일로 - 기타,승용,남,62세,상해없음,보행자,여,25세,중상
1873,2018030700100004,2018년 3월 7일 00시,수요일,서울특별시 관악구 신림동,경상사고,0,0,1,0,차대사람 - 횡단중,보행자보호의무위반,포장 - 건조,맑음,교차로 - 교차로안,승용,여,36세,상해없음,보행자,여,52세,경상
1874,2018030700100039,2018년 3월 7일 03시,수요일,서울특별시 동대문구 전농동,사망사고,1,0,0,0,차대사람 - 횡단중,안전운전불이행,포장 - 건조,맑음,교차로 - 교차로횡단보도내,승용,남,67세,상해없음,보행자,여,76세,사망
1875,2018030700100047,2018년 3월 7일 05시,수요일,서울특별시 구로구 개봉동,경상사고,0,0,1,0,차대사람 - 길가장자리구역통행중,안전운전불이행,포장 - 건조,맑음,단일로 - 기타,승용,남,42세,상해없음,보행자,남,22세,경상
1876,2018030700100088,2018년 3월 7일 08시,수요일,서울특별시 마포구 창전동,경상사고,0,0,1,0,차대사람 - 길가장자리구역통행중,안전운전불이행,포장 - 건조,맑음,단일로 - 기타,이륜,여,26세,상해없음,보행자,여,26세,경상
1877,2018030700100090,2018년 3월 7일 08시,수요일,서울특별시 강동구 성내동,경상사고,0,0,1,0,차대사람 - 길가장자리구역통행중,안전운전불이행,포장 - 건조,맑음,기타 - 기타,기타불명,기타불명,미분류,기타불명,보행자,남,54세,경상
1878,2018030700100119,2018년 3월 7일 09시,수요일,서울특별시 금천구 가산동,경상사고,0,0,1,0,차대사람 - 기타,안전운전불이행,포장 - 건조,맑음,단일로 - 기타,승합,남,61세,상해없음,보행자,여,27세,경상
1879,2018030700100141,2018년 3월 7일 10시,수요일,서울특별시 강북구 수유동,경상사고,0,0,1,0,차대사람 - 횡단중,보행자보호의무위반,포장 - 건조,맑음,교차로 - 교차로횡단보도내,화물,남,50세,상해없음,보행자,여,84세,경상
1880,2018030700100167,2018년 3월 7일 11시,수요일,서울특별시 영등포구 영등포동5가,중상사고,0,1,0,0,차대사람 - 횡단중,안전운전불이행,포장 - 건조,맑음,교차로 - 교차로횡단보도내,승용,남,70세,상해없음,보행자,남,57세,중상
1881,2018030700100170,2018년 3월 7일 11시,수요일,서울특별시 서초구 우면동,중상사고,0,1,0,0,차대사람 - 차도통행중,안전운전불이행,포장 - 건조,맑음,단일로 - 기타,승용,남,33세,상해없음,보행자,여,61세,중상
1882,2018030700100194,2018년 3월 7일 12시,수요일,서울특별시 중구 을지로4가,중상사고,0,1,0,0,차대사람 - 횡단중,보행자보호의무위반,포장 - 건조,맑음,교차로 - 교차로횡단보도내,승용,남,49세,상해없음,보행자,여,65세,중상
1883,2018030700100207,2018년 3월 7일 13시,수요일,서울특별시 마포구 상암동,부상신고사고,0,0,0,1,차대사람 - 차도통행중,안전운전불이행,포장 - 건조,맑음,단일로 - 기타,기타불명,기타불명,미분류,기타불명,보행자,남,27세,부상신고
1884,2018030700100222,2018년 3월 7일 14시,수요일,서울특별시 중구 태평로1가,중상사고,0,1,0,0,차대사람 - 기타,안전운전불이행,포장 - 건조,흐림,단일로 - 기타,승합,남,48세,상해없음,보행자,남,47세,중상
1885,2018030700100227,2018년 3월 7일 14시,수요일,서울특별시 송파구 장지동,중상사고,0,1,0,0,차대사람 - 기타,안전운전불이행,포장 - 건조,맑음,단일로 - 기타,자전거,남,47세,상해없음,보행자,남,65세,중상
1886,2018030700100254,2018년 3월 7일 15시,수요일,서울특별시 동대문구 장안동,사망사고,1,0,0,0,차대사람 - 횡단중,안전운전불이행,포장 - 건조,맑음,교차로 - 교차로횡단보도내,화물,남,54세,상해없음,보행자,여,68세,사망
1887,2018030700100255,2018년 3월 7일 15시,수요일,서울특별시 관악구 봉천동,경상사고,0,0,1,0,차대사람 - 기타,안전운전불이행,포장 - 기타,기타,기타 - 기타,승용,남,75세,상해없음,보행자,여,45세,경상
1888,2018030700100256,2018년 3월 7일 15시,수요일,서울특별시 성북구 석관동,경상사고,0,0,1,0,차대사람 - 차도통행중,안전운전불이행,포장 - 건조,맑음,단일로 - 기타,승용,남,43세,상해없음,보행자,여,70세,경상
1889,2018030700100274,2018년 3월 7일 16시,수요일,서울특별시 용산구 후암동,경상사고,0,0,1,0,차대사람 - 기타,안전운전불이행,포장 - 건조,맑음,단일로 - 기타,이륜,남,18세,상해없음,보행자,남,22세,경상
1890,2018030700100275,2018년 3월 7일 16시,수요일,서울특별시 강남구 역삼동,경상사고,0,0,1,0,차대사람 - 기타,안전운전불이행,포장 - 기타,맑음,기타 - 기타,화물,남,36세,상해없음,보행자,여,43세,경상
1891,2018030700100278,2018년 3월 7일 16시,수요일,서울특별시 노원구 상계동,경상사고,0,0,1,0,차대사람 - 기타,안전운전불이행,포장 - 건조,맑음,기타 - 기타,승용,여,35세,상해없음,보행자,여,11세,경상
1892,2018030700100308,2018년 3월 7일 17시,수요일,서울특별시 영등포구 영등포동6가,경상사고,0,0,1,0,차대사람 - 기타,안전운전불이행,포장 - 건조,맑음,단일로 - 기타,승용,여,56세,상해없음,보행자,남,41세,경상
1893,2018030700100310,2018년 3월 7일 17시,수요일,서울특별시 강남구 대치동,경상사고,0,0,1,0,차대사람 - 기타,안전운전불이행,포장 - 건조,맑음,단일로 - 기타,승용,여,47세,상해없음,보행자,여,58세,경상
1894,2018030700100371,2018년 3월 7일 19시,수요일,서울특별시 동대문구 용두동,중상사고,0,1,0,0,차대사람 - 차도통행중,안전운전불이행,포장 - 건조,맑음,단일로 - 기타,화물,남,42세,상해없음,보행자,여,62세,중상
1895,2018030700100376,2018년 3월 7일 19시,수요일,서울특별시 송파구 거여동,경상사고,0,0,1,0,차대사람 - 기타,신호위반,포장 - 건조,맑음,교차로 - 교차로안,승용,여,38세,상해없음,보행자,여,59세,경상
1896,2018030700100379,2018년 3월 7일 19시,수요일,서울특별시 은평구 대조동,경상사고,0,0,1,0,차대사람 - 횡단중,보행자보호의무위반,포장 - 건조,맑음,단일로 - 기타,승용,남,70세,상해없음,보행자,여,47세,경상
1897,2018030700100410,2018년 3월 7일 20시,수요일,서울특별시 관악구 신림동,사망사고,1,0,0,0,차대사람 - 횡단중,보행자보호의무위반,포장 - 젖음/습기,비,교차로 - 교차로횡단보도내,승합,남,70세,상해없음,보행자,여,76세,사망
1898,2018030700100411,2018년 3월 7일 20시,수요일,서울특별시 강동구 천호동,경상사고,0,0,1,0,차대사람 - 보도통행중,안전운전불이행,포장 - 젖음/습기,흐림,교차로 - 교차로부근,승용,여,67세,상해없음,보행자,남,64세,경상
1899,2018030700100412,2018년 3월 7일 20시,수요일,서울특별시 송파구 신천동,중상사고,0,1,0,0,차대사람 - 횡단중,보행자보호의무위반,포장 - 건조,맑음,단일로 - 기타,승용,남,32세,상해없음,보행자,남,71세,중상
1900,2018030700100445,2018년 3월 7일 21시,수요일,서울특별시 양천구 목동,중상사고,0,1,0,0,차대사람 - 기타,안전운전불이행,포장 - 건조,맑음,단일로 - 기타,승용,남,20세,상해없음,보행자,여,61세,중상
1901,2018030700100446,2018년 3월 7일 21시,수요일,서울특별시 노원구 공릉동,경상사고,0,0,1,0,차대사람 - 기타,안전운전불이행,포장 - 젖음/습기,비,교차로 - 교차로부근,이륜,남,54세,상해없음,보행자,남,64세,경상
1902,2018030700100447,2018년 3월 7일 21시,수요일,서울특별시 서초구 반포동,경상사고,0,0,1,0,차대사람 - 기타,안전운전불이행,포장 - 건조,맑음,교차로 - 교차로안,승용,남,67세,상해없음,보행자,남,17세,경상
1903,2018030700100491,2018년 3월 7일 22시,수요일,서울특별시 성북구 정릉동,중상사고,0,1,0,0,차대사람 - 횡단중,보행자보호의무위반,포장 - 젖음/습기,비,교차로 - 교차로횡단보도내,승합,남,64세,상해없음,보행자,여,72세,중상
1904,2018030700100496,2018년 3월 7일 22시,수요일,서울특별시 강서구 등촌동,경상사고,0,0,1,0,차대사람 - 보도통행중,보행자보호의무위반,포장 - 젖음/습기,비,교차로 - 교차로횡단보도내,기타불명,기타불명,미분류,기타불명,보행자,여,14세,경상
1905,2018030700100498,2018년 3월 7일 22시,수요일,서울특별시 송파구 신천동,경상사고,0,0,1,0,차대사람 - 기타,안전운전불이행,포장 - 건조,맑음,교차로 - 교차로부근,승용,남,76세,상해없음,보행자,남,34세,경상
1906,2018030700100500,2018년 3월 7일 22시,수요일,서울특별시 서초구 양재동,경상사고,0,0,1,0,차대사람 - 기타,안전운전불이행,포장 - 건조,맑음,기타 - 기타,승용,남,59세,상해없음,보행자,남,31세,경상
1907,2018030700100536,2018년 3월 7일 23시,수요일,서울특별시 금천구 시흥동,중상사고,0,2,0,0,차대사람 - 기타,보행자보호의무위반,포장 - 젖음/습기,비,교차로 - 교차로횡단보도내,승합,남,47세,상해없음,보행자,남,43세,중상
1908,2018030700100537,2018년 3월 7일 23시,수요일,서울특별시 강남구 논현동,경상사고,0,0,1,0,차대사람 - 길가장자리구역통행중,안전운전불이행,포장 - 젖음/습기,비,단일로 - 기타,승용,여,26세,상해없음,보행자,남,27세,경상
1909,2018030700100538,2018년 3월 7일 23시,수요일,서울특별시 강서구 등촌동,중상사고,0,1,0,0,차대사람 - 길가장자리구역통행중,안전운전불이행,포장 - 젖음/습기,비,단일로 - 기타,승용,남,56세,상해없음,보행자,여,37세,중상
1910,2018030800100001,2018년 3월 8일 00시,목요일,서울특별시 영등포구 영등포동4가,경상사고,0,0,1,0,차대사람 - 길가장자리구역통행중,안전운전불이행,포장 - 젖음/습기,비,단일로 - 기타,승용,남,35세,상해없음,보행자,남,38세,경상
1911,2018030800100002,2018년 3월 8일 00시,목요일,서울특별시 강남구 삼성동,경상사고,0,0,1,0,차대사람 - 기타,안전운전불이행,포장 - 건조,맑음,단일로 - 기타,기타불명,기타불명,미분류,기타불명,보행자,남,25세,경상
1912,2018030800100044,2018년 3월 8일 02시,목요일,서울특별시 중구 흥인동,중상사고,0,1,0,0,차대사람 - 횡단중,안전운전불이행,포장 - 젖음/습기,비,교차로 - 교차로부근,화물,남,63세,상해없음,보행자,여,90세 이상,중상
1913,2018030800100048,2018년 3월 8일 02시,목요일,서울특별시 은평구 역촌동,경상사고,0,0,1,0,차대사람 - 횡단중,안전운전불이행,포장 - 젖음/습기,비,교차로 - 교차로횡단보도내,이륜,남,32세,상해없음,보행자,남,43세,경상
1914,2018030800100056,2018년 3월 8일 03시,목요일,서울특별시 강동구 성내동,경상사고,0,0,1,0,차대사람 - 횡단중,보행자보호의무위반,포장 - 젖음/습기,비,교차로 - 교차로안,승용,남,59세,상해없음,보행자,여,50세,경상
1915,2018030800100065,2018년 3월 8일 04시,목요일,서울특별시 중랑구 상봉동,경상사고,0,0,1,0,차대사람 - 기타,안전운전불이행,포장 - 젖음/습기,비,교차로 - 교차로안,승용,남,61세,상해없음,보행자,남,56세,경상