,사고번호,사고일시,요일,시군구,사고내용,사망자수,중상자수,경상자수,부상신고자수,사고유형,법규위반,노면상태,기상상태,도로형태,가해운전자 차종,가해운전자 성별,가해운전자 연령,가해운전자 상해정도,피해운전자 차종,피해운전자 성별,피해운전자 연령,피해운전자 상해정도
2028,2018031200100266,2018년 3월 12일 14시,월요일,서울특별시 관악구 신림동,경상사고,0,0,1,1,차대사람 - 기타,안전운전불이행,포장 - 기타,맑음,단일로 - 기타,이륜,남,18세,부상신고,보행자,남,38세,경상
2029,2018031200100323,2018년 3월 12일 16시,월요일,서울특별시 성동구 성수동2가,경상사고,0,0,1,0,차대사람 - 기타,안전운전불이행,포장 - 건조,맑음,단일로 - 기타,화물,남,38세,상해없음,보행자,여,61세,경상
2030,2018031200100363,2018년 3월 12일 17시,월요일,서울특별시 송파구 송파동,경상사고,0,0,1,0,차대사람 - 차도통행중,안전운전불이행,포장 - 건조,흐림,단일로 - 기타,이륜,남,24세,상해없음,보행자,남,25세,경상
2031,2018031200100366,2018년 3월 12일 17시,월요일,서울특별시 양천구 목동,경상사고,0,0,1,0,차대사람 - 횡단중,안전운전불이행,포장 - 건조,맑음,단일로 - 기타,기타불명,기타불명,미분류,기타불명,보행자,남,16세,경상
2032,2018031200100408,2018년 3월 12일 18시,월요일,서울특별시 영등포구 신길동,경상사고,0,0,1,0,차대사람 - 횡단중,안전운전불이행,포장 - 건조,맑음,교차로 - 교차로안,화물,남,58세,상해없음,보행자,여,60세,경상
2033,2018031200100445,2018년 3월 12일 19시,월요일,서울특별시 송파구 문정동,경상사고,0,0,1,0,차대사람 - 횡단중,안전운전불이행,포장 - 건조,맑음,단일로 - 기타,승용,여,27세,상해없음,보행자,여,33세,경상
2034,2018031200100447,2018년 3월 12일 19시,월요일,서울특별시 강남구 역삼동,경상사고,0,0,1,0,차대사람 - 기타,안전운전불이행,포장 - 건조,맑음,단일로 - 기타,승합,남,59세,상해없음,보행자,남,41세,경상
2035,2018031200100496,2018년 3월 12일 21시,월요일,서울특별시 은평구 수색동,중상사고,0,1,0,0,차대사람 - 기타,안전운전불이행,포장 - 건조,맑음,단일로 - 기타,승합,남,57세,상해없음,보행자,남,54세,중상
2036,2018031200100499,2018년 3월 12일 21시,월요일,서울특별시 노원구 상계동,부상신고사고,0,0,0,1,차대사람 - 보도통행중,안전운전불이행,포장 - 건조,맑음,기타 - 기타,자전거,남,64세,상해없음,보행자,여,7세,부상신고
2037,2018031200100524,2018년 3월 12일 22시,월요일,서울특별시 용산구 한강로2가,경상사고,0,0,1,0,차대사람 - 횡단중,안전운전불이행,포장 - 건조,맑음,단일로 - 기타,승용,남,45세,상해없음,보행자,남,45세,경상
2038,2018031200100543,2018년 3월 12일 23시,월요일,서울특별시 강남구 역삼동,경상사고,0,0,1,0,차대사람 - 기타,안전운전불이행,포장 - 건조,맑음,단일로 - 기타,승용,남,59세,상해없음,보행자,남,39세,경상
2039,2018031300100035,2018년 3월 13일 05시,화요일,서울특별시 성북구 정릉동,중상사고,0,1,0,0,차대사람 - 횡단중,신호위반,포장 - 건조,맑음,교차로 - 교차로횡단보도내,승용,여,73세,상해없음,보행자,여,69세,중상
2040,2018031300100036,2018년 3월 13일 05시,화요일,서울특별시 노원구 상계동,경상사고,0,0,1,0,차대사람 - 길가장자리구역통행중,안전운전불이행,포장 - 건조,맑음,단일로 - 지하차도(도로)내,기타불명,기타불명,미분류,기타불명,보행자,여,53세,경상
2041,2018031300100076,2018년 3월 13일 08시,화요일,서울특별시 영등포구 문래동3가,부상신고사고,0,0,0,1,차대사람 - 횡단중,보행자보호의무위반,포장 - 건조,맑음,교차로 - 교차로횡단보도내,기타불명,기타불명,미분류,기타불명,보행자,남,12세,부상신고
2042,2018031300100118,2018년 3월 13일 09시,화요일,서울특별시 서대문구 대현동,중상사고,0,1,0,0,차대사람 - 차도통행중,안전운전불이행,포장 - 건조,맑음,단일로 - 기타,승용,여,60세,상해없음,보행자,여,18세,중상
2043,2018031300100147,2018년 3월 13일 10시,화요일,서울특별시 강동구 천호동,경상사고,0,0,1,0,차대사람 - 횡단중,보행자보호의무위반,포장 - 건조,맑음,단일로 - 기타,승용,여,29세,상해없음,보행자,여,59세,경상
2044,2018031300100170,2018년 3월 13일 11시,화요일,서울특별시 관악구 봉천동,중상사고,0,1,0,0,차대사람 - 횡단중,신호위반,포장 - 건조,맑음,단일로 - 기타,승용,남,76세,상해없음,보행자,여,76세,중상
2045,2018031300100198,2018년 3월 13일 12시,화요일,서울특별시 종로구 종로6가,중상사고,0,1,0,0,차대사람 - 횡단중,안전운전불이행,포장 - 건조,맑음,단일로 - 기타,승용,남,59세,상해없음,보행자,남,73세,중상
2046,2018031300100225,2018년 3월 13일 13시,화요일,서울특별시 동대문구 제기동,중상사고,0,1,0,0,차대사람 - 기타,보행자보호의무위반,포장 - 건조,맑음,교차로 - 교차로안,승용,여,60세,상해없음,보행자,여,71세,중상
2047,2018031300100226,2018년 3월 13일 13시,화요일,서울특별시 양천구 신정동,경상사고,0,0,1,0,차대사람 - 기타,기타,포장 - 건조,맑음,단일로 - 기타,자전거,여,51세,상해없음,보행자,여,20세,경상
2048,2018031300100250,2018년 3월 13일 14시,화요일,서울특별시 강서구 화곡동,중상사고,0,1,0,0,차대사람 - 횡단중,보행자보호의무위반,포장 - 건조,맑음,교차로 - 교차로횡단보도내,승용,여,56세,상해없음,보행자,여,80세,중상
2049,2018031300100271,2018년 3월 13일 15시,화요일,서울특별시 송파구 방이동,중상사고,0,1,0,0,차대사람 - 차도통행중,안전운전불이행,포장 - 건조,맑음,단일로 - 기타,승용,남,32세,상해없음,보행자,남,59세,중상
2050,2018031300100273,2018년 3월 13일 15시,화요일,서울특별시 서초구 반포동,경상사고,0,0,2,0,차대사람 - 횡단중,보행자보호의무위반,포장 - 건조,맑음,교차로 - 교차로횡단보도내,승용,남,27세,상해없음,보행자,여,70세,경상
2051,2018031300100309,2018년 3월 13일 16시,화요일,서울특별시 동작구 신대방동,중상사고,0,1,0,0,차대사람 - 길가장자리구역통행중,안전운전불이행,포장 - 건조,맑음,단일로 - 기타,승용,남,72세,상해없음,보행자,여,62세,중상
2052,2018031300100310,2018년 3월 13일 16시,화요일,서울특별시 강남구 청담동,경상사고,0,0,1,0,차대사람 - 기타,안전운전불이행,포장 - 건조,맑음,단일로 - 기타,승용,남,43세,상해없음,보행자,남,33세,경상
2053,2018031300100311,2018년 3월 13일 16시,화요일,서울특별시 강동구 고덕동,경상사고,0,0,1,0,차대사람 - 기타,안전운전불이행,포장 - 건조,맑음,단일로 - 기타,승용,남,60세,상해없음,보행자,남,46세,경상
2054,2018031300100359,2018년 3월 13일 17시,화요일,서울특별시 금천구 시흥동,경상사고,0,0,2,0,차대사람 - 횡단중,신호위반,포장 - 건조,맑음,교차로 - 교차로횡단보도내,화물,남,54세,상해없음,보행자,남,53세,경상
2055,2018031300100363,2018년 3월 13일 17시,화요일,서울특별시 양천구 목동,중상사고,0,1,0,0,차대사람 - 기타,안전운전불이행,포장 - 건조,맑음,단일로 - 기타,승용,남,24세,상해없음,보행자,남,6세,중상
2056,2018031300100396,2018년 3월 13일 18시,화요일,서울특별시 강남구 신사동,경상사고,0,0,1,0,차대사람 - 길가장자리구역통행중,직진우회전진행방해,포장 - 건조,맑음,교차로 - 교차로부근,승용,여,47세,상해없음,보행자,남,32세,경상
2057,2018031300100398,2018년 3월 13일 18시,화요일,서울특별시 송파구 방이동,경상사고,0,0,1,0,차대사람 - 기타,안전운전불이행,포장 - 건조,맑음,단일로 - 기타,승용,여,65세,상해없음,보행자,여,79세,경상
2058,2018031300100508,2018년 3월 13일 21시,화요일,서울특별시 중구 남대문로5가,경상사고,0,0,1,0,차대사람 - 보도통행중,보행자보호의무위반,포장 - 건조,맑음,기타 - 기타,승용,남,35세,상해없음,보행자,남,49세,경상
2059,2018031300100509,2018년 3월 13일 21시,화요일,서울특별시 중랑구 면목동,중상사고,0,1,0,0,차대사람 - 횡단중,보행자보호의무위반,포장 - 건조,맑음,교차로 - 교차로부근,승용,여,60세,상해없음,보행자,여,22세,중상
2060,2018031400100016,2018년 3월 14일 01시,수요일,서울특별시 강북구 미아동,경상사고,0,0,1,0,차대사람 - 기타,안전운전불이행,포장 - 건조,맑음,단일로 - 기타,승용,남,58세,상해없음,보행자,여,22세,경상
2061,2018031400100030,2018년 3월 14일 03시,수요일,서울특별시 강북구 번동,부상신고사고,0,0,0,1,차대사람 - 차도통행중,안전운전불이행,포장 - 건조,맑음,교차로 - 교차로안,승용,여,39세,상해없음,보행자,여,22세,부상신고
2062,2018031400100031,2018년 3월 14일 03시,수요일,서울특별시 강남구 논현동,경상사고,0,0,1,0,차대사람 - 기타,안전운전불이행,포장 - 건조,맑음,단일로 - 기타,승용,남,36세,상해없음,보행자,남,46세,경상
2063,2018031400100042,2018년 3월 14일 06시,수요일,서울특별시 성북구 돈암동,중상사고,0,1,0,0,차대사람 - 횡단중,안전운전불이행,포장 - 건조,맑음,단일로 - 기타,화물,남,66세,상해없음,보행자,여,69세,중상
2064,2018031400100063,2018년 3월 14일 07시,수요일,서울특별시 관악구 봉천동,경상사고,0,0,1,0,차대사람 - 기타,기타,포장 - 건조,맑음,교차로 - 교차로부근,승용,남,57세,상해없음,보행자,남,48세,경상
2065,2018031400100132,2018년 3월 14일 09시,수요일,서울특별시 종로구 창신동,경상사고,0,0,1,0,차대사람 - 기타,안전운전불이행,포장 - 건조,맑음,단일로 - 기타,원동기,남,68세,상해없음,보행자,여,44세,경상
2066,2018031400100135,2018년 3월 14일 09시,수요일,서울특별시 성북구 하월곡동,경상사고,0,0,1,0,차대사람 - 횡단중,보행자보호의무위반,포장 - 건조,맑음,교차로 - 교차로안,화물,남,49세,상해없음,보행자,여,22세,경상
2067,2018031400100167,2018년 3월 14일 10시,수요일,서울특별시 영등포구 대림동,경상사고,0,0,1,0,차대사람 - 길가장자리구역통행중,안전운전불이행,포장 - 건조,맑음,단일로 - 기타,승용,여,53세,상해없음,보행자,여,72세,경상
2068,2018031400100168,2018년 3월 14일 10시,수요일,서울특별시 노원구 상계동,경상사고,0,0,1,0,차대사람 - 기타,안전운전불이행,포장 - 건조,맑음,기타 - 기타,승용,여,43세,상해없음,보행자,여,21세,경상
2069,2018031400100197,2018년 3월 14일 11시,수요일,서울특별시 중구 인현동2가,중상사고,0,1,0,0,차대사람 - 보도통행중,보행자보호의무위반,포장 - 건조,맑음,교차로 - 교차로횡단보도내,화물,남,68세,상해없음,보행자,남,78세,중상
2070,2018031400100246,2018년 3월 14일 13시,수요일,서울특별시 용산구 한남동,경상사고,0,0,1,0,차대사람 - 기타,안전운전불이행,포장 - 건조,맑음,단일로 - 기타,기타불명,기타불명,미분류,기타불명,보행자,여,21세,경상
2071,2018031400100248,2018년 3월 14일 13시,수요일,서울특별시 강서구 화곡동,경상사고,0,0,1,0,차대사람 - 기타,안전운전불이행,포장 - 건조,맑음,단일로 - 기타,승용,남,66세,상해없음,보행자,여,44세,경상
2072,2018031400100278,2018년 3월 14일 14시,수요일,서울특별시 중구 을지로5가,중상사고,0,1,0,0,차대사람 - 횡단중,안전운전불이행,포장 - 건조,맑음,단일로 - 기타,이륜,남,61세,상해없음,보행자,남,53세,중상
2073,2018031400100279,2018년 3월 14일 14시,수요일,서울특별시 종로구 관수동,경상사고,0,0,1,0,차대사람 - 차도통행중,안전운전불이행,포장 - 건조,맑음,단일로 - 기타,승용,남,58세,상해없음,보행자,여,70세,경상
2074,2018031400100282,2018년 3월 14일 14시,수요일,서울특별시 마포구 동교동,중상사고,0,1,0,0,차대사람 - 횡단중,신호위반,포장 - 건조,맑음,단일로 - 기타,승용,남,27세,상해없음,보행자,남,20세,중상
2075,2018031400100283,2018년 3월 14일 14시,수요일,서울특별시 마포구 아현동,중상사고,0,1,0,0,차대사람 - 차도통행중,안전운전불이행,포장 - 건조,맑음,단일로 - 기타,승용,여,64세,상해없음,보행자,남,10세,중상
2076,2018031400100316,2018년 3월 14일 15시,수요일,서울특별시 구로구 오류동,경상사고,0,0,1,0,차대사람 - 횡단중,보행자보호의무위반,포장 - 건조,맑음,교차로 - 교차로횡단보도내,승합,남,53세,상해없음,보행자,남,8세,경상
2077,2018031400100317,2018년 3월 14일 15시,수요일,서울특별시 양천구 신정동,경상사고,0,0,1,0,차대사람 - 횡단중,기타,포장 - 건조,맑음,단일로 - 기타,승용,남,39세,상해없음,보행자,여,6세,경상
2078,2018031400100318,2018년 3월 14일 15시,수요일,서울특별시 도봉구 쌍문동,중상사고,0,1,0,0,차대사람 - 기타,안전운전불이행,포장 - 건조,맑음,단일로 - 기타,화물,남,64세,상해없음,보행자,여,79세,중상
2079,2018031400100357,2018년 3월 14일 16시,수요일,서울특별시 중구 명동2가,중상사고,0,1,0,0,차대사람 - 길가장자리구역통행중,안전운전불이행,포장 - 건조,맑음,단일로 - 기타,이륜,남,48세,상해없음,보행자,남,67세,중상
2080,2018031400100358,2018년 3월 14일 16시,수요일,서울특별시 성북구 성북동,경상사고,0,0,1,0,차대사람 - 기타,안전운전불이행,포장 - 건조,맑음,단일로 - 기타,승용,여,64세,상해없음,보행자,여,47세,경상
2081,2018031400100361,2018년 3월 14일 16시,수요일,서울특별시 강동구 명일동,경상사고,0,0,1,0,차대사람 - 기타,안전운전불이행,포장 - 건조,맑음,단일로 - 기타,승용,남,67세,상해없음,보행자,여,70세,경상
2082,2018031400100363,2018년 3월 14일 16시,수요일,서울특별시 은평구 역촌동,경상사고,0,0,1,0,차대사람 - 차도통행중,안전운전불이행,포장 - 건조,맑음,단일로 - 기타,승용,남,59세,상해없음,보행자,남,18세,경상
2083,2018031400100396,2018년 3월 14일 17시,수요일,서울특별시 강남구 신사동,경상사고,0,0,1,0,차대사람 - 보도통행중,안전운전불이행,포장 - 건조,맑음,교차로 - 교차로부근,승용,남,36세,상해없음,보행자,여,23세,경상
2084,2018031400100441,2018년 3월 14일 18시,수요일,서울특별시 송파구 삼전동,경상사고,0,0,1,0,차대사람 - 기타,안전운전불이행,포장 - 건조,맑음,단일로 - 기타,승용,여,36세,기타불명,보행자,여,5세,경상
2085,2018031400100484,2018년 3월 14일 19시,수요일,서울특별시 강동구 성내동,경상사고,0,0,1,0,차대사람 - 기타,안전운전불이행,포장 - 건조,맑음,교차로 - 교차로부근,승용,남,55세,상해없음,보행자,남,51세,경상
2086,2018031400100485,2018년 3월 14일 19시,수요일,서울특별시 구로구 가리봉동,중상사고,0,1,0,0,차대사람 - 보도통행중,안전운전불이행,포장 - 건조,맑음,단일로 - 기타,자전거,남,11세,상해없음,보행자,여,46세,중상
2087,2018031400100554,2018년 3월 14일 21시,수요일,서울특별시 관악구 신림동,중상사고,0,1,0,0,차대사람 - 차도통행중,안전운전불이행,포장 - 건조,맑음,단일로 - 기타,승용,여,38세,상해없음,보행자,여,56세,중상
2088,2018031400100589,2018년 3월 14일 22시,수요일,서울특별시 서초구 방배동,경상사고,0,0,1,0,차대사람 - 기타,기타,포장 - 건조,맑음,교차로 - 교차로안,승합,여,48세,상해없음,보행자,여,31세,경상
2089,2018031500100017,2018년 3월 15일 01시,목요일,서울특별시 영등포구 대림동,중상사고,0,1,0,0,차대사람 - 횡단중,안전운전불이행,포장 - 건조,맑음,단일로 - 기타,승용,남,63세,상해없음,보행자,여,55세,중상
2090,2018031500100044,2018년 3월 15일 04시,목요일,서울특별시 노원구 공릉동,경상사고,0,0,1,0,차대사람 - 기타,안전운전불이행,포장 - 젖음/습기,비,단일로 - 기타,승용,남,59세,상해없음,보행자,남,52세,경상
2091,2018031500100052,2018년 3월 15일 05시,목요일,서울특별시 강서구 가양동,중상사고,0,1,0,0,차대사람 - 차도통행중,안전운전불이행,포장 - 젖음/습기,흐림,단일로 - 기타,승용,남,47세,상해없음,보행자,남,50세,중상
2092,2018031500100060,2018년 3월 15일 06시,목요일,서울특별시 종로구 혜화동,경상사고,0,0,1,0,차대사람 - 기타,안전운전불이행,포장 - 젖음/습기,비,단일로 - 기타,승용,남,80세,상해없음,보행자,여,51세,경상
2093,2018031500100082,2018년 3월 15일 07시,목요일,서울특별시 관악구 봉천동,경상사고,0,0,1,0,차대사람 - 기타,안전운전불이행,포장 - 젖음/습기,비,교차로 - 교차로부근,원동기,남,48세,상해없음,보행자,남,29세,경상
2094,2018031500100084,2018년 3월 15일 07시,목요일,서울특별시 구로구 개봉동,경상사고,0,0,1,0,차대사람 - 기타,안전운전불이행,포장 - 젖음/습기,비,기타 - 기타,화물,남,33세,상해없음,보행자,여,29세,경상
2095,2018031500100107,2018년 3월 15일 08시,목요일,서울특별시 중구 신당동,중상사고,0,1,0,0,차대사람 - 횡단중,안전운전불이행,포장 - 젖음/습기,비,단일로 - 기타,승용,여,63세,상해없음,보행자,여,35세,중상
2096,2018031500100108,2018년 3월 15일 08시,목요일,서울특별시 동대문구 제기동,경상사고,0,0,1,0,차대사람 - 횡단중,안전운전불이행,포장 - 건조,맑음,교차로 - 교차로안,승용,남,72세,상해없음,보행자,여,30세,경상
2097,2018031500100109,2018년 3월 15일 08시,목요일,서울특별시 마포구 상암동,경상사고,0,0,1,0,차대사람 - 기타,기타,포장 - 건조,맑음,교차로 - 교차로안,승용,남,42세,상해없음,보행자,남,12세,경상
2098,2018031500100111,2018년 3월 15일 08시,목요일,서울특별시 관악구 신림동,중상사고,0,1,0,0,차대사람 - 기타,안전운전불이행,포장 - 젖음/습기,비,교차로 - 교차로안,승용,여,56세,상해없음,보행자,여,71세,중상
2099,2018031500100189,2018년 3월 15일 10시,목요일,서울특별시 종로구 청진동,경상사고,0,0,1,0,차대사람 - 횡단중,안전운전불이행,포장 - 젖음/습기,비,교차로 - 교차로부근,승용,남,73세,상해없음,보행자,남,49세,경상
2100,2018031500100191,2018년 3월 15일 10시,목요일,서울특별시 강동구 성내동,경상사고,0,0,1,0,차대사람 - 보도통행중,안전운전불이행,포장 - 젖음/습기,비,교차로 - 교차로부근,화물,남,55세,상해없음,보행자,여,90세 이상,경상
2101,2018031500100223,2018년 3월 15일 11시,목요일,서울특별시 성북구 동선동3가,중상사고,0,1,0,0,차대사람 - 기타,안전운전불이행,포장 - 젖음/습기,비,단일로 - 기타,승용,남,36세,상해없음,보행자,여,76세,중상
2102,2018031500100252,2018년 3월 15일 12시,목요일,서울특별시 동대문구 이문동,경상사고,0,0,1,0,차대사람 - 횡단중,보행자보호의무위반,포장 - 젖음/습기,비,교차로 - 교차로안,승용,남,59세,상해없음,보행자,여,54세,경상
2103,2018031500100253,2018년 3월 15일 12시,목요일,서울특별시 구로구 구로동,경상사고,0,0,1,0,차대사람 - 횡단중,안전운전불이행,포장 - 젖음/습기,비,교차로 - 교차로부근,화물,남,49세,상해없음,보행자,여,33세,경상
2104,2018031500100280,2018년 3월 15일 13시,목요일,서울특별시 광진구 화양동,중상사고,0,1,0,0,차대사람 - 기타,안전운전불이행,포장 - 건조,맑음,단일로 - 기타,승용,남,43세,상해없음,보행자,남,61세,중상
2105,2018031500100308,2018년 3월 15일 14시,목요일,서울특별시 송파구 가락동,경상사고,0,0,1,0,차대사람 - 횡단중,신호위반,포장 - 건조,맑음,교차로 - 교차로부근,승용,여,75세,상해없음,보행자,여,42세,경상
2106,2018031500100309,2018년 3월 15일 14시,목요일,서울특별시 노원구 상계동,경상사고,0,0,1,0,차대사람 - 기타,안전운전불이행,포장 - 건조,맑음,단일로 - 기타,승합,남,50세,상해없음,보행자,남,31세,경상
2107,2018031500100425,2018년 3월 15일 18시,목요일,서울특별시 동작구 상도동,중상사고,0,1,0,0,차대사람 - 기타,보행자보호의무위반,포장 - 건조,맑음,교차로 - 교차로안,승용,여,48세,상해없음,보행자,남,50세,중상
2108,2018031500100427,2018년 3월 15일 18시,목요일,서울특별시 강동구 성내동,부상신고사고,0,0,0,1,차대사람 - 길가장자리구역통행중,안전운전불이행,포장 - 건조,맑음,기타 - 기타,승용,남,37세,상해없음,보행자,여,27세,부상신고
2109,2018031500100471,2018년 3월 15일 19시,목요일,서울특별시 중랑구 중화동,부상신고사고,0,0,0,1,차대사람 - 기타,안전운전불이행,포장 - 건조,맑음,교차로 - 교차로안,승용,여,31세,상해없음,보행자,남,70세,부상신고
2110,2018031500100472,2018년 3월 15일 19시,목요일,서울특별시 구로구 구로동,경상사고,0,0,1,0,차대사람 - 횡단중,신호위반,포장 - 젖음/습기,비,단일로 - 기타,이륜,남,17세,상해없음,보행자,여,30세,경상
2111,2018031500100520,2018년 3월 15일 20시,목요일,서울특별시 강북구 미아동,중상사고,0,1,0,0,차대사람 - 차도통행중,안전운전불이행,포장 - 젖음/습기,흐림,교차로 - 교차로안,화물,남,60세,상해없음,보행자,남,60세,중상
2112,2018031500100521,2018년 3월 15일 20시,목요일,서울특별시 구로구 구로동,중상사고,0,1,0,0,차대사람 - 기타,보행자보호의무위반,포장 - 건조,맑음,교차로 - 교차로횡단보도내,승합,여,60세,상해없음,보행자,남,68세,중상
2113,2018031500100522,2018년 3월 15일 20시,목요일,서울특별시 구로구 오류동,중상사고,0,1,0,0,차대사람 - 횡단중,안전운전불이행,포장 - 건조,맑음,단일로 - 기타,승용,남,52세,상해없음,보행자,남,71세,중상
2114,2018031500100544,2018년 3월 15일 21시,목요일,서울특별시 종로구 돈의동,경상사고,0,0,1,0,차대사람 - 기타,안전운전불이행,포장 - 건조,맑음,단일로 - 기타,승용,남,35세,상해없음,보행자,남,40세,경상
2115,2018031500100545,2018년 3월 15일 21시,목요일,서울특별시 은평구 신사동,경상사고,0,0,1,0,차대사람 - 기타,안전운전불이행,포장 - 건조,흐림,단일로 - 기타,승합,남,58세,상해없음,보행자,남,57세,경상
2116,2018031500100546,2018년 3월 15일 21시,목요일,서울특별시 영등포구 신길동,중상사고,0,1,0,0,차대사람 - 횡단중,안전운전불이행,포장 - 젖음/습기,흐림,교차로 - 교차로부근,승용,남,60세,상해없음,보행자,남,66세,중상
2117,2018031500100548,2018년 3월 15일 21시,목요일,서울특별시 금천구 시흥동,중상사고,0,1,0,0,차대사람 - 횡단중,안전운전불이행,포장 - 건조,흐림,교차로 - 교차로횡단보도내,화물,남,47세,상해없음,보행자,남,26세,중상
2118,2018031500100605,2018년 3월 15일 23시,목요일,서울특별시 영등포구 신길동,사망사고,1,0,0,0,차대사람 - 횡단중,과속,포장 - 건조,맑음,단일로 - 기타,화물,남,65세,상해없음,보행자,여,32세,사망
2119,2018031500100607,2018년 3월 15일 23시,목요일,서울특별시 금천구 독산동,경상사고,0,0,1,0,차대사람 - 차도통행중,안전운전불이행,포장 - 건조,맑음,단일로 - 기타,승용,남,19세,상해없음,보행자,여,40세,경상
2120,2018031600100002,2018년 3월 16일 00시,금요일,서울특별시 용산구 남영동,중상사고,0,1,0,0,차대사람 - 횡단중,신호위반,포장 - 건조,흐림,교차로 - 교차로횡단보도내,승용,남,59세,상해없음,보행자,여,21세,중상
2121,2018031600100006,2018년 3월 16일 00시,금요일,서울특별시 강남구 대치동,중상사고,0,1,0,0,차대사람 - 횡단중,안전운전불이행,포장 - 젖음/습기,비,단일로 - 기타,이륜,남,48세,상해없음,보행자,남,58세,중상
2122,2018031600100048,2018년 3월 16일 05시,금요일,서울특별시 금천구 시흥동,중상사고,0,1,0,0,차대사람 - 횡단중,안전운전불이행,포장 - 건조,맑음,교차로 - 교차로부근,승용,남,63세,상해없음,보행자,여,60세,중상
2123,2018031600100058,2018년 3월 16일 06시,금요일,서울특별시 영등포구 당산동2가,중상사고,0,1,0,0,차대사람 - 횡단중,안전운전불이행,포장 - 건조,맑음,단일로 - 기타,승용,남,59세,상해없음,보행자,남,79세,중상
2124,2018031600100059,2018년 3월 16일 06시,금요일,서울특별시 도봉구 쌍문동,경상사고,0,0,1,0,차대사람 - 기타,안전운전불이행,포장 - 기타,맑음,단일로 - 기타,승용,남,67세,상해없음,보행자,남,62세,경상
2125,2018031600100130,2018년 3월 16일 09시,금요일,서울특별시 영등포구 문래동3가,사망사고,1,0,0,0,차대사람 - 기타,안전운전불이행,포장 - 건조,맑음,단일로 - 기타,승합,남,64세,상해없음,보행자,여,90세 이상,사망
2126,2018031600100132,2018년 3월 16일 09시,금요일,서울특별시 강동구 천호동,중상사고,0,1,0,0,차대사람 - 횡단중,보행자보호의무위반,포장 - 건조,맑음,교차로 - 교차로안,승용,여,37세,상해없음,보행자,여,64세,중상
2127,2018031600100167,2018년 3월 16일 10시,금요일,서울특별시 동대문구 제기동,경상사고,0,0,1,0,차대사람 - 기타,안전운전불이행,포장 - 건조,맑음,단일로 - 기타,건설기계,남,60세,상해없음,보행자,여,77세,경상
2128,2018031600100168,2018년 3월 16일 10시,금요일,서울특별시 동대문구 제기동,경상사고,0,0,1,0,차대사람 - 횡단중,보행자보호의무위반,포장 - 건조,맑음,교차로 - 교차로횡단보도내,화물,남,58세,상해없음,보행자,남,47세,경상
2129,2018031600100206,2018년 3월 16일 11시,금요일,서울특별시 구로구 구로동,경상사고,0,0,1,0,차대사람 - 횡단중,보행자보호의무위반,포장 - 건조,맑음,교차로 - 교차로안,화물,남,58세,상해없음,보행자,남,78세,경상
2130,2018031600100218,2018년 3월 16일 12시,금요일,서울특별시 마포구 도화동,경상사고,0,0,1,0,차대사람 - 기타,안전운전불이행,포장 - 건조,맑음,교차로 - 교차로안,승용,여,34세,상해없음,보행자,여,68세,경상
2131,2018031600100221,2018년 3월 16일 12시,금요일,서울특별시 중랑구 신내동,중상사고,0,1,0,0,차대사람 - 기타,안전운전불이행,포장 - 건조,맑음,기타 - 기타,승용,여,42세,상해없음,보행자,남,75세,중상
2132,2018031600100239,2018년 3월 16일 13시,금요일,서울특별시 종로구 연건동,중상사고,0,1,0,0,차대사람 - 기타,안전운전불이행,포장 - 건조,맑음,단일로 - 기타,승합,남,25세,상해없음,보행자,여,78세,중상
2133,2018031600100242,2018년 3월 16일 13시,금요일,서울특별시 금천구 가산동,경상사고,0,0,1,0,차대사람 - 횡단중,보행자보호의무위반,포장 - 건조,맑음,교차로 - 교차로횡단보도내,기타불명,기타불명,미분류,기타불명,보행자,여,29세,경상
2134,2018031600100243,2018년 3월 16일 13시,금요일,서울특별시 강남구 신사동,중상사고,0,1,0,0,차대사람 - 기타,안전운전불이행,포장 - 건조,맑음,교차로 - 교차로부근,승합,남,73세,상해없음,보행자,여,49세,중상
2135,2018031600100244,2018년 3월 16일 13시,금요일,서울특별시 송파구 거여동,부상신고사고,0,0,0,1,차대사람 - 기타,안전운전불이행,포장 - 건조,맑음,단일로 - 기타,승용,남,68세,상해없음,보행자,남,43세,부상신고
2136,2018031600100245,2018년 3월 16일 13시,금요일,서울특별시 구로구 구로동,경상사고,0,0,1,0,차대사람 - 보도통행중,기타,포장 - 건조,맑음,교차로 - 교차로안,자전거,남,78세,상해없음,보행자,남,60세,경상
2137,2018031600100279,2018년 3월 16일 14시,금요일,서울특별시 영등포구 신길동,중상사고,0,1,0,0,차대사람 - 횡단중,안전운전불이행,포장 - 건조,맑음,단일로 - 기타,승용,남,70세,상해없음,보행자,남,44세,중상
2138,2018031600100284,2018년 3월 16일 14시,금요일,서울특별시 강동구 성내동,부상신고사고,0,0,0,1,차대사람 - 횡단중,안전운전불이행,포장 - 건조,맑음,교차로 - 교차로안,승용,여,35세,상해없음,보행자,여,58세,부상신고
2139,2018031600100336,2018년 3월 16일 16시,금요일,서울특별시 성북구 돈암동,중상사고,0,4,0,0,차대사람 - 기타,안전운전불이행,포장 - 건조,맑음,단일로 - 기타,승용,여,57세,중상,보행자,여,57세,중상