,사고번호,사고일시,요일,시군구,사고내용,사망자수,중상자수,경상자수,부상신고자수,사고유형,법규위반,노면상태,기상상태,도로형태,가해운전자 차종,가해운전자 성별,가해운전자 연령,가해운전자 상해정도,피해운전자 차종,피해운전자 성별,피해운전자 연령,피해운전자 상해정도
2252,2018032000100357,2018년 3월 20일 17시,화요일,서울특별시 노원구 월계동,중상사고,0,1,0,0,차대사람 - 보도통행중,기타,포장 - 건조,맑음,기타 - 기타,자전거,남,11세,상해없음,보행자,여,83세,중상
2253,2018032000100392,2018년 3월 20일 18시,화요일,서울특별시 동작구 대방동,경상사고,0,0,1,0,차대사람 - 횡단중,보행자보호의무위반,포장 - 건조,맑음,교차로 - 교차로횡단보도내,승용,여,51세,상해없음,보행자,여,49세,경상
2254,2018032000100435,2018년 3월 20일 19시,화요일,서울특별시 양천구 목동,중상사고,0,1,0,0,차대사람 - 횡단중,안전운전불이행,포장 - 건조,흐림,단일로 - 기타,승용,남,46세,상해없음,보행자,남,55세,중상
2255,2018032000100436,2018년 3월 20일 19시,화요일,서울특별시 양천구 신월동,중상사고,0,1,0,0,차대사람 - 기타,안전운전불이행,포장 - 건조,맑음,교차로 - 교차로부근,화물,남,66세,상해없음,보행자,여,65세,중상
2256,2018032000100437,2018년 3월 20일 19시,화요일,서울특별시 강남구 대치동,중상사고,0,1,0,0,차대사람 - 횡단중,안전운전불이행,포장 - 건조,기타,교차로 - 교차로부근,승용,여,46세,상해없음,보행자,여,47세,중상
2257,2018032000100470,2018년 3월 20일 20시,화요일,서울특별시 서대문구 홍은동,중상사고,0,1,0,0,차대사람 - 기타,안전운전불이행,포장 - 건조,맑음,단일로 - 기타,승용,남,35세,상해없음,보행자,여,18세,중상
2258,2018032000100538,2018년 3월 20일 22시,화요일,서울특별시 송파구 석촌동,중상사고,0,1,0,0,차대사람 - 횡단중,보행자보호의무위반,포장 - 건조,맑음,교차로 - 교차로횡단보도내,승용,남,34세,상해없음,보행자,여,27세,중상
2259,2018032000100564,2018년 3월 20일 23시,화요일,서울특별시 송파구 잠실동,중상사고,0,1,0,0,차대사람 - 횡단중,안전운전불이행,포장 - 건조,맑음,교차로 - 교차로안,승용,남,71세,상해없음,보행자,남,24세,중상
2260,2018032100100002,2018년 3월 21일 00시,수요일,서울특별시 구로구 개봉동,중상사고,0,1,0,0,차대사람 - 차도통행중,안전운전불이행,포장 - 건조,맑음,단일로 - 기타,화물,남,37세,상해없음,보행자,여,27세,중상
2261,2018032100100043,2018년 3월 21일 04시,수요일,서울특별시 성북구 안암동5가,경상사고,0,0,1,0,차대사람 - 기타,안전운전불이행,포장 - 건조,맑음,교차로 - 교차로부근,승용,남,54세,상해없음,보행자,여,25세,경상
2262,2018032100100075,2018년 3월 21일 07시,수요일,서울특별시 중랑구 망우동,중상사고,0,1,0,0,차대사람 - 횡단중,안전운전불이행,포장 - 건조,맑음,단일로 - 기타,화물,남,49세,상해없음,보행자,여,15세,중상
2263,2018032100100094,2018년 3월 21일 08시,수요일,서울특별시 동작구 흑석동,경상사고,0,0,1,0,차대사람 - 횡단중,신호위반,포장 - 건조,맑음,교차로 - 교차로횡단보도내,승용,남,29세,상해없음,보행자,남,25세,경상
2264,2018032100100096,2018년 3월 21일 08시,수요일,서울특별시 서초구 잠원동,경상사고,0,0,1,0,차대사람 - 길가장자리구역통행중,안전운전불이행,포장 - 건조,맑음,단일로 - 기타,승용,남,50세,상해없음,보행자,남,47세,경상
2265,2018032100100137,2018년 3월 21일 09시,수요일,서울특별시 성동구 행당동,경상사고,0,0,1,0,차대사람 - 기타,안전운전불이행,포장 - 건조,흐림,교차로 - 교차로부근,화물,남,56세,상해없음,보행자,여,81세,경상
2266,2018032100100138,2018년 3월 21일 09시,수요일,서울특별시 성동구 성수동2가,경상사고,0,0,1,0,차대사람 - 기타,안전운전불이행,포장 - 기타,맑음,단일로 - 기타,기타불명,기타불명,미분류,기타불명,보행자,여,25세,경상
2267,2018032100100161,2018년 3월 21일 10시,수요일,서울특별시 금천구 독산동,경상사고,0,0,1,0,차대사람 - 기타,안전운전불이행,포장 - 건조,맑음,단일로 - 기타,화물,남,51세,상해없음,보행자,여,65세,경상
2268,2018032100100188,2018년 3월 21일 11시,수요일,서울특별시 서초구 반포동,경상사고,0,0,1,0,차대사람 - 기타,안전운전불이행,포장 - 젖음/습기,비,교차로 - 교차로부근,승용,여,72세,기타불명,보행자,남,66세,경상
2269,2018032100100224,2018년 3월 21일 13시,수요일,서울특별시 서초구 서초동,경상사고,0,0,1,0,차대사람 - 보도통행중,안전운전불이행,포장 - 젖음/습기,눈,단일로 - 기타,승용,남,38세,상해없음,보행자,남,25세,경상
2270,2018032100100251,2018년 3월 21일 14시,수요일,서울특별시 강남구 대치동,경상사고,0,0,1,0,차대사람 - 길가장자리구역통행중,안전운전불이행,포장 - 기타,기타,기타 - 기타,승용,남,49세,기타불명,보행자,남,26세,경상
2271,2018032100100284,2018년 3월 21일 15시,수요일,서울특별시 구로구 신도림동,중상사고,0,1,0,0,차대사람 - 횡단중,신호위반,포장 - 젖음/습기,비,교차로 - 교차로횡단보도내,승용,남,57세,상해없음,보행자,여,19세,중상
2272,2018032100100312,2018년 3월 21일 16시,수요일,서울특별시 광진구 자양동,경상사고,0,0,1,0,차대사람 - 횡단중,보행자보호의무위반,포장 - 건조,맑음,단일로 - 기타,승용,남,46세,상해없음,보행자,여,24세,경상
2273,2018032100100313,2018년 3월 21일 16시,수요일,서울특별시 성동구 성수동2가,중상사고,0,1,0,0,차대사람 - 길가장자리구역통행중,안전운전불이행,포장 - 젖음/습기,비,단일로 - 기타,화물,남,33세,상해없음,보행자,남,59세,중상
2274,2018032100100348,2018년 3월 21일 17시,수요일,서울특별시 서대문구 북가좌동,부상신고사고,0,0,0,1,차대사람 - 차도통행중,안전운전불이행,포장 - 젖음/습기,비,단일로 - 기타,승용,여,47세,상해없음,보행자,남,72세,부상신고
2275,2018032100100385,2018년 3월 21일 18시,수요일,서울특별시 송파구 송파동,중상사고,0,1,0,0,차대사람 - 횡단중,신호위반,포장 - 건조,맑음,단일로 - 기타,승용,여,35세,상해없음,보행자,여,44세,중상
2276,2018032100100412,2018년 3월 21일 19시,수요일,서울특별시 강서구 개화동,경상사고,0,0,1,0,차대사람 - 기타,안전운전불이행,포장 - 젖음/습기,비,교차로 - 교차로안,승용,남,48세,상해없음,보행자,여,25세,경상
2277,2018032100100461,2018년 3월 21일 20시,수요일,서울특별시 동대문구 전농동,중상사고,0,1,0,0,차대사람 - 횡단중,신호위반,포장 - 젖음/습기,비,단일로 - 기타,승용,여,40세,기타불명,보행자,여,62세,중상
2278,2018032100100462,2018년 3월 21일 20시,수요일,서울특별시 동작구 흑석동,중상사고,0,1,0,0,차대사람 - 횡단중,보행자보호의무위반,포장 - 젖음/습기,비,교차로 - 교차로횡단보도내,이륜,남,44세,상해없음,보행자,여,71세,중상
2279,2018032100100464,2018년 3월 21일 20시,수요일,서울특별시 강서구 화곡동,경상사고,0,0,1,0,차대사람 - 기타,보행자보호의무위반,포장 - 젖음/습기,비,단일로 - 기타,승용,남,62세,상해없음,보행자,남,63세,경상
2280,2018032100100553,2018년 3월 21일 23시,수요일,서울특별시 동대문구 장안동,중상사고,0,1,0,0,차대사람 - 기타,안전운전불이행,포장 - 젖음/습기,비,기타 - 기타,이륜,남,20세,상해없음,보행자,여,39세,중상
2281,2018032200100012,2018년 3월 22일 01시,목요일,서울특별시 중랑구 묵동,중상사고,0,1,0,0,차대사람 - 기타,안전운전불이행,포장 - 건조,맑음,단일로 - 기타,승용,여,59세,상해없음,보행자,남,34세,중상
2282,2018032200100022,2018년 3월 22일 02시,목요일,서울특별시 중구 인현동1가,경상사고,0,0,1,0,차대사람 - 차도통행중,안전운전불이행,포장 - 건조,맑음,교차로 - 교차로부근,승용,남,71세,상해없음,보행자,남,49세,경상
2283,2018032200100029,2018년 3월 22일 03시,목요일,서울특별시 용산구 동자동,중상사고,0,1,0,0,차대사람 - 횡단중,안전운전불이행,포장 - 건조,맑음,단일로 - 기타,승용,남,40세,상해없음,보행자,남,45세,중상
2284,2018032200100041,2018년 3월 22일 05시,목요일,서울특별시 중랑구 묵동,경상사고,0,0,1,0,차대사람 - 횡단중,안전운전불이행,포장 - 건조,맑음,단일로 - 기타,승용,남,58세,상해없음,보행자,남,64세,경상
2285,2018032200100043,2018년 3월 22일 05시,목요일,서울특별시 구로구 구로동,중상사고,0,1,0,0,차대사람 - 차도통행중,안전운전불이행,포장 - 건조,맑음,교차로 - 교차로안,승용,남,71세,상해없음,보행자,남,68세,중상
2286,2018032200100054,2018년 3월 22일 06시,목요일,서울특별시 서대문구 홍제동,경상사고,0,0,1,0,차대사람 - 횡단중,안전운전불이행,포장 - 건조,맑음,단일로 - 기타,승용,남,59세,상해없음,보행자,남,49세,경상
2287,2018032200100082,2018년 3월 22일 07시,목요일,서울특별시 노원구 월계동,중상사고,0,2,4,2,차대사람 - 기타,안전운전불이행,포장 - 건조,맑음,단일로 - 기타,승합,남,68세,상해없음,보행자,여,55세,중상
2288,2018032200100127,2018년 3월 22일 08시,목요일,서울특별시 도봉구 창동,중상사고,0,1,0,0,차대사람 - 횡단중,신호위반,포장 - 건조,맑음,단일로 - 기타,승용,남,67세,상해없음,보행자,남,8세,중상
2289,2018032200100251,2018년 3월 22일 12시,목요일,서울특별시 강동구 천호동,사망사고,1,1,0,0,차대사람 - 횡단중,안전운전불이행,포장 - 건조,맑음,단일로 - 기타,승용,여,35세,상해없음,보행자,남,58세,사망
2290,2018032200100252,2018년 3월 22일 12시,목요일,서울특별시 성북구 하월곡동,중상사고,0,1,0,0,차대사람 - 횡단중,보행자보호의무위반,포장 - 건조,맑음,교차로 - 교차로부근,화물,남,64세,상해없음,보행자,여,45세,중상
2291,2018032200100280,2018년 3월 22일 13시,목요일,서울특별시 광진구 중곡동,중상사고,0,1,0,0,차대사람 - 보도통행중,안전운전불이행,포장 - 건조,맑음,단일로 - 기타,승용,남,67세,상해없음,보행자,여,55세,중상
2292,2018032200100281,2018년 3월 22일 13시,목요일,서울특별시 마포구 공덕동,중상사고,0,1,0,0,차대사람 - 차도통행중,안전운전불이행,포장 - 건조,맑음,교차로 - 교차로부근,승용,남,58세,상해없음,보행자,여,21세,중상
2293,2018032200100304,2018년 3월 22일 14시,목요일,서울특별시 서대문구 북가좌동,경상사고,0,0,1,0,차대사람 - 기타,안전운전불이행,포장 - 건조,맑음,기타 - 기타,승합,남,45세,상해없음,보행자,남,35세,경상
2294,2018032200100305,2018년 3월 22일 14시,목요일,서울특별시 서초구 반포동,경상사고,0,0,1,0,차대사람 - 길가장자리구역통행중,안전운전불이행,포장 - 건조,맑음,단일로 - 기타,화물,남,62세,상해없음,보행자,남,81세,경상
2295,2018032200100334,2018년 3월 22일 15시,목요일,서울특별시 은평구 응암동,중상사고,0,1,0,0,차대사람 - 횡단중,보행자보호의무위반,포장 - 건조,맑음,교차로 - 교차로안,승합,남,64세,상해없음,보행자,여,84세,중상
2296,2018032200100357,2018년 3월 22일 16시,목요일,서울특별시 영등포구 대림동,경상사고,0,0,1,0,차대사람 - 횡단중,기타,포장 - 건조,맑음,교차로 - 교차로부근,승용,남,30세,상해없음,보행자,남,6세,경상
2297,2018032200100390,2018년 3월 22일 17시,목요일,서울특별시 영등포구 영등포동2가,경상사고,0,0,1,0,차대사람 - 기타,안전운전불이행,포장 - 건조,맑음,단일로 - 기타,승용,여,49세,상해없음,보행자,여,62세,경상
2298,2018032200100391,2018년 3월 22일 17시,목요일,서울특별시 은평구 갈현동,경상사고,0,0,1,0,차대사람 - 기타,안전운전불이행,포장 - 건조,맑음,교차로 - 교차로부근,화물,남,58세,상해없음,보행자,여,26세,경상
2299,2018032200100436,2018년 3월 22일 18시,목요일,서울특별시 중랑구 신내동,사망사고,1,0,0,0,차대사람 - 횡단중,보행자보호의무위반,포장 - 건조,맑음,단일로 - 기타,특수,남,58세,상해없음,보행자,남,47세,사망
2300,2018032200100472,2018년 3월 22일 19시,목요일,서울특별시 동대문구 장안동,부상신고사고,0,0,0,1,차대사람 - 기타,안전운전불이행,포장 - 건조,맑음,단일로 - 기타,승용,여,30세,상해없음,보행자,남,25세,부상신고
2301,2018032200100476,2018년 3월 22일 19시,목요일,서울특별시 송파구 송파동,중상사고,0,1,0,0,차대사람 - 횡단중,안전운전불이행,포장 - 건조,맑음,단일로 - 기타,승용,여,43세,상해없음,보행자,여,76세,중상
2302,2018032200100481,2018년 3월 22일 19시,목요일,서울특별시 강남구 대치동,중상사고,0,2,0,0,차대사람 - 횡단중,신호위반,포장 - 건조,맑음,단일로 - 기타,자전거,남,17세,중상,보행자,남,14세,중상
2303,2018032200100510,2018년 3월 22일 20시,목요일,서울특별시 금천구 가산동,중상사고,0,1,1,0,차대사람 - 횡단중,보행자보호의무위반,포장 - 건조,맑음,교차로 - 교차로횡단보도내,승용,남,27세,상해없음,보행자,남,26세,경상
2304,2018032200100586,2018년 3월 22일 23시,목요일,서울특별시 중구 다동,경상사고,0,0,1,0,차대사람 - 기타,안전운전불이행,포장 - 건조,흐림,단일로 - 기타,승용,남,61세,상해없음,보행자,남,37세,경상
2305,2018032300100004,2018년 3월 23일 00시,금요일,서울특별시 관악구 신림동,부상신고사고,0,0,0,1,차대사람 - 기타,안전운전불이행,포장 - 건조,맑음,단일로 - 기타,승용,남,33세,상해없음,보행자,남,24세,부상신고
2306,2018032300100016,2018년 3월 23일 01시,금요일,서울특별시 동대문구 신설동,부상신고사고,0,0,0,1,차대사람 - 길가장자리구역통행중,안전운전불이행,포장 - 건조,맑음,단일로 - 기타,기타불명,기타불명,미분류,기타불명,보행자,남,43세,부상신고
2307,2018032300100025,2018년 3월 23일 02시,금요일,서울특별시 관악구 신림동,경상사고,0,0,1,0,차대사람 - 기타,안전운전불이행,포장 - 건조,맑음,기타 - 기타,승용,남,35세,상해없음,보행자,여,44세,경상
2308,2018032300100039,2018년 3월 23일 05시,금요일,서울특별시 중구 남대문로3가,중상사고,0,1,0,0,차대사람 - 기타,안전운전불이행,포장 - 건조,맑음,단일로 - 기타,승용,남,54세,상해없음,보행자,남,64세,중상
2309,2018032300100067,2018년 3월 23일 07시,금요일,서울특별시 중구 을지로6가,경상사고,0,0,1,0,차대사람 - 횡단중,신호위반,포장 - 건조,맑음,교차로 - 교차로횡단보도내,자전거,남,59세,상해없음,보행자,남,40세,경상
2310,2018032300100074,2018년 3월 23일 07시,금요일,서울특별시 도봉구 쌍문동,중상사고,0,1,0,0,차대사람 - 횡단중,신호위반,포장 - 건조,맑음,교차로 - 교차로안,승합,남,65세,상해없음,보행자,여,27세,중상
2311,2018032300100096,2018년 3월 23일 08시,금요일,서울특별시 강동구 천호동,중상사고,0,1,0,0,차대사람 - 보도통행중,신호위반,포장 - 건조,맑음,교차로 - 교차로부근,승용,남,29세,상해없음,보행자,남,81세,중상
2312,2018032300100098,2018년 3월 23일 08시,금요일,서울특별시 구로구 고척동,경상사고,0,0,1,0,차대사람 - 기타,안전운전불이행,포장 - 건조,맑음,기타 - 기타,승용,남,25세,상해없음,보행자,여,36세,경상
2313,2018032300100142,2018년 3월 23일 09시,금요일,서울특별시 성동구 송정동,경상사고,0,0,1,0,차대사람 - 기타,안전운전불이행,포장 - 건조,흐림,단일로 - 기타,기타불명,기타불명,미분류,기타불명,보행자,남,78세,경상
2314,2018032300100144,2018년 3월 23일 09시,금요일,서울특별시 강서구 방화동,경상사고,0,0,1,0,차대사람 - 기타,기타,포장 - 건조,맑음,기타 - 기타,승용,남,40세,상해없음,보행자,남,4세,경상
2315,2018032300100147,2018년 3월 23일 09시,금요일,서울특별시 강남구 개포동,중상사고,0,1,0,0,차대사람 - 횡단중,안전운전불이행,포장 - 건조,맑음,단일로 - 기타,승용,여,37세,상해없음,보행자,여,52세,중상
2316,2018032300100167,2018년 3월 23일 10시,금요일,서울특별시 금천구 독산동,경상사고,0,0,1,0,차대사람 - 기타,안전운전불이행,포장 - 건조,맑음,단일로 - 기타,승용,남,52세,상해없음,보행자,여,53세,경상
2317,2018032300100187,2018년 3월 23일 11시,금요일,서울특별시 영등포구 문래동6가,중상사고,0,1,0,0,차대사람 - 기타,기타,포장 - 건조,맑음,교차로 - 교차로부근,승합,남,46세,상해없음,보행자,여,75세,중상
2318,2018032300100190,2018년 3월 23일 11시,금요일,서울특별시 강서구 화곡동,경상사고,0,0,1,0,차대사람 - 길가장자리구역통행중,안전운전불이행,포장 - 건조,맑음,단일로 - 기타,승용,여,29세,상해없음,보행자,여,59세,경상
2319,2018032300100265,2018년 3월 23일 14시,금요일,서울특별시 강북구 미아동,경상사고,0,0,1,0,차대사람 - 기타,안전운전불이행,포장 - 건조,맑음,교차로 - 교차로부근,승용,여,40세,상해없음,보행자,남,58세,경상
2320,2018032300100297,2018년 3월 23일 15시,금요일,서울특별시 강동구 성내동,경상사고,0,0,1,0,차대사람 - 기타,보행자보호의무위반,포장 - 건조,맑음,교차로 - 교차로횡단보도내,승용,여,59세,상해없음,보행자,여,53세,경상
2321,2018032300100376,2018년 3월 23일 17시,금요일,서울특별시 성북구 길음동,경상사고,0,0,1,0,차대사람 - 기타,보행자보호의무위반,포장 - 건조,맑음,단일로 - 기타,이륜,여,43세,상해없음,보행자,여,8세,경상
2322,2018032300100381,2018년 3월 23일 17시,금요일,서울특별시 강서구 화곡동,중상사고,0,1,0,0,차대사람 - 기타,안전운전불이행,포장 - 건조,맑음,교차로 - 교차로안,승용,여,43세,상해없음,보행자,남,76세,중상
2323,2018032300100382,2018년 3월 23일 17시,금요일,서울특별시 송파구 장지동,부상신고사고,0,0,0,1,차대사람 - 보도통행중,기타,포장 - 건조,맑음,단일로 - 기타,자전거,기타불명,미분류,기타불명,보행자,남,81세,부상신고
2324,2018032300100427,2018년 3월 23일 18시,금요일,서울특별시 마포구 중동,중상사고,0,1,0,0,차대사람 - 기타,안전운전불이행,포장 - 건조,맑음,단일로 - 기타,화물,남,52세,상해없음,보행자,여,58세,중상
2325,2018032300100465,2018년 3월 23일 19시,금요일,서울특별시 서대문구 충정로2가,경상사고,0,0,1,0,차대사람 - 횡단중,안전운전불이행,포장 - 건조,맑음,단일로 - 기타,승용,남,64세,상해없음,보행자,남,48세,경상
2326,2018032300100509,2018년 3월 23일 20시,금요일,서울특별시 송파구 오금동,경상사고,0,0,1,0,차대사람 - 차도통행중,안전운전불이행,포장 - 건조,흐림,단일로 - 기타,승용,남,53세,상해없음,보행자,여,59세,경상
2327,2018032300100535,2018년 3월 23일 21시,금요일,서울특별시 중구 남대문로4가,중상사고,0,1,0,0,차대사람 - 기타,안전운전불이행,포장 - 건조,맑음,단일로 - 기타,승합,남,52세,상해없음,보행자,남,40세,중상
2328,2018032300100541,2018년 3월 23일 21시,금요일,서울특별시 양천구 신정동,중상사고,0,1,0,0,차대사람 - 기타,안전운전불이행,포장 - 건조,맑음,교차로 - 교차로안,승용,남,47세,상해없음,보행자,여,24세,중상
2329,2018032300100572,2018년 3월 23일 22시,금요일,서울특별시 송파구 방이동,중상사고,0,1,0,0,차대사람 - 차도통행중,안전운전불이행,포장 - 건조,맑음,단일로 - 기타,승합,남,64세,상해없음,보행자,남,54세,중상
2330,2018032300100573,2018년 3월 23일 22시,금요일,서울특별시 송파구 잠실동,경상사고,0,0,1,0,차대사람 - 기타,안전운전불이행,포장 - 건조,맑음,단일로 - 기타,승용,남,42세,상해없음,보행자,남,20세,경상
2331,2018032400100018,2018년 3월 24일 01시,토요일,서울특별시 송파구 신천동,경상사고,0,0,1,0,차대사람 - 횡단중,신호위반,포장 - 건조,맑음,교차로 - 교차로안,승용,남,60세,상해없음,보행자,여,27세,경상
2332,2018032400100034,2018년 3월 24일 02시,토요일,서울특별시 송파구 문정동,중상사고,0,1,0,0,차대사람 - 횡단중,과속,포장 - 건조,흐림,교차로 - 교차로횡단보도내,승용,남,43세,상해없음,보행자,여,21세,중상
2333,2018032400100053,2018년 3월 24일 03시,토요일,서울특별시 서초구 서초동,사망사고,1,0,0,0,차대사람 - 횡단중,안전운전불이행,포장 - 건조,맑음,단일로 - 기타,승용,남,49세,상해없음,보행자,여,25세,사망
2334,2018032400100064,2018년 3월 24일 04시,토요일,서울특별시 성동구 홍익동,중상사고,0,1,0,0,차대사람 - 기타,안전운전불이행,포장 - 건조,맑음,단일로 - 기타,승용,남,50세,상해없음,보행자,남,57세,중상
2335,2018032400100093,2018년 3월 24일 07시,토요일,서울특별시 강서구 화곡동,경상사고,0,0,1,0,차대사람 - 길가장자리구역통행중,안전운전불이행,포장 - 건조,맑음,단일로 - 기타,승용,남,44세,상해없음,보행자,여,60세,경상
2336,2018032400100106,2018년 3월 24일 08시,토요일,서울특별시 노원구 공릉동,경상사고,0,0,1,0,차대사람 - 횡단중,안전운전불이행,포장 - 건조,맑음,단일로 - 기타,승용,남,43세,상해없음,보행자,여,52세,경상
2337,2018032400100169,2018년 3월 24일 11시,토요일,서울특별시 양천구 신정동,경상사고,0,0,1,0,차대사람 - 기타,안전운전불이행,포장 - 건조,맑음,단일로 - 기타,승용,남,66세,상해없음,보행자,남,26세,경상
2338,2018032400100232,2018년 3월 24일 13시,토요일,서울특별시 서대문구 신촌동,중상사고,0,2,0,0,차대사람 - 횡단중,안전운전불이행,포장 - 건조,맑음,교차로 - 교차로부근,승합,남,59세,상해없음,보행자,여,22세,중상
2339,2018032400100233,2018년 3월 24일 13시,토요일,서울특별시 마포구 창전동,경상사고,0,0,1,0,차대사람 - 기타,안전운전불이행,비포장 - 건조,맑음,단일로 - 기타,원동기,남,25세,상해없음,보행자,여,20세,경상
2340,2018032400100259,2018년 3월 24일 14시,토요일,서울특별시 중구 묵정동,중상사고,0,1,0,0,차대사람 - 기타,안전운전불이행,포장 - 건조,맑음,단일로 - 기타,승용,남,35세,기타불명,보행자,남,71세,중상
2341,2018032400100260,2018년 3월 24일 14시,토요일,서울특별시 강북구 수유동,경상사고,0,0,1,0,차대사람 - 기타,안전운전불이행,포장 - 건조,맑음,단일로 - 기타,승용,여,47세,상해없음,보행자,여,28세,경상
2342,2018032400100261,2018년 3월 24일 14시,토요일,서울특별시 강북구 수유동,경상사고,0,0,1,0,차대사람 - 보도통행중,신호위반,포장 - 건조,맑음,교차로 - 교차로횡단보도내,승용,남,73세,상해없음,보행자,남,8세,경상
2343,2018032400100262,2018년 3월 24일 14시,토요일,서울특별시 마포구 합정동,경상사고,0,0,1,0,차대사람 - 길가장자리구역통행중,안전운전불이행,포장 - 건조,맑음,단일로 - 기타,승용,남,32세,상해없음,보행자,여,34세,경상
2344,2018032400100265,2018년 3월 24일 14시,토요일,서울특별시 노원구 상계동,부상신고사고,0,0,0,1,차대사람 - 횡단중,신호위반,포장 - 건조,맑음,단일로 - 기타,자전거,남,미분류,기타불명,보행자,여,16세,부상신고
2345,2018032400100298,2018년 3월 24일 15시,토요일,서울특별시 강서구 화곡동,경상사고,0,0,1,0,차대사람 - 길가장자리구역통행중,안전운전불이행,포장 - 건조,맑음,단일로 - 기타,화물,남,63세,상해없음,보행자,여,74세,경상
2346,2018032400100300,2018년 3월 24일 15시,토요일,서울특별시 구로구 구로동,경상사고,0,0,1,0,차대사람 - 길가장자리구역통행중,안전운전불이행,포장 - 건조,맑음,단일로 - 기타,승합,남,34세,상해없음,보행자,남,72세,경상
2347,2018032400100330,2018년 3월 24일 16시,토요일,서울특별시 은평구 대조동,중상사고,0,1,0,0,차대사람 - 차도통행중,안전운전불이행,포장 - 건조,맑음,교차로 - 교차로부근,승용,남,35세,상해없음,보행자,여,78세,중상
2348,2018032400100390,2018년 3월 24일 18시,토요일,서울특별시 중구 신당동,부상신고사고,0,0,0,1,차대사람 - 횡단중,안전운전불이행,포장 - 건조,맑음,단일로 - 기타,승용,여,54세,상해없음,보행자,남,32세,부상신고
2349,2018032400100427,2018년 3월 24일 19시,토요일,서울특별시 영등포구 대림동,부상신고사고,0,0,0,1,차대사람 - 차도통행중,신호위반,포장 - 건조,맑음,교차로 - 교차로안,승용,여,33세,상해없음,보행자,남,40세,부상신고
2350,2018032400100465,2018년 3월 24일 20시,토요일,서울특별시 종로구 종로5가,경상사고,0,0,1,1,차대사람 - 차도통행중,안전운전불이행,포장 - 건조,맑음,단일로 - 기타,원동기,남,30세,경상,보행자,남,58세,부상신고
2351,2018032400100470,2018년 3월 24일 20시,토요일,서울특별시 중랑구 면목동,경상사고,0,0,1,0,차대사람 - 횡단중,신호위반,포장 - 건조,맑음,단일로 - 기타,이륜,남,36세,상해없음,보행자,남,61세,경상
2352,2018032400100473,2018년 3월 24일 20시,토요일,서울특별시 구로구 고척동,중상사고,0,1,0,0,차대사람 - 횡단중,신호위반,포장 - 건조,맑음,기타 - 기타,승용,여,65세,상해없음,보행자,남,38세,중상
2353,2018032400100500,2018년 3월 24일 21시,토요일,서울특별시 은평구 응암동,경상사고,0,0,1,0,차대사람 - 길가장자리구역통행중,안전운전불이행,포장 - 건조,맑음,단일로 - 기타,화물,남,38세,상해없음,보행자,남,48세,경상
2354,2018032400100504,2018년 3월 24일 21시,토요일,서울특별시 서초구 반포동,경상사고,0,0,1,0,차대사람 - 횡단중,신호위반,포장 - 건조,맑음,단일로 - 기타,기타불명,기타불명,미분류,기타불명,보행자,여,15세,경상
2355,2018032400100535,2018년 3월 24일 23시,토요일,서울특별시 강북구 수유동,경상사고,0,0,1,0,차대사람 - 길가장자리구역통행중,안전운전불이행,포장 - 건조,맑음,단일로 - 기타,승용,여,56세,상해없음,보행자,여,33세,경상
2356,2018032400100537,2018년 3월 24일 23시,토요일,서울특별시 강남구 수서동,경상사고,0,0,1,0,차대사람 - 기타,기타,포장 - 건조,기타,기타 - 기타,승용,남,57세,상해없음,보행자,남,58세,경상
2357,2018032500100001,2018년 3월 25일 00시,일요일,서울특별시 성북구 동소문동2가,경상사고,0,0,1,0,차대사람 - 횡단중,안전운전불이행,포장 - 건조,맑음,단일로 - 기타,승합,남,46세,상해없음,보행자,남,63세,경상
2358,2018032500100002,2018년 3월 25일 00시,일요일,서울특별시 광진구 화양동,경상사고,0,0,1,0,차대사람 - 기타,안전운전불이행,포장 - 건조,맑음,단일로 - 기타,승용,여,33세,상해없음,보행자,남,21세,경상
2359,2018032500100012,2018년 3월 25일 01시,일요일,서울특별시 금천구 시흥동,경상사고,0,0,1,0,차대사람 - 차도통행중,안전운전불이행,포장 - 건조,맑음,기타 - 기타,기타불명,기타불명,미분류,기타불명,보행자,남,58세,경상
2360,2018032500100040,2018년 3월 25일 04시,일요일,서울특별시 마포구 서교동,경상사고,0,0,1,0,차대사람 - 기타,안전운전불이행,포장 - 건조,맑음,교차로 - 교차로부근,승용,남,55세,상해없음,보행자,남,35세,경상
2361,2018032500100081,2018년 3월 25일 09시,일요일,서울특별시 영등포구 당산동1가,중상사고,0,1,0,0,차대사람 - 보도통행중,보행자보호의무위반,포장 - 건조,맑음,교차로 - 교차로횡단보도내,승용,남,65세,상해없음,보행자,남,62세,중상
2362,2018032500100095,2018년 3월 25일 10시,일요일,서울특별시 관악구 봉천동,중상사고,0,1,0,0,차대사람 - 기타,안전운전불이행,포장 - 건조,맑음,단일로 - 기타,승용,여,65세,상해없음,보행자,남,81세,중상
2363,2018032500100096,2018년 3월 25일 10시,일요일,서울특별시 노원구 공릉동,중상사고,0,1,0,0,차대사람 - 차도통행중,안전운전불이행,포장 - 건조,맑음,단일로 - 기타,승합,여,68세,상해없음,보행자,남,76세,중상