,사고번호,사고일시,요일,시군구,사고내용,사망자수,중상자수,경상자수,부상신고자수,사고유형,법규위반,노면상태,기상상태,도로형태,가해운전자 차종,가해운전자 성별,가해운전자 연령,가해운전자 상해정도,피해운전자 차종,피해운전자 성별,피해운전자 연령,피해운전자 상해정도
2702,2018040600100105,2018년 4월 6일 06시,금요일,서울특별시 송파구 장지동,중상사고,0,1,1,0,차대사람 - 기타,안전운전불이행,포장 - 젖음/습기,비,단일로 - 기타,승용,여,58세,상해없음,보행자,남,62세,중상
2703,2018040600100144,2018년 4월 6일 08시,금요일,서울특별시 마포구 서교동,경상사고,0,0,1,0,차대사람 - 기타,안전운전불이행,포장 - 건조,맑음,단일로 - 기타,승용,여,21세,상해없음,보행자,남,36세,경상
2704,2018040600100174,2018년 4월 6일 09시,금요일,서울특별시 중구 충무로4가,경상사고,0,0,1,0,차대사람 - 기타,안전운전불이행,포장 - 건조,맑음,단일로 - 지하차도(도로)내,기타불명,기타불명,미분류,기타불명,보행자,여,67세,경상
2705,2018040600100177,2018년 4월 6일 09시,금요일,서울특별시 마포구 합정동,경상사고,0,0,1,0,차대사람 - 기타,안전운전불이행,포장 - 건조,맑음,단일로 - 기타,승합,남,54세,상해없음,보행자,여,19세,경상
2706,2018040600100178,2018년 4월 6일 09시,금요일,서울특별시 영등포구 여의도동,부상신고사고,0,0,0,1,차대사람 - 길가장자리구역통행중,안전운전불이행,포장 - 건조,맑음,단일로 - 기타,승용,남,48세,상해없음,보행자,남,57세,부상신고
2707,2018040600100236,2018년 4월 6일 11시,금요일,서울특별시 영등포구 여의도동,중상사고,0,1,0,0,차대사람 - 기타,보행자보호의무위반,포장 - 건조,맑음,단일로 - 기타,건설기계,남,43세,상해없음,보행자,남,69세,중상
2708,2018040600100238,2018년 4월 6일 11시,금요일,서울특별시 관악구 신림동,중상사고,0,1,0,0,차대사람 - 길가장자리구역통행중,안전운전불이행,포장 - 건조,맑음,단일로 - 기타,승용,남,40세,상해없음,보행자,여,26세,중상
2709,2018040600100239,2018년 4월 6일 11시,금요일,서울특별시 관악구 봉천동,경상사고,0,0,1,0,차대사람 - 기타,안전운전불이행,포장 - 기타,기타,단일로 - 기타,기타불명,기타불명,미분류,기타불명,보행자,남,81세,경상
2710,2018040600100240,2018년 4월 6일 11시,금요일,서울특별시 강동구 성내동,경상사고,0,0,1,0,차대사람 - 차도통행중,안전운전불이행,포장 - 건조,맑음,단일로 - 기타,승용,여,51세,상해없음,보행자,여,20세,경상
2711,2018040600100291,2018년 4월 6일 13시,금요일,서울특별시 성북구 동선동1가,경상사고,0,0,1,0,차대사람 - 길가장자리구역통행중,안전운전불이행,포장 - 건조,맑음,단일로 - 기타,승용,남,61세,상해없음,보행자,여,77세,경상
2712,2018040600100292,2018년 4월 6일 13시,금요일,서울특별시 동대문구 회기동,경상사고,0,0,1,0,차대사람 - 보도통행중,안전운전불이행,포장 - 건조,흐림,단일로 - 기타,원동기,남,59세,상해없음,보행자,여,21세,경상
2713,2018040600100293,2018년 4월 6일 13시,금요일,서울특별시 광진구 자양동,중상사고,0,1,0,0,차대사람 - 길가장자리구역통행중,안전운전불이행,포장 - 건조,맑음,단일로 - 기타,기타불명,기타불명,미분류,기타불명,보행자,여,69세,중상
2714,2018040600100296,2018년 4월 6일 13시,금요일,서울특별시 구로구 구로동,중상사고,0,1,1,0,차대사람 - 횡단중,안전운전불이행,포장 - 건조,맑음,단일로 - 기타,개인형이동수단(PM),남,24세,경상,보행자,여,62세,중상
2715,2018040600100311,2018년 4월 6일 14시,금요일,서울특별시 성동구 성수동1가,경상사고,0,0,1,0,차대사람 - 길가장자리구역통행중,안전운전불이행,포장 - 건조,맑음,단일로 - 기타,승용,여,41세,상해없음,보행자,여,20세,경상
2716,2018040600100376,2018년 4월 6일 16시,금요일,서울특별시 종로구 동숭동,경상사고,0,0,1,0,차대사람 - 길가장자리구역통행중,안전운전불이행,포장 - 건조,맑음,단일로 - 기타,승용,남,35세,상해없음,보행자,여,17세,경상
2717,2018040600100379,2018년 4월 6일 16시,금요일,서울특별시 송파구 오금동,중상사고,0,1,0,0,차대사람 - 횡단중,안전운전불이행,포장 - 건조,맑음,단일로 - 기타,화물,남,35세,상해없음,보행자,여,66세,중상
2718,2018040600100417,2018년 4월 6일 17시,금요일,서울특별시 강동구 암사동,경상사고,0,0,1,0,차대사람 - 기타,안전운전불이행,포장 - 건조,맑음,교차로 - 교차로안,승용,여,45세,상해없음,보행자,남,6세,경상
2719,2018040600100418,2018년 4월 6일 17시,금요일,서울특별시 송파구 방이동,중상사고,0,1,0,0,차대사람 - 횡단중,중앙선침범,포장 - 건조,맑음,단일로 - 기타,승용,여,37세,상해없음,보행자,여,88세,중상
2720,2018040600100448,2018년 4월 6일 18시,금요일,서울특별시 은평구 응암동,경상사고,0,0,1,0,차대사람 - 기타,안전운전불이행,포장 - 건조,맑음,교차로 - 교차로안,승합,남,71세,상해없음,보행자,여,42세,경상
2721,2018040600100449,2018년 4월 6일 18시,금요일,서울특별시 광진구 자양동,경상사고,0,0,1,0,차대사람 - 차도통행중,안전운전불이행,포장 - 건조,맑음,교차로 - 교차로안,승용,여,26세,상해없음,보행자,남,46세,경상
2722,2018040600100451,2018년 4월 6일 18시,금요일,서울특별시 중랑구 면목동,중상사고,0,1,0,0,차대사람 - 기타,기타,포장 - 건조,맑음,기타 - 기타,화물,남,26세,상해없음,보행자,여,60세,중상
2723,2018040600100452,2018년 4월 6일 18시,금요일,서울특별시 강서구 염창동,경상사고,0,0,1,0,차대사람 - 길가장자리구역통행중,안전운전불이행,포장 - 건조,맑음,단일로 - 기타,승합,여,55세,상해없음,보행자,남,36세,경상
2724,2018040600100453,2018년 4월 6일 18시,금요일,서울특별시 서초구 양재동,중상사고,0,1,0,0,차대사람 - 횡단중,보행자보호의무위반,포장 - 건조,맑음,교차로 - 교차로부근,승용,남,35세,상해없음,보행자,남,26세,중상
2725,2018040600100481,2018년 4월 6일 19시,금요일,서울특별시 중랑구 상봉동,중상사고,0,1,0,0,차대사람 - 횡단중,기타,포장 - 건조,맑음,기타 - 기타,승용,남,56세,상해없음,보행자,여,9세,중상
2726,2018040600100522,2018년 4월 6일 20시,금요일,서울특별시 송파구 방이동,경상사고,0,0,1,0,차대사람 - 횡단중,안전운전불이행,포장 - 건조,흐림,교차로 - 교차로안,승용,남,50세,상해없음,보행자,남,32세,경상
2727,2018040600100557,2018년 4월 6일 21시,금요일,서울특별시 강동구 길동,경상사고,0,0,1,1,차대사람 - 보도통행중,보행자보호의무위반,포장 - 건조,흐림,교차로 - 교차로횡단보도내,이륜,남,17세,상해없음,보행자,여,24세,경상
2728,2018040600100558,2018년 4월 6일 21시,금요일,서울특별시 송파구 장지동,중상사고,0,1,0,0,차대사람 - 기타,안전운전불이행,포장 - 건조,맑음,단일로 - 기타,이륜,남,40세,상해없음,보행자,남,27세,중상
2729,2018040600100562,2018년 4월 6일 21시,금요일,서울특별시 은평구 역촌동,중상사고,0,1,0,0,차대사람 - 횡단중,보행자보호의무위반,포장 - 건조,흐림,교차로 - 교차로횡단보도내,승용,남,62세,상해없음,보행자,남,18세,중상
2730,2018040600100593,2018년 4월 6일 22시,금요일,서울특별시 광진구 화양동,경상사고,0,0,1,0,차대사람 - 횡단중,안전운전불이행,포장 - 건조,흐림,단일로 - 기타,승용,남,52세,상해없음,보행자,남,28세,경상
2731,2018040600100597,2018년 4월 6일 22시,금요일,서울특별시 관악구 신림동,경상사고,0,0,1,0,차대사람 - 횡단중,보행자보호의무위반,포장 - 건조,맑음,단일로 - 기타,승용,남,65세,상해없음,보행자,여,54세,경상
2732,2018040700100023,2018년 4월 7일 01시,토요일,서울특별시 종로구 숭인동,경상사고,0,0,1,0,차대사람 - 기타,안전운전불이행,포장 - 젖음/습기,눈,단일로 - 기타,승합,남,38세,상해없음,보행자,남,31세,경상
2733,2018040700100027,2018년 4월 7일 01시,토요일,서울특별시 송파구 잠실동,경상사고,0,0,1,0,차대사람 - 기타,안전운전불이행,포장 - 건조,흐림,단일로 - 기타,기타불명,기타불명,미분류,기타불명,보행자,남,38세,경상
2734,2018040700100067,2018년 4월 7일 03시,토요일,서울특별시 강남구 청담동,중상사고,0,1,0,0,차대사람 - 보도통행중,안전운전불이행,포장 - 젖음/습기,비,단일로 - 기타,승용,남,50세,상해없음,보행자,여,21세,중상
2735,2018040700100068,2018년 4월 7일 03시,토요일,서울특별시 강서구 화곡동,중상사고,0,1,0,0,차대사람 - 횡단중,보행자보호의무위반,포장 - 건조,맑음,단일로 - 기타,승용,여,72세,상해없음,보행자,남,38세,중상
2736,2018040700100124,2018년 4월 7일 08시,토요일,서울특별시 은평구 불광동,경상사고,0,0,1,0,차대사람 - 기타,안전운전불이행,포장 - 건조,맑음,교차로 - 교차로부근,승용,남,34세,기타불명,보행자,남,27세,경상
2737,2018040700100147,2018년 4월 7일 09시,토요일,서울특별시 은평구 대조동,경상사고,0,0,1,0,차대사람 - 기타,안전운전불이행,포장 - 건조,맑음,단일로 - 기타,승용,여,54세,상해없음,보행자,남,43세,경상
2738,2018040700100167,2018년 4월 7일 10시,토요일,서울특별시 송파구 잠실동,중상사고,0,1,0,0,차대사람 - 횡단중,보행자보호의무위반,포장 - 건조,맑음,교차로 - 교차로부근,승용,남,50세,상해없음,보행자,남,74세,중상
2739,2018040700100203,2018년 4월 7일 11시,토요일,서울특별시 강서구 화곡동,중상사고,0,1,0,0,차대사람 - 기타,안전운전불이행,포장 - 건조,맑음,기타 - 기타,승용,남,60세,상해없음,보행자,여,29세,중상
2740,2018040700100300,2018년 4월 7일 14시,토요일,서울특별시 종로구 안국동,부상신고사고,0,0,0,1,차대사람 - 길가장자리구역통행중,안전운전불이행,포장 - 건조,맑음,단일로 - 기타,승용,여,37세,상해없음,보행자,남,38세,부상신고
2741,2018040700100343,2018년 4월 7일 15시,토요일,서울특별시 중구 소공동,중상사고,0,1,5,0,차대사람 - 횡단중,안전운전불이행,포장 - 건조,맑음,단일로 - 기타,승합,남,51세,상해없음,보행자,여,38세,상해없음
2742,2018040700100346,2018년 4월 7일 15시,토요일,서울특별시 중랑구 상봉동,경상사고,0,0,1,0,차대사람 - 기타,안전운전불이행,포장 - 건조,맑음,단일로 - 기타,승용,여,68세,상해없음,보행자,남,51세,경상
2743,2018040700100393,2018년 4월 7일 16시,토요일,서울특별시 구로구 구로동,경상사고,0,0,1,0,차대사람 - 횡단중,안전운전불이행,포장 - 건조,맑음,교차로 - 교차로횡단보도내,승용,여,45세,상해없음,보행자,남,56세,경상
2744,2018040700100430,2018년 4월 7일 17시,토요일,서울특별시 종로구 내자동,중상사고,0,1,0,0,차대사람 - 횡단중,안전운전불이행,포장 - 건조,맑음,단일로 - 기타,승용,남,70세,상해없음,보행자,여,14세,중상
2745,2018040700100431,2018년 4월 7일 17시,토요일,서울특별시 용산구 한남동,중상사고,0,1,0,0,차대사람 - 차도통행중,기타,포장 - 건조,맑음,단일로 - 기타,승용,남,35세,상해없음,보행자,여,80세,중상
2746,2018040700100435,2018년 4월 7일 17시,토요일,서울특별시 금천구 시흥동,경상사고,0,0,2,0,차대사람 - 기타,안전운전불이행,포장 - 건조,맑음,단일로 - 기타,이륜,남,21세,경상,보행자,여,16세,경상
2747,2018040700100477,2018년 4월 7일 18시,토요일,서울특별시 용산구 용문동,중상사고,0,1,0,0,차대사람 - 횡단중,안전운전불이행,포장 - 건조,맑음,단일로 - 기타,이륜,남,26세,상해없음,보행자,남,8세,중상
2748,2018040700100525,2018년 4월 7일 19시,토요일,서울특별시 금천구 시흥동,사망사고,1,0,0,0,차대사람 - 횡단중,안전운전불이행,포장 - 건조,맑음,단일로 - 기타,화물,남,45세,상해없음,보행자,남,73세,사망
2749,2018040700100567,2018년 4월 7일 20시,토요일,서울특별시 성북구 돈암동,경상사고,0,0,1,0,차대사람 - 횡단중,보행자보호의무위반,포장 - 건조,맑음,단일로 - 기타,승용,여,61세,상해없음,보행자,남,24세,경상
2750,2018040700100591,2018년 4월 7일 21시,토요일,서울특별시 종로구 관철동,경상사고,0,0,1,0,차대사람 - 길가장자리구역통행중,안전운전불이행,포장 - 건조,맑음,단일로 - 기타,승용,남,30세,상해없음,보행자,남,31세,경상
2751,2018040700100593,2018년 4월 7일 21시,토요일,서울특별시 광진구 능동,경상사고,0,0,1,0,차대사람 - 길가장자리구역통행중,안전운전불이행,포장 - 건조,맑음,단일로 - 기타,승용,남,43세,상해없음,보행자,여,28세,경상
2752,2018040700100621,2018년 4월 7일 22시,토요일,서울특별시 종로구 창신동,중상사고,0,1,0,0,차대사람 - 기타,안전운전불이행,포장 - 건조,맑음,단일로 - 기타,승용,남,27세,상해없음,보행자,남,57세,중상
2753,2018040700100625,2018년 4월 7일 22시,토요일,서울특별시 송파구 가락동,중상사고,0,1,0,0,차대사람 - 횡단중,안전운전불이행,포장 - 건조,맑음,교차로 - 교차로횡단보도내,승용,남,39세,상해없음,보행자,남,52세,중상
2754,2018040700100653,2018년 4월 7일 23시,토요일,서울특별시 영등포구 신길동,부상신고사고,0,0,0,1,차대사람 - 기타,안전운전불이행,포장 - 건조,맑음,단일로 - 기타,승용,남,64세,상해없음,보행자,남,23세,부상신고
2755,2018040700100656,2018년 4월 7일 23시,토요일,서울특별시 송파구 잠실동,경상사고,0,0,1,0,차대사람 - 기타,안전운전불이행,포장 - 건조,맑음,단일로 - 기타,승용,남,56세,상해없음,보행자,남,21세,경상
2756,2018040800100002,2018년 4월 8일 00시,일요일,서울특별시 관악구 신림동,경상사고,0,0,1,0,차대사람 - 횡단중,안전운전불이행,포장 - 건조,맑음,교차로 - 교차로부근,승합,남,67세,상해없음,보행자,남,38세,경상
2757,2018040800100003,2018년 4월 8일 00시,일요일,서울특별시 금천구 가산동,경상사고,0,0,1,0,차대사람 - 횡단중,신호위반,포장 - 건조,맑음,교차로 - 교차로횡단보도내,승용,남,61세,상해없음,보행자,남,45세,경상
2758,2018040800100004,2018년 4월 8일 00시,일요일,서울특별시 관악구 신림동,중상사고,0,1,0,0,차대사람 - 횡단중,신호위반,포장 - 건조,맑음,단일로 - 기타,승용,남,70세,상해없음,보행자,남,63세,중상
2759,2018040800100021,2018년 4월 8일 01시,일요일,서울특별시 마포구 서교동,경상사고,0,0,1,0,차대사람 - 기타,보행자보호의무위반,포장 - 건조,맑음,교차로 - 교차로안,승용,남,75세,상해없음,보행자,여,20세,경상
2760,2018040800100024,2018년 4월 8일 01시,일요일,서울특별시 송파구 방이동,경상사고,0,0,1,0,차대사람 - 기타,안전운전불이행,포장 - 건조,맑음,교차로 - 교차로부근,승용,남,26세,상해없음,보행자,남,33세,경상
2761,2018040800100025,2018년 4월 8일 01시,일요일,서울특별시 은평구 불광동,중상사고,0,1,0,0,차대사람 - 횡단중,안전운전불이행,포장 - 건조,맑음,교차로 - 교차로부근,기타불명,기타불명,미분류,기타불명,보행자,남,46세,중상
2762,2018040800100047,2018년 4월 8일 02시,일요일,서울특별시 도봉구 창동,중상사고,0,1,0,0,차대사람 - 기타,안전운전불이행,포장 - 건조,맑음,단일로 - 기타,승용,남,52세,상해없음,보행자,남,21세,중상
2763,2018040800100071,2018년 4월 8일 05시,일요일,서울특별시 강남구 대치동,경상사고,0,0,1,0,차대사람 - 길가장자리구역통행중,안전운전불이행,포장 - 건조,맑음,단일로 - 기타,승용,남,28세,상해없음,보행자,남,35세,경상
2764,2018040800100086,2018년 4월 8일 06시,일요일,서울특별시 강북구 미아동,경상사고,0,0,1,0,차대사람 - 기타,안전운전불이행,포장 - 건조,맑음,교차로 - 교차로부근,승용,남,26세,상해없음,보행자,여,71세,경상
2765,2018040800100118,2018년 4월 8일 09시,일요일,서울특별시 강동구 성내동,사망사고,1,0,0,0,차대사람 - 길가장자리구역통행중,안전운전불이행,포장 - 건조,맑음,단일로 - 지하차도(도로)내,승용,여,32세,상해없음,보행자,남,48세,사망
2766,2018040800100157,2018년 4월 8일 11시,일요일,서울특별시 구로구 개봉동,경상사고,0,0,1,0,차대사람 - 차도통행중,안전운전불이행,포장 - 건조,맑음,단일로 - 기타,승용,남,60세,상해없음,보행자,여,51세,경상
2767,2018040800100174,2018년 4월 8일 12시,일요일,서울특별시 강남구 논현동,경상사고,0,0,1,0,차대사람 - 기타,안전운전불이행,포장 - 건조,흐림,교차로 - 교차로안,승용,남,68세,상해없음,보행자,남,59세,경상
2768,2018040800100200,2018년 4월 8일 13시,일요일,서울특별시 동작구 대방동,부상신고사고,0,0,0,1,차대사람 - 횡단중,보행자보호의무위반,포장 - 건조,맑음,교차로 - 교차로횡단보도내,기타불명,기타불명,미분류,기타불명,보행자,남,6세,부상신고
2769,2018040800100227,2018년 4월 8일 14시,일요일,서울특별시 영등포구 여의도동,경상사고,0,0,2,0,차대사람 - 횡단중,안전운전불이행,포장 - 건조,흐림,단일로 - 기타,자전거,남,18세,상해없음,보행자,여,17세,경상
2770,2018040800100288,2018년 4월 8일 16시,일요일,서울특별시 영등포구 도림동,중상사고,0,1,0,0,차대사람 - 길가장자리구역통행중,안전운전불이행,포장 - 젖음/습기,비,단일로 - 기타,승용,남,74세,상해없음,보행자,남,52세,중상
2771,2018040800100292,2018년 4월 8일 16시,일요일,서울특별시 노원구 상계동,중상사고,0,1,0,0,차대사람 - 길가장자리구역통행중,안전운전불이행,포장 - 건조,맑음,단일로 - 지하차도(도로)내,승용,여,31세,상해없음,보행자,남,83세,중상
2772,2018040800100294,2018년 4월 8일 16시,일요일,서울특별시 강남구 일원동,경상사고,0,0,1,0,차대사람 - 횡단중,안전운전불이행,포장 - 젖음/습기,비,단일로 - 기타,승용,남,71세,상해없음,보행자,여,87세,경상
2773,2018040800100330,2018년 4월 8일 17시,일요일,서울특별시 강남구 역삼동,경상사고,0,0,1,0,차대사람 - 기타,안전운전불이행,포장 - 건조,맑음,교차로 - 교차로안,승용,여,47세,상해없음,보행자,남,22세,경상
2774,2018040800100429,2018년 4월 8일 20시,일요일,서울특별시 용산구 갈월동,중상사고,0,1,0,0,차대사람 - 기타,신호위반,포장 - 젖음/습기,비,교차로 - 교차로안,승용,남,37세,상해없음,보행자,여,32세,중상
2775,2018040800100433,2018년 4월 8일 20시,일요일,서울특별시 금천구 가산동,경상사고,0,0,1,0,차대사람 - 횡단중,안전운전불이행,포장 - 건조,맑음,교차로 - 교차로횡단보도내,승용,남,75세,상해없음,보행자,여,75세,경상
2776,2018040800100451,2018년 4월 8일 21시,일요일,서울특별시 서대문구 홍은동,경상사고,0,0,1,0,차대사람 - 기타,신호위반,포장 - 건조,맑음,기타 - 기타,원동기,남,76세,상해없음,보행자,여,21세,경상
2777,2018040800100453,2018년 4월 8일 21시,일요일,서울특별시 관악구 신림동,경상사고,0,0,1,0,차대사람 - 기타,안전운전불이행,포장 - 건조,맑음,단일로 - 기타,승합,남,53세,상해없음,보행자,남,27세,경상
2778,2018040800100465,2018년 4월 8일 22시,일요일,서울특별시 마포구 성산동,경상사고,0,0,1,0,차대사람 - 횡단중,신호위반,포장 - 건조,맑음,교차로 - 교차로횡단보도내,승용,남,63세,상해없음,보행자,남,18세,경상
2779,2018040900100017,2018년 4월 9일 01시,월요일,서울특별시 광진구 자양동,중상사고,0,1,0,0,차대사람 - 횡단중,안전운전불이행,포장 - 건조,맑음,교차로 - 교차로안,승용,남,63세,상해없음,보행자,남,27세,중상
2780,2018040900100092,2018년 4월 9일 08시,월요일,서울특별시 중랑구 망우동,경상사고,0,0,1,0,차대사람 - 길가장자리구역통행중,안전운전불이행,포장 - 건조,맑음,단일로 - 기타,화물,남,38세,상해없음,보행자,여,13세,경상
2781,2018040900100095,2018년 4월 9일 08시,월요일,서울특별시 도봉구 방학동,경상사고,0,0,1,0,차대사람 - 횡단중,보행자보호의무위반,포장 - 건조,맑음,교차로 - 교차로횡단보도내,화물,남,58세,상해없음,보행자,여,30세,경상
2782,2018040900100160,2018년 4월 9일 10시,월요일,서울특별시 광진구 구의동,중상사고,0,1,0,0,차대사람 - 횡단중,안전운전불이행,포장 - 건조,맑음,단일로 - 기타,승합,남,48세,상해없음,보행자,여,79세,중상
2783,2018040900100162,2018년 4월 9일 10시,월요일,서울특별시 동작구 상도동,경상사고,0,0,1,0,차대사람 - 차도통행중,안전운전불이행,포장 - 건조,맑음,교차로 - 교차로안,승용,여,59세,상해없음,보행자,남,86세,경상
2784,2018040900100203,2018년 4월 9일 11시,월요일,서울특별시 강남구 논현동,부상신고사고,0,0,0,1,차대사람 - 기타,기타,포장 - 건조,맑음,단일로 - 기타,승용,남,70세,상해없음,보행자,여,38세,부상신고
2785,2018040900100205,2018년 4월 9일 11시,월요일,서울특별시 노원구 월계동,경상사고,0,0,1,0,차대사람 - 횡단중,보행자보호의무위반,포장 - 건조,맑음,주차장 - 주차장,승용,여,47세,상해없음,보행자,남,69세,경상
2786,2018040900100244,2018년 4월 9일 12시,월요일,서울특별시 서대문구 충정로2가,경상사고,0,0,1,0,차대사람 - 기타,기타,포장 - 건조,맑음,기타 - 기타,화물,남,47세,상해없음,보행자,여,19세,경상
2787,2018040900100245,2018년 4월 9일 12시,월요일,서울특별시 성동구 행당동,경상사고,0,0,1,0,차대사람 - 기타,안전운전불이행,포장 - 기타,맑음,단일로 - 기타,화물,남,37세,상해없음,보행자,여,24세,경상
2788,2018040900100246,2018년 4월 9일 12시,월요일,서울특별시 중랑구 신내동,경상사고,0,0,1,0,차대사람 - 횡단중,안전운전불이행,포장 - 건조,맑음,교차로 - 교차로횡단보도내,승용,남,48세,상해없음,보행자,남,56세,경상
2789,2018040900100279,2018년 4월 9일 13시,월요일,서울특별시 용산구 청파동2가,경상사고,0,0,1,0,차대사람 - 기타,기타,포장 - 건조,맑음,단일로 - 기타,승합,남,52세,상해없음,보행자,여,19세,경상
2790,2018040900100283,2018년 4월 9일 13시,월요일,서울특별시 중랑구 면목동,경상사고,0,0,1,0,차대사람 - 기타,안전운전불이행,포장 - 건조,맑음,단일로 - 기타,승용,남,75세,상해없음,보행자,남,39세,경상
2791,2018040900100288,2018년 4월 9일 13시,월요일,서울특별시 노원구 상계동,경상사고,0,0,1,0,차대사람 - 횡단중,보행자보호의무위반,포장 - 건조,맑음,교차로 - 교차로횡단보도내,승용,남,37세,상해없음,보행자,남,8세,경상
2792,2018040900100319,2018년 4월 9일 14시,월요일,서울특별시 동대문구 답십리동,중상사고,0,1,0,0,차대사람 - 횡단중,보행자보호의무위반,포장 - 건조,맑음,교차로 - 교차로안,승용,남,67세,상해없음,보행자,여,65세,중상
2793,2018040900100320,2018년 4월 9일 14시,월요일,서울특별시 중랑구 망우동,중상사고,0,1,0,0,차대사람 - 횡단중,보행자보호의무위반,포장 - 건조,맑음,교차로 - 교차로횡단보도내,승용,남,51세,상해없음,보행자,여,61세,중상
2794,2018040900100350,2018년 4월 9일 15시,월요일,서울특별시 용산구 보광동,경상사고,0,0,1,0,차대사람 - 기타,안전운전불이행,포장 - 건조,맑음,교차로 - 교차로부근,승용,남,33세,상해없음,보행자,여,48세,경상
2795,2018040900100383,2018년 4월 9일 16시,월요일,서울특별시 성북구 삼선동2가,경상사고,0,0,1,0,차대사람 - 길가장자리구역통행중,안전운전불이행,포장 - 건조,맑음,단일로 - 기타,승용,남,70세,상해없음,보행자,남,22세,경상
2796,2018040900100384,2018년 4월 9일 16시,월요일,서울특별시 광진구 구의동,경상사고,0,0,1,1,차대사람 - 기타,안전운전불이행,포장 - 건조,맑음,교차로 - 교차로안,이륜,남,23세,부상신고,보행자,여,12세,경상
2797,2018040900100385,2018년 4월 9일 16시,월요일,서울특별시 동작구 본동,경상사고,0,0,1,0,차대사람 - 보도통행중,안전운전불이행,포장 - 건조,맑음,단일로 - 기타,승용,남,60세,상해없음,보행자,여,78세,경상
2798,2018040900100424,2018년 4월 9일 17시,월요일,서울특별시 서대문구 남가좌동,부상신고사고,0,0,0,1,차대사람 - 차도통행중,안전운전불이행,포장 - 건조,맑음,단일로 - 기타,승용,여,56세,상해없음,보행자,여,39세,부상신고
2799,2018040900100474,2018년 4월 9일 18시,월요일,서울특별시 종로구 청운동,중상사고,0,1,0,0,차대사람 - 길가장자리구역통행중,안전운전불이행,포장 - 건조,맑음,단일로 - 기타,승용,여,29세,상해없음,보행자,여,22세,중상
2800,2018040900100478,2018년 4월 9일 18시,월요일,서울특별시 구로구 구로동,중상사고,0,1,0,0,차대사람 - 횡단중,안전운전불이행,포장 - 건조,맑음,교차로 - 교차로부근,승용,남,35세,상해없음,보행자,여,65세,중상
2801,2018040900100479,2018년 4월 9일 18시,월요일,서울특별시 구로구 궁동,경상사고,0,0,1,0,차대사람 - 횡단중,신호위반,포장 - 건조,맑음,단일로 - 기타,승용,여,82세,상해없음,보행자,남,15세,경상
2802,2018040900100480,2018년 4월 9일 18시,월요일,서울특별시 서초구 서초동,중상사고,0,1,1,0,차대사람 - 차도통행중,안전운전불이행,포장 - 건조,맑음,교차로 - 교차로안,승용,남,60세,상해없음,보행자,남,24세,경상
2803,2018040900100481,2018년 4월 9일 18시,월요일,서울특별시 양천구 신정동,경상사고,0,0,1,0,차대사람 - 기타,안전운전불이행,포장 - 건조,맑음,단일로 - 기타,화물,남,59세,상해없음,보행자,여,16세,경상
2804,2018040900100519,2018년 4월 9일 19시,월요일,서울특별시 성북구 정릉동,중상사고,0,1,0,0,차대사람 - 보도통행중,기타,포장 - 건조,맑음,단일로 - 기타,승용,남,26세,상해없음,보행자,여,68세,중상
2805,2018040900100521,2018년 4월 9일 19시,월요일,서울특별시 동작구 노량진동,경상사고,0,0,1,0,차대사람 - 기타,안전운전불이행,포장 - 건조,맑음,단일로 - 기타,이륜,남,20세,상해없음,보행자,여,30세,경상
2806,2018040900100522,2018년 4월 9일 19시,월요일,서울특별시 중랑구 상봉동,중상사고,0,1,0,0,차대사람 - 보도통행중,안전운전불이행,포장 - 건조,맑음,교차로 - 교차로횡단보도내,이륜,남,60세,상해없음,보행자,남,51세,중상
2807,2018040900100524,2018년 4월 9일 19시,월요일,서울특별시 강남구 도곡동,중상사고,0,1,0,0,차대사람 - 기타,보행자보호의무위반,포장 - 건조,맑음,기타 - 기타,이륜,남,30세,상해없음,보행자,여,59세,중상
2808,2018040900100565,2018년 4월 9일 20시,월요일,서울특별시 송파구 가락동,중상사고,0,1,0,0,차대사람 - 기타,안전운전불이행,포장 - 건조,맑음,단일로 - 기타,이륜,남,22세,상해없음,보행자,남,57세,중상
2809,2018040900100566,2018년 4월 9일 20시,월요일,서울특별시 송파구 송파동,경상사고,0,0,1,0,차대사람 - 횡단중,안전운전불이행,포장 - 건조,맑음,단일로 - 기타,승용,여,55세,상해없음,보행자,여,67세,경상
2810,2018040900100597,2018년 4월 9일 21시,월요일,서울특별시 서대문구 남가좌동,중상사고,0,1,0,0,차대사람 - 횡단중,신호위반,포장 - 건조,맑음,단일로 - 기타,승용,남,69세,상해없음,보행자,여,56세,중상
2811,2018040900100626,2018년 4월 9일 22시,월요일,서울특별시 용산구 이촌동,중상사고,0,1,0,0,차대사람 - 횡단중,안전운전불이행,포장 - 건조,맑음,단일로 - 기타,승용,여,48세,상해없음,보행자,여,25세,중상
2812,2018040900100628,2018년 4월 9일 22시,월요일,서울특별시 금천구 가산동,경상사고,0,0,1,0,차대사람 - 횡단중,보행자보호의무위반,포장 - 건조,맑음,교차로 - 교차로안,승용,남,51세,상해없음,보행자,남,59세,경상
2813,2018040900100630,2018년 4월 9일 22시,월요일,서울특별시 강동구 명일동,중상사고,0,1,0,0,차대사람 - 기타,안전운전불이행,포장 - 건조,맑음,단일로 - 기타,승용,남,45세,상해없음,보행자,여,15세,중상