,사고번호,사고일시,요일,시군구,사고내용,사망자수,중상자수,경상자수,부상신고자수,사고유형,법규위반,노면상태,기상상태,도로형태,가해운전자 차종,가해운전자 성별,가해운전자 연령,가해운전자 상해정도,피해운전자 차종,피해운전자 성별,피해운전자 연령,피해운전자 상해정도
2926,2018041400100023,2018년 4월 14일 01시,토요일,서울특별시 서대문구 창천동,경상사고,0,0,1,0,차대사람 - 기타,안전운전불이행,포장 - 건조,맑음,교차로 - 교차로부근,승용,남,39세,상해없음,보행자,남,17세,경상
2927,2018041400100028,2018년 4월 14일 01시,토요일,서울특별시 구로구 오류동,중상사고,0,1,0,0,차대사람 - 기타,안전운전불이행,포장 - 건조,맑음,단일로 - 기타,승용,남,29세,상해없음,보행자,남,33세,중상
2928,2018041400100079,2018년 4월 14일 04시,토요일,서울특별시 노원구 상계동,중상사고,0,1,0,0,차대사람 - 횡단중,보행자보호의무위반,포장 - 젖음/습기,비,교차로 - 교차로안,승용,남,52세,상해없음,보행자,남,38세,중상
2929,2018041400100091,2018년 4월 14일 05시,토요일,서울특별시 동작구 흑석동,사망사고,1,0,0,0,차대사람 - 기타,안전운전불이행,포장 - 젖음/습기,비,단일로 - 기타,이륜,남,29세,상해없음,보행자,남,60세,사망
2930,2018041400100095,2018년 4월 14일 05시,토요일,서울특별시 서초구 방배동,중상사고,0,1,0,0,차대사람 - 길가장자리구역통행중,안전운전불이행,포장 - 젖음/습기,비,단일로 - 기타,기타불명,기타불명,미분류,기타불명,보행자,남,58세,중상
2931,2018041400100254,2018년 4월 14일 12시,토요일,서울특별시 구로구 구로동,중상사고,0,1,0,0,차대사람 - 횡단중,안전운전불이행,포장 - 건조,맑음,단일로 - 기타,승용,남,58세,상해없음,보행자,여,79세,중상
2932,2018041400100289,2018년 4월 14일 13시,토요일,서울특별시 강서구 내발산동,경상사고,0,0,1,0,차대사람 - 기타,안전운전불이행,비포장 - 젖음/습기,비,단일로 - 기타,승용,남,59세,상해없음,보행자,남,55세,경상
2933,2018041400100382,2018년 4월 14일 16시,토요일,서울특별시 강북구 미아동,경상사고,0,0,1,0,차대사람 - 기타,안전운전불이행,포장 - 건조,맑음,단일로 - 기타,승용,남,32세,상해없음,보행자,남,62세,경상
2934,2018041400100383,2018년 4월 14일 16시,토요일,서울특별시 강남구 역삼동,중상사고,0,1,0,0,차대사람 - 기타,기타,포장 - 건조,맑음,기타 - 기타,승용,남,31세,상해없음,보행자,여,31세,중상
2935,2018041400100491,2018년 4월 14일 20시,토요일,서울특별시 강동구 천호동,부상신고사고,0,0,0,1,차대사람 - 기타,기타,포장 - 건조,맑음,단일로 - 기타,자전거,남,57세,상해없음,보행자,남,50세,부상신고
2936,2018041400100521,2018년 4월 14일 21시,토요일,서울특별시 서대문구 북가좌동,경상사고,0,0,1,0,차대사람 - 횡단중,안전운전불이행,포장 - 건조,맑음,단일로 - 기타,승용,남,39세,상해없음,보행자,남,47세,경상
2937,2018041400100525,2018년 4월 14일 21시,토요일,서울특별시 은평구 불광동,부상신고사고,0,0,0,1,차대사람 - 기타,안전운전불이행,포장 - 건조,흐림,교차로 - 교차로부근,승용,남,51세,상해없음,보행자,남,67세,부상신고
2938,2018041400100539,2018년 4월 14일 22시,토요일,서울특별시 중랑구 상봉동,경상사고,0,0,1,0,차대사람 - 기타,안전운전불이행,포장 - 건조,맑음,단일로 - 기타,승용,남,27세,상해없음,보행자,남,30세,경상
2939,2018041400100563,2018년 4월 14일 23시,토요일,서울특별시 강북구 수유동,경상사고,0,0,1,0,차대사람 - 차도통행중,안전운전불이행,포장 - 건조,맑음,단일로 - 기타,이륜,남,31세,상해없음,보행자,여,51세,경상
2940,2018041400100564,2018년 4월 14일 23시,토요일,서울특별시 영등포구 영등포동3가,부상신고사고,0,0,0,1,차대사람 - 기타,기타,포장 - 건조,맑음,교차로 - 교차로부근,승용,남,50세,상해없음,보행자,남,46세,부상신고
2941,2018041400100566,2018년 4월 14일 23시,토요일,서울특별시 강남구 논현동,중상사고,0,1,0,0,차대사람 - 횡단중,보행자보호의무위반,포장 - 건조,맑음,교차로 - 교차로횡단보도내,승용,남,40세,상해없음,보행자,남,44세,중상
2942,2018041500100001,2018년 4월 15일 00시,일요일,서울특별시 용산구 이태원동,경상사고,0,0,1,0,차대사람 - 기타,안전운전불이행,포장 - 건조,맑음,단일로 - 기타,승용,남,58세,상해없음,보행자,남,32세,경상
2943,2018041500100019,2018년 4월 15일 01시,일요일,서울특별시 영등포구 대림동,경상사고,0,0,1,0,차대사람 - 기타,안전운전불이행,포장 - 건조,맑음,단일로 - 기타,승용,남,28세,상해없음,보행자,남,23세,경상
2944,2018041500100020,2018년 4월 15일 01시,일요일,서울특별시 동작구 흑석동,경상사고,0,0,1,0,차대사람 - 길가장자리구역통행중,신호위반,포장 - 건조,흐림,단일로 - 기타,승용,남,29세,상해없음,보행자,남,26세,경상
2945,2018041500100030,2018년 4월 15일 02시,일요일,서울특별시 송파구 풍납동,사망사고,1,0,3,0,차대사람 - 기타,안전운전불이행,포장 - 건조,맑음,단일로 - 기타,승용,남,52세,상해없음,보행자,남,19세,사망
2946,2018041500100040,2018년 4월 15일 03시,일요일,서울특별시 종로구 숭인동,중상사고,0,1,0,0,차대사람 - 차도통행중,안전운전불이행,포장 - 건조,맑음,단일로 - 기타,승용,남,66세,상해없음,보행자,남,40세,중상
2947,2018041500100041,2018년 4월 15일 03시,일요일,서울특별시 동대문구 청량리동,중상사고,0,1,0,0,차대사람 - 기타,안전운전불이행,포장 - 건조,맑음,기타 - 기타,화물,남,57세,상해없음,보행자,남,56세,중상
2948,2018041500100060,2018년 4월 15일 05시,일요일,서울특별시 성북구 장위동,중상사고,0,1,0,0,차대사람 - 횡단중,신호위반,포장 - 건조,맑음,기타 - 기타,승용,남,65세,상해없음,보행자,남,18세,중상
2949,2018041500100095,2018년 4월 15일 09시,일요일,서울특별시 성동구 옥수동,경상사고,0,0,1,0,차대사람 - 기타,안전운전불이행,포장 - 건조,맑음,단일로 - 기타,승용,남,42세,상해없음,보행자,남,45세,경상
2950,2018041500100096,2018년 4월 15일 09시,일요일,서울특별시 동작구 상도동,경상사고,0,0,1,0,차대사람 - 기타,안전운전불이행,포장 - 건조,맑음,단일로 - 기타,이륜,남,29세,기타불명,보행자,여,69세,경상
2951,2018041500100098,2018년 4월 15일 09시,일요일,서울특별시 서초구 방배동,경상사고,0,0,1,0,차대사람 - 횡단중,보행자보호의무위반,포장 - 건조,맑음,교차로 - 교차로안,화물,남,40세,상해없음,보행자,여,51세,경상
2952,2018041500100111,2018년 4월 15일 10시,일요일,서울특별시 동대문구 전농동,경상사고,0,0,1,0,차대사람 - 횡단중,안전운전불이행,포장 - 건조,맑음,교차로 - 교차로부근,승용,남,70세,상해없음,보행자,남,17세,경상
2953,2018041500100112,2018년 4월 15일 10시,일요일,서울특별시 영등포구 신길동,중상사고,0,1,0,0,차대사람 - 차도통행중,안전운전불이행,포장 - 건조,맑음,단일로 - 기타,승용,여,41세,상해없음,보행자,여,8세,중상
2954,2018041500100355,2018년 4월 15일 18시,일요일,서울특별시 관악구 봉천동,경상사고,0,0,1,0,차대사람 - 횡단중,안전운전불이행,포장 - 건조,맑음,단일로 - 기타,화물,남,49세,상해없음,보행자,남,9세,경상
2955,2018041500100357,2018년 4월 15일 18시,일요일,서울특별시 강남구 대치동,중상사고,0,1,0,0,차대사람 - 횡단중,보행자보호의무위반,포장 - 건조,맑음,교차로 - 교차로안,원동기,남,46세,상해없음,보행자,여,68세,중상
2956,2018041500100385,2018년 4월 15일 19시,일요일,서울특별시 성북구 길음동,경상사고,0,0,1,0,차대사람 - 횡단중,보행자보호의무위반,포장 - 건조,흐림,단일로 - 교량,승용,여,56세,상해없음,보행자,남,45세,경상
2957,2018041500100386,2018년 4월 15일 19시,일요일,서울특별시 마포구 망원동,경상사고,0,0,1,0,차대사람 - 기타,안전운전불이행,포장 - 건조,맑음,교차로 - 교차로안,자전거,남,12세,상해없음,보행자,여,69세,경상
2958,2018041500100387,2018년 4월 15일 19시,일요일,서울특별시 강서구 화곡동,중상사고,0,1,1,0,차대사람 - 차도통행중,안전운전불이행,포장 - 건조,흐림,단일로 - 기타,승용,남,48세,상해없음,보행자,여,80세,중상
2959,2018041500100412,2018년 4월 15일 20시,일요일,서울특별시 강남구 논현동,경상사고,0,0,1,0,차대사람 - 보도통행중,기타,포장 - 기타,맑음,교차로 - 교차로부근,승용,남,48세,기타불명,보행자,여,57세,경상
2960,2018041500100443,2018년 4월 15일 21시,일요일,서울특별시 강남구 대치동,경상사고,0,0,1,0,차대사람 - 길가장자리구역통행중,안전운전불이행,포장 - 건조,맑음,단일로 - 기타,기타불명,기타불명,미분류,기타불명,보행자,남,32세,경상
2961,2018041500100472,2018년 4월 15일 22시,일요일,서울특별시 마포구 성산동,중상사고,0,1,0,0,차대사람 - 차도통행중,안전운전불이행,포장 - 건조,맑음,단일로 - 기타,승용,남,66세,상해없음,보행자,남,52세,중상
2962,2018041600100011,2018년 4월 16일 01시,월요일,서울특별시 마포구 서교동,경상사고,0,0,1,0,차대사람 - 기타,기타,포장 - 건조,맑음,기타 - 기타,승용,남,52세,상해없음,보행자,여,29세,경상
2963,2018041600100019,2018년 4월 16일 02시,월요일,서울특별시 강북구 수유동,중상사고,0,1,0,0,차대사람 - 횡단중,안전운전불이행,포장 - 건조,맑음,단일로 - 기타,승용,남,52세,상해없음,보행자,남,51세,중상
2964,2018041600100060,2018년 4월 16일 07시,월요일,서울특별시 영등포구 신길동,중상사고,0,1,0,0,차대사람 - 횡단중,안전운전불이행,포장 - 건조,맑음,교차로 - 교차로횡단보도내,승용,남,54세,상해없음,보행자,여,24세,중상
2965,2018041600100063,2018년 4월 16일 07시,월요일,서울특별시 관악구 봉천동,중상사고,0,1,0,0,차대사람 - 기타,기타,포장 - 건조,맑음,단일로 - 기타,승합,남,51세,상해없음,보행자,남,47세,중상
2966,2018041600100103,2018년 4월 16일 08시,월요일,서울특별시 마포구 서교동,경상사고,0,0,1,0,차대사람 - 기타,안전운전불이행,포장 - 건조,맑음,교차로 - 교차로안,화물,남,57세,상해없음,보행자,여,28세,경상
2967,2018041600100104,2018년 4월 16일 08시,월요일,서울특별시 마포구 서교동,경상사고,0,0,1,0,차대사람 - 기타,안전운전불이행,포장 - 건조,맑음,단일로 - 기타,기타불명,기타불명,미분류,기타불명,보행자,남,7세,경상
2968,2018041600100105,2018년 4월 16일 08시,월요일,서울특별시 영등포구 대림동,경상사고,0,0,1,0,차대사람 - 보도통행중,보행자보호의무위반,포장 - 건조,맑음,교차로 - 교차로횡단보도내,화물,남,65세,상해없음,보행자,여,57세,경상
2969,2018041600100107,2018년 4월 16일 08시,월요일,서울특별시 관악구 봉천동,경상사고,0,0,1,0,차대사람 - 보도통행중,안전운전불이행,포장 - 건조,맑음,단일로 - 기타,승합,남,69세,상해없음,보행자,여,24세,경상
2970,2018041600100108,2018년 4월 16일 08시,월요일,서울특별시 송파구 신천동,중상사고,0,1,0,0,차대사람 - 횡단중,안전운전불이행,포장 - 건조,맑음,단일로 - 기타,승용,남,27세,상해없음,보행자,여,30세,중상
2971,2018041600100110,2018년 4월 16일 08시,월요일,서울특별시 양천구 목동,중상사고,0,1,0,0,차대사람 - 기타,안전운전불이행,포장 - 건조,맑음,교차로 - 교차로부근,승용,남,51세,기타불명,보행자,여,59세,중상
2972,2018041600100156,2018년 4월 16일 09시,월요일,서울특별시 성북구 돈암동,경상사고,0,0,1,0,차대사람 - 횡단중,안전운전불이행,포장 - 건조,맑음,단일로 - 기타,기타불명,기타불명,미분류,기타불명,보행자,남,15세,경상
2973,2018041600100160,2018년 4월 16일 09시,월요일,서울특별시 성북구 장위동,경상사고,0,0,1,0,차대사람 - 기타,안전운전불이행,포장 - 건조,맑음,단일로 - 기타,승용,남,26세,상해없음,보행자,여,81세,경상
2974,2018041600100161,2018년 4월 16일 09시,월요일,서울특별시 구로구 가리봉동,경상사고,0,0,1,0,차대사람 - 기타,안전운전불이행,포장 - 건조,맑음,교차로 - 교차로부근,승용,남,52세,상해없음,보행자,여,41세,경상
2975,2018041600100187,2018년 4월 16일 10시,월요일,서울특별시 관악구 신림동,경상사고,0,0,1,0,차대사람 - 기타,안전운전불이행,포장 - 건조,맑음,교차로 - 교차로안,승용,남,40세,상해없음,보행자,남,53세,경상
2976,2018041600100189,2018년 4월 16일 10시,월요일,서울특별시 강남구 역삼동,경상사고,0,0,1,0,차대사람 - 기타,안전운전불이행,포장 - 건조,맑음,교차로 - 교차로안,승용,여,37세,상해없음,보행자,남,41세,경상
2977,2018041600100240,2018년 4월 16일 12시,월요일,서울특별시 영등포구 문래동6가,중상사고,0,1,0,0,차대사람 - 횡단중,보행자보호의무위반,포장 - 건조,맑음,교차로 - 교차로횡단보도내,화물,남,61세,상해없음,보행자,여,75세,중상
2978,2018041600100275,2018년 4월 16일 13시,월요일,서울특별시 양천구 신정동,중상사고,0,1,0,0,차대사람 - 기타,안전운전불이행,포장 - 건조,맑음,단일로 - 기타,승용,여,61세,상해없음,보행자,남,67세,중상
2979,2018041600100309,2018년 4월 16일 14시,월요일,서울특별시 영등포구 당산동3가,경상사고,0,0,1,0,차대사람 - 차도통행중,안전운전불이행,포장 - 건조,맑음,교차로 - 교차로안,승용,남,63세,상해없음,보행자,여,26세,경상
2980,2018041600100335,2018년 4월 16일 15시,월요일,서울특별시 영등포구 양평동3가,중상사고,0,1,0,0,차대사람 - 횡단중,보행자보호의무위반,포장 - 건조,맑음,단일로 - 기타,화물,남,70세,상해없음,보행자,남,7세,중상
2981,2018041600100369,2018년 4월 16일 16시,월요일,서울특별시 강북구 미아동,경상사고,0,0,2,0,차대사람 - 기타,안전운전불이행,포장 - 건조,맑음,교차로 - 교차로안,승용,여,35세,상해없음,보행자,여,12세,경상
2982,2018041600100372,2018년 4월 16일 16시,월요일,서울특별시 관악구 봉천동,경상사고,0,0,1,0,차대사람 - 기타,안전운전불이행,포장 - 건조,맑음,단일로 - 기타,승용,남,64세,상해없음,보행자,남,33세,경상
2983,2018041600100399,2018년 4월 16일 17시,월요일,서울특별시 마포구 동교동,경상사고,0,0,1,0,차대사람 - 기타,안전운전불이행,포장 - 건조,맑음,단일로 - 기타,기타불명,기타불명,미분류,기타불명,보행자,여,28세,경상
2984,2018041600100400,2018년 4월 16일 17시,월요일,서울특별시 금천구 시흥동,중상사고,0,1,0,0,차대사람 - 횡단중,안전운전불이행,포장 - 건조,맑음,단일로 - 기타,승용,여,60세,상해없음,보행자,여,14세,중상
2985,2018041600100403,2018년 4월 16일 17시,월요일,서울특별시 송파구 문정동,사망사고,1,0,0,0,차대사람 - 길가장자리구역통행중,안전운전불이행,포장 - 건조,맑음,교차로 - 교차로안,승용,남,59세,상해없음,보행자,여,61세,사망
2986,2018041600100408,2018년 4월 16일 17시,월요일,서울특별시 강남구 개포동,중상사고,0,1,0,0,차대사람 - 기타,안전운전불이행,포장 - 건조,맑음,교차로 - 교차로부근,건설기계,남,63세,상해없음,보행자,여,70세,중상
2987,2018041600100451,2018년 4월 16일 18시,월요일,서울특별시 노원구 중계동,부상신고사고,0,0,0,1,차대사람 - 기타,안전운전불이행,포장 - 건조,맑음,기타 - 기타,자전거,남,7세,상해없음,보행자,여,47세,부상신고
2988,2018041600100484,2018년 4월 16일 19시,월요일,서울특별시 용산구 보광동,경상사고,0,0,1,0,차대사람 - 기타,안전운전불이행,포장 - 건조,맑음,단일로 - 기타,기타불명,기타불명,미분류,기타불명,보행자,남,19세,경상
2989,2018041600100488,2018년 4월 16일 19시,월요일,서울특별시 영등포구 당산동1가,부상신고사고,0,0,0,1,차대사람 - 차도통행중,안전운전불이행,포장 - 건조,맑음,교차로 - 교차로부근,승용,남,52세,상해없음,보행자,남,51세,부상신고
2990,2018041600100491,2018년 4월 16일 19시,월요일,서울특별시 은평구 역촌동,중상사고,0,1,0,0,차대사람 - 길가장자리구역통행중,안전운전불이행,포장 - 건조,맑음,교차로 - 교차로안,기타불명,기타불명,미분류,기타불명,보행자,남,60세,중상
2991,2018041600100519,2018년 4월 16일 20시,월요일,서울특별시 성북구 하월곡동,중상사고,0,1,0,0,차대사람 - 횡단중,안전운전불이행,포장 - 건조,맑음,기타 - 기타,승용,남,37세,상해없음,보행자,여,45세,중상
2992,2018041600100551,2018년 4월 16일 21시,월요일,서울특별시 구로구 구로동,경상사고,0,0,1,0,차대사람 - 횡단중,안전운전불이행,포장 - 건조,맑음,단일로 - 기타,승용,남,70세,상해없음,보행자,남,32세,경상
2993,2018041600100553,2018년 4월 16일 21시,월요일,서울특별시 양천구 신정동,중상사고,0,1,0,0,차대사람 - 횡단중,보행자보호의무위반,포장 - 건조,맑음,단일로 - 기타,승용,남,51세,상해없음,보행자,여,23세,중상
2994,2018041600100580,2018년 4월 16일 22시,월요일,서울특별시 강남구 수서동,중상사고,0,1,0,0,차대사람 - 기타,안전운전불이행,포장 - 건조,맑음,단일로 - 기타,승합,남,49세,상해없음,보행자,남,62세,중상
2995,2018041600100597,2018년 4월 16일 23시,월요일,서울특별시 양천구 신월동,중상사고,0,1,0,0,차대사람 - 기타,중앙선침범,포장 - 건조,맑음,단일로 - 기타,승용,여,32세,상해없음,보행자,여,47세,중상
2996,2018041700100017,2018년 4월 17일 01시,화요일,서울특별시 서초구 방배동,중상사고,0,1,0,0,차대사람 - 횡단중,안전운전불이행,포장 - 건조,맑음,미분류 - 미분류,승용,남,72세,상해없음,보행자,남,30세,중상
2997,2018041700100046,2018년 4월 17일 05시,화요일,서울특별시 영등포구 여의도동,경상사고,0,0,1,0,차대사람 - 기타,기타,포장 - 건조,맑음,단일로 - 기타,승합,남,39세,상해없음,보행자,남,52세,경상
2998,2018041700100055,2018년 4월 17일 06시,화요일,서울특별시 성북구 정릉동,중상사고,0,1,0,0,차대사람 - 횡단중,안전운전불이행,포장 - 건조,맑음,단일로 - 기타,승용,남,46세,상해없음,보행자,여,53세,중상
2999,2018041700100068,2018년 4월 17일 07시,화요일,서울특별시 노원구 중계동,경상사고,0,0,1,0,차대사람 - 길가장자리구역통행중,안전운전불이행,포장 - 건조,맑음,단일로 - 지하차도(도로)내,승용,남,20세,상해없음,보행자,여,18세,경상
3000,2018041700100089,2018년 4월 17일 08시,화요일,서울특별시 성북구 삼선동4가,중상사고,0,1,0,0,차대사람 - 횡단중,안전운전불이행,포장 - 건조,맑음,단일로 - 기타,이륜,남,22세,상해없음,보행자,여,31세,중상
3001,2018041700100095,2018년 4월 17일 08시,화요일,서울특별시 노원구 중계동,중상사고,0,1,0,0,차대사람 - 횡단중,안전운전불이행,포장 - 건조,맑음,교차로 - 교차로안,승용,남,60세,상해없음,보행자,여,49세,중상
3002,2018041700100133,2018년 4월 17일 09시,화요일,서울특별시 송파구 석촌동,경상사고,0,0,1,0,차대사람 - 보도통행중,기타,포장 - 건조,맑음,단일로 - 기타,자전거,남,55세,상해없음,보행자,여,38세,경상
3003,2018041700100170,2018년 4월 17일 10시,화요일,서울특별시 은평구 신사동,중상사고,0,1,0,0,차대사람 - 횡단중,보행자보호의무위반,포장 - 건조,맑음,교차로 - 교차로부근,승용,남,45세,상해없음,보행자,여,79세,중상
3004,2018041700100193,2018년 4월 17일 11시,화요일,서울특별시 금천구 시흥동,경상사고,0,0,1,0,차대사람 - 보도통행중,기타,포장 - 건조,맑음,단일로 - 기타,승용,여,42세,상해없음,보행자,남,81세,경상
3005,2018041700100256,2018년 4월 17일 13시,화요일,서울특별시 성동구 성수동2가,중상사고,0,1,0,0,차대사람 - 길가장자리구역통행중,안전운전불이행,포장 - 건조,맑음,단일로 - 기타,승용,남,57세,상해없음,보행자,여,38세,중상
3006,2018041700100322,2018년 4월 17일 15시,화요일,서울특별시 중구 신당동,경상사고,0,0,1,0,차대사람 - 차도통행중,안전운전불이행,포장 - 건조,맑음,단일로 - 기타,승용,남,55세,상해없음,보행자,여,49세,경상
3007,2018041700100324,2018년 4월 17일 15시,화요일,서울특별시 동작구 대방동,경상사고,0,0,1,0,차대사람 - 횡단중,보행자보호의무위반,포장 - 건조,맑음,교차로 - 교차로안,승합,남,75세,상해없음,보행자,남,27세,경상
3008,2018041700100325,2018년 4월 17일 15시,화요일,서울특별시 강남구 신사동,경상사고,0,0,1,0,차대사람 - 기타,기타,포장 - 건조,맑음,기타 - 기타,승용,여,61세,상해없음,보행자,여,65세,경상
3009,2018041700100402,2018년 4월 17일 17시,화요일,서울특별시 중구 남대문로4가,중상사고,0,1,0,0,차대사람 - 보도통행중,보행자보호의무위반,포장 - 건조,맑음,교차로 - 교차로횡단보도내,이륜,남,65세,상해없음,보행자,남,33세,중상
3010,2018041700100406,2018년 4월 17일 17시,화요일,서울특별시 성동구 도선동,경상사고,0,0,1,0,차대사람 - 기타,안전운전불이행,포장 - 건조,흐림,단일로 - 기타,화물,남,59세,상해없음,보행자,여,56세,경상
3011,2018041700100407,2018년 4월 17일 17시,화요일,서울특별시 동작구 상도1동,사망사고,1,0,0,0,차대사람 - 차도통행중,안전운전불이행,포장 - 건조,맑음,단일로 - 기타,승합,남,63세,상해없음,보행자,여,6세,사망
3012,2018041700100442,2018년 4월 17일 18시,화요일,서울특별시 은평구 응암동,중상사고,0,1,0,0,차대사람 - 기타,기타,포장 - 건조,맑음,단일로 - 기타,승용,남,69세,상해없음,보행자,여,83세,중상
3013,2018041700100451,2018년 4월 17일 18시,화요일,서울특별시 구로구 구로동,중상사고,0,1,0,0,차대사람 - 횡단중,안전운전불이행,포장 - 건조,맑음,교차로 - 교차로안,승용,여,35세,상해없음,보행자,남,81세,중상
3014,2018041700100482,2018년 4월 17일 19시,화요일,서울특별시 영등포구 여의도동,중상사고,0,1,1,0,차대사람 - 횡단중,안전운전불이행,포장 - 건조,맑음,교차로 - 교차로횡단보도내,승합,남,36세,기타불명,보행자,남,21세,중상
3015,2018041700100483,2018년 4월 17일 19시,화요일,서울특별시 중랑구 면목동,경상사고,0,0,1,0,차대사람 - 횡단중,신호위반,포장 - 건조,맑음,교차로 - 교차로횡단보도내,기타불명,기타불명,미분류,기타불명,보행자,남,61세,경상
3016,2018041700100575,2018년 4월 17일 22시,화요일,서울특별시 종로구 청진동,경상사고,0,0,1,0,차대사람 - 횡단중,보행자보호의무위반,포장 - 건조,맑음,단일로 - 기타,승용,남,65세,상해없음,보행자,남,32세,경상
3017,2018041700100576,2018년 4월 17일 22시,화요일,서울특별시 관악구 신림동,경상사고,0,0,1,0,차대사람 - 기타,안전운전불이행,포장 - 건조,맑음,단일로 - 기타,승용,남,27세,상해없음,보행자,남,44세,경상
3018,2018041700100592,2018년 4월 17일 23시,화요일,서울특별시 강북구 수유동,경상사고,0,0,1,0,차대사람 - 기타,기타,포장 - 건조,맑음,단일로 - 기타,승용,남,51세,상해없음,보행자,여,38세,경상
3019,2018041700100593,2018년 4월 17일 23시,화요일,서울특별시 강남구 논현동,경상사고,0,0,2,0,차대사람 - 길가장자리구역통행중,안전운전불이행,포장 - 기타,맑음,교차로 - 교차로안,승용,남,30세,상해없음,보행자,남,51세,경상
3020,2018041700100595,2018년 4월 17일 23시,화요일,서울특별시 강서구 염창동,경상사고,0,0,1,0,차대사람 - 기타,안전운전불이행,포장 - 건조,맑음,단일로 - 기타,승용,남,60세,상해없음,보행자,여,27세,경상
3021,2018041800100001,2018년 4월 18일 00시,수요일,서울특별시 중구 신당동,중상사고,0,1,0,0,차대사람 - 횡단중,안전운전불이행,포장 - 건조,맑음,단일로 - 기타,이륜,남,28세,상해없음,보행자,여,57세,중상
3022,2018041800100002,2018년 4월 18일 00시,수요일,서울특별시 용산구 갈월동,중상사고,0,1,0,0,차대사람 - 기타,안전운전불이행,포장 - 건조,맑음,단일로 - 기타,승용,남,49세,상해없음,보행자,남,26세,중상
3023,2018041800100019,2018년 4월 18일 01시,수요일,서울특별시 강남구 역삼동,부상신고사고,0,0,0,1,차대사람 - 기타,안전운전불이행,포장 - 건조,맑음,단일로 - 기타,승용,남,60세,상해없음,보행자,여,26세,부상신고
3024,2018041800100052,2018년 4월 18일 06시,수요일,서울특별시 노원구 상계동,중상사고,0,1,0,0,차대사람 - 차도통행중,기타,포장 - 건조,맑음,단일로 - 기타,승용,남,64세,상해없음,보행자,여,64세,중상
3025,2018041800100053,2018년 4월 18일 06시,수요일,서울특별시 도봉구 창동,중상사고,0,1,0,0,차대사람 - 기타,안전운전불이행,포장 - 기타,맑음,교차로 - 교차로안,승용,남,48세,상해없음,보행자,여,63세,중상
3026,2018041800100102,2018년 4월 18일 08시,수요일,서울특별시 영등포구 문래동3가,경상사고,0,0,1,0,차대사람 - 횡단중,보행자보호의무위반,포장 - 건조,맑음,단일로 - 기타,승용,남,37세,상해없음,보행자,남,57세,경상
3027,2018041800100103,2018년 4월 18일 08시,수요일,서울특별시 금천구 시흥동,중상사고,0,1,0,0,차대사람 - 횡단중,안전운전불이행,포장 - 건조,맑음,교차로 - 교차로부근,승용,남,34세,상해없음,보행자,여,23세,중상
3028,2018041800100104,2018년 4월 18일 08시,수요일,서울특별시 금천구 독산동,중상사고,0,1,0,0,차대사람 - 기타,안전운전불이행,포장 - 건조,맑음,단일로 - 기타,승용,여,41세,상해없음,보행자,여,22세,중상
3029,2018041800100109,2018년 4월 18일 08시,수요일,서울특별시 강서구 화곡동,중상사고,0,1,0,0,차대사람 - 횡단중,안전운전불이행,포장 - 건조,맑음,교차로 - 교차로안,자전거,남,23세,상해없음,보행자,여,34세,중상
3030,2018041800100152,2018년 4월 18일 09시,수요일,서울특별시 마포구 연남동,중상사고,0,1,0,0,차대사람 - 차도통행중,안전운전불이행,포장 - 건조,맑음,단일로 - 기타,원동기,남,24세,상해없음,보행자,여,21세,중상
3031,2018041800100153,2018년 4월 18일 09시,수요일,서울특별시 양천구 목동,경상사고,0,0,1,0,차대사람 - 횡단중,보행자보호의무위반,포장 - 건조,맑음,교차로 - 교차로부근,화물,남,25세,상해없음,보행자,여,35세,경상
3032,2018041800100188,2018년 4월 18일 10시,수요일,서울특별시 강북구 미아동,경상사고,0,0,1,0,차대사람 - 길가장자리구역통행중,안전운전불이행,포장 - 건조,흐림,단일로 - 기타,승용,남,50세,상해없음,보행자,여,70세,경상
3033,2018041800100191,2018년 4월 18일 10시,수요일,서울특별시 강남구 신사동,경상사고,0,0,1,0,차대사람 - 기타,안전운전불이행,포장 - 건조,맑음,단일로 - 기타,승용,남,57세,상해없음,보행자,남,37세,경상
3034,2018041800100217,2018년 4월 18일 11시,수요일,서울특별시 관악구 봉천동,중상사고,0,1,0,0,차대사람 - 길가장자리구역통행중,안전운전불이행,포장 - 건조,맑음,단일로 - 기타,승용,여,53세,상해없음,보행자,여,69세,중상
3035,2018041800100240,2018년 4월 18일 12시,수요일,서울특별시 강남구 역삼동,중상사고,0,1,0,0,차대사람 - 길가장자리구역통행중,안전운전불이행,포장 - 건조,맑음,단일로 - 기타,승용,여,53세,상해없음,보행자,여,69세,중상
3036,2018041800100271,2018년 4월 18일 13시,수요일,서울특별시 관악구 신림동,경상사고,0,0,1,0,차대사람 - 기타,안전운전불이행,포장 - 건조,맑음,단일로 - 기타,화물,남,33세,상해없음,보행자,여,30세,경상
3037,2018041800100291,2018년 4월 18일 14시,수요일,서울특별시 영등포구 여의도동,경상사고,0,0,1,0,차대사람 - 횡단중,보행자보호의무위반,포장 - 건조,맑음,교차로 - 교차로안,화물,남,40세,상해없음,보행자,여,24세,경상