,사고번호,사고일시,요일,시군구,사고내용,사망자수,중상자수,경상자수,부상신고자수,사고유형,법규위반,노면상태,기상상태,도로형태,가해운전자 차종,가해운전자 성별,가해운전자 연령,가해운전자 상해정도,피해운전자 차종,피해운전자 성별,피해운전자 연령,피해운전자 상해정도
3151,2018042100100621,2018년 4월 21일 21시,토요일,서울특별시 마포구 망원동,부상신고사고,0,0,0,1,차대사람 - 차도통행중,안전운전불이행,포장 - 건조,맑음,단일로 - 기타,자전거,남,26세,상해없음,보행자,남,52세,부상신고
3152,2018042100100624,2018년 4월 21일 21시,토요일,서울특별시 동작구 신대방동,중상사고,0,1,0,0,차대사람 - 길가장자리구역통행중,안전운전불이행,포장 - 건조,맑음,단일로 - 기타,화물,남,62세,상해없음,보행자,여,77세,중상
3153,2018042100100625,2018년 4월 21일 21시,토요일,서울특별시 양천구 목동,경상사고,0,0,1,0,차대사람 - 기타,안전운전불이행,포장 - 건조,맑음,단일로 - 기타,승용,여,40세,상해없음,보행자,남,56세,경상
3154,2018042100100654,2018년 4월 21일 22시,토요일,서울특별시 용산구 서계동,중상사고,0,1,0,0,차대사람 - 기타,안전운전불이행,포장 - 건조,흐림,단일로 - 기타,이륜,남,38세,기타불명,보행자,남,28세,중상
3155,2018042100100658,2018년 4월 21일 22시,토요일,서울특별시 동작구 노량진동,부상신고사고,0,0,0,1,차대사람 - 차도통행중,안전운전불이행,포장 - 건조,맑음,단일로 - 기타,이륜,남,28세,상해없음,보행자,남,51세,부상신고
3156,2018042100100659,2018년 4월 21일 22시,토요일,서울특별시 강동구 천호동,중상사고,0,1,1,1,차대사람 - 길가장자리구역통행중,안전운전불이행,포장 - 건조,맑음,단일로 - 지하차도(도로)내,승합,남,27세,상해없음,보행자,남,40세,중상
3157,2018042100100660,2018년 4월 21일 22시,토요일,서울특별시 송파구 장지동,부상신고사고,0,0,0,1,차대사람 - 차도통행중,안전운전불이행,포장 - 건조,맑음,단일로 - 기타,자전거,남,34세,부상신고,보행자,여,42세,상해없음
3158,2018042100100661,2018년 4월 21일 22시,토요일,서울특별시 구로구 구로동,경상사고,0,0,1,0,차대사람 - 횡단중,보행자보호의무위반,포장 - 건조,맑음,교차로 - 교차로횡단보도내,승용,남,48세,상해없음,보행자,남,54세,경상
3159,2018042100100663,2018년 4월 21일 22시,토요일,서울특별시 양천구 신월동,중상사고,0,1,0,0,차대사람 - 기타,안전운전불이행,포장 - 건조,맑음,단일로 - 기타,승용,남,32세,상해없음,보행자,남,82세,중상
3160,2018042100100694,2018년 4월 21일 23시,토요일,서울특별시 영등포구 양평동6가,경상사고,0,0,1,0,차대사람 - 기타,안전운전불이행,포장 - 건조,맑음,단일로 - 기타,승용,남,33세,상해없음,보행자,남,61세,경상
3161,2018042100100696,2018년 4월 21일 23시,토요일,서울특별시 도봉구 쌍문동,경상사고,0,0,1,1,차대사람 - 횡단중,안전운전불이행,포장 - 건조,맑음,교차로 - 교차로안,승용,남,48세,상해없음,보행자,남,48세,부상신고
3162,2018042200100001,2018년 4월 22일 00시,일요일,서울특별시 중구 을지로6가,경상사고,0,0,1,0,차대사람 - 횡단중,보행자보호의무위반,포장 - 건조,맑음,교차로 - 교차로횡단보도내,승용,남,59세,상해없음,보행자,여,46세,경상
3163,2018042200100002,2018년 4월 22일 00시,일요일,서울특별시 성북구 정릉동,경상사고,0,0,1,0,차대사람 - 기타,안전운전불이행,포장 - 건조,맑음,단일로 - 기타,승용,남,24세,상해없음,보행자,여,12세,경상
3164,2018042200100014,2018년 4월 22일 01시,일요일,서울특별시 마포구 서교동,경상사고,0,0,1,0,차대사람 - 횡단중,신호위반,포장 - 건조,맑음,교차로 - 교차로안,원동기,남,18세,상해없음,보행자,남,18세,경상
3165,2018042200100060,2018년 4월 22일 05시,일요일,서울특별시 동작구 대방동,부상신고사고,0,0,0,1,차대사람 - 횡단중,안전운전불이행,포장 - 건조,맑음,단일로 - 기타,승용,남,67세,상해없음,보행자,남,29세,부상신고
3166,2018042200100062,2018년 4월 22일 05시,일요일,서울특별시 강동구 천호동,경상사고,0,0,1,0,차대사람 - 횡단중,안전운전불이행,포장 - 건조,맑음,교차로 - 교차로횡단보도내,승용,남,46세,상해없음,보행자,여,32세,경상
3167,2018042200100076,2018년 4월 22일 07시,일요일,서울특별시 구로구 고척동,중상사고,0,1,0,0,차대사람 - 횡단중,보행자보호의무위반,포장 - 건조,맑음,교차로 - 교차로부근,화물,남,65세,상해없음,보행자,여,76세,중상
3168,2018042200100085,2018년 4월 22일 08시,일요일,서울특별시 강남구 도곡동,경상사고,0,0,1,0,차대사람 - 기타,안전운전불이행,포장 - 건조,맑음,단일로 - 기타,승용,남,61세,상해없음,보행자,여,26세,경상
3169,2018042200100136,2018년 4월 22일 11시,일요일,서울특별시 강북구 번동,중상사고,0,1,0,0,차대사람 - 기타,보행자보호의무위반,포장 - 건조,흐림,교차로 - 교차로횡단보도내,승합,남,58세,상해없음,보행자,여,75세,중상
3170,2018042200100161,2018년 4월 22일 12시,일요일,서울특별시 노원구 상계동,경상사고,0,0,1,0,차대사람 - 기타,안전운전불이행,포장 - 건조,맑음,단일로 - 기타,승용,남,43세,상해없음,보행자,여,28세,경상
3171,2018042200100245,2018년 4월 22일 15시,일요일,서울특별시 노원구 상계동,중상사고,0,1,0,0,차대사람 - 횡단중,안전운전불이행,포장 - 젖음/습기,비,교차로 - 교차로횡단보도내,이륜,남,60세,상해없음,보행자,여,11세,중상
3172,2018042200100285,2018년 4월 22일 17시,일요일,서울특별시 은평구 대조동,부상신고사고,0,0,0,1,차대사람 - 길가장자리구역통행중,안전운전불이행,포장 - 젖음/습기,비,단일로 - 기타,승용,남,26세,기타불명,보행자,남,60세,부상신고
3173,2018042200100344,2018년 4월 22일 19시,일요일,서울특별시 종로구 숭인동,중상사고,0,1,0,0,차대사람 - 기타,안전운전불이행,포장 - 젖음/습기,비,교차로 - 교차로부근,승용,남,27세,상해없음,보행자,여,61세,중상
3174,2018042200100349,2018년 4월 22일 19시,일요일,서울특별시 강남구 논현동,경상사고,0,0,1,0,차대사람 - 보도통행중,안전운전불이행,포장 - 젖음/습기,흐림,기타 - 기타,승용,여,34세,상해없음,보행자,남,63세,경상
3175,2018042200100377,2018년 4월 22일 20시,일요일,서울특별시 용산구 동자동,경상사고,0,0,1,0,차대사람 - 횡단중,보행자보호의무위반,포장 - 건조,맑음,단일로 - 기타,승용,남,42세,상해없음,보행자,남,50세,경상
3176,2018042200100380,2018년 4월 22일 20시,일요일,서울특별시 마포구 중동,중상사고,0,1,0,0,차대사람 - 보도통행중,보행자보호의무위반,포장 - 젖음/습기,비,교차로 - 교차로횡단보도내,승용,남,35세,상해없음,보행자,여,69세,중상
3177,2018042200100382,2018년 4월 22일 20시,일요일,서울특별시 관악구 봉천동,경상사고,0,0,1,0,차대사람 - 기타,안전운전불이행,포장 - 젖음/습기,비,교차로 - 교차로부근,승용,남,59세,상해없음,보행자,남,41세,경상
3178,2018042200100384,2018년 4월 22일 20시,일요일,서울특별시 강동구 성내동,사망사고,1,0,0,0,차대사람 - 횡단중,보행자보호의무위반,포장 - 젖음/습기,비,단일로 - 기타,승용,남,62세,상해없음,보행자,남,78세,사망
3179,2018042200100386,2018년 4월 22일 20시,일요일,서울특별시 노원구 상계동,중상사고,0,1,0,0,차대사람 - 횡단중,안전운전불이행,포장 - 젖음/습기,비,단일로 - 기타,승용,남,49세,상해없음,보행자,여,62세,중상
3180,2018042200100425,2018년 4월 22일 21시,일요일,서울특별시 동대문구 제기동,중상사고,0,1,0,0,차대사람 - 횡단중,안전운전불이행,포장 - 젖음/습기,맑음,단일로 - 기타,승용,남,40세,상해없음,보행자,남,62세,중상
3181,2018042200100454,2018년 4월 22일 22시,일요일,서울특별시 영등포구 도림동,중상사고,0,1,0,0,차대사람 - 횡단중,보행자보호의무위반,포장 - 젖음/습기,비,교차로 - 교차로안,승용,남,33세,상해없음,보행자,남,32세,중상
3182,2018042200100456,2018년 4월 22일 22시,일요일,서울특별시 양천구 목동,경상사고,0,0,1,0,차대사람 - 기타,안전운전불이행,포장 - 젖음/습기,비,교차로 - 교차로부근,승용,남,48세,상해없음,보행자,남,48세,경상
3183,2018042200100459,2018년 4월 22일 22시,일요일,서울특별시 도봉구 쌍문동,중상사고,0,1,0,0,차대사람 - 기타,안전운전불이행,포장 - 젖음/습기,비,교차로 - 교차로횡단보도내,승용,남,43세,상해없음,보행자,남,54세,중상
3184,2018042200100480,2018년 4월 22일 23시,일요일,서울특별시 노원구 월계동,중상사고,0,1,0,0,차대사람 - 횡단중,신호위반,포장 - 젖음/습기,비,교차로 - 교차로안,승용,남,63세,상해없음,보행자,남,45세,중상
3185,2018042300100001,2018년 4월 23일 00시,월요일,서울특별시 광진구 구의동,경상사고,0,0,1,0,차대사람 - 횡단중,안전운전불이행,포장 - 젖음/습기,비,단일로 - 기타,기타불명,기타불명,미분류,기타불명,보행자,여,21세,경상
3186,2018042300100002,2018년 4월 23일 00시,월요일,서울특별시 금천구 독산동,경상사고,0,0,1,0,차대사람 - 횡단중,신호위반,포장 - 젖음/습기,비,단일로 - 기타,화물,남,67세,상해없음,보행자,남,26세,경상
3187,2018042300100005,2018년 4월 23일 00시,월요일,서울특별시 강남구 역삼동,중상사고,0,2,0,0,차대사람 - 차도통행중,안전운전불이행,포장 - 젖음/습기,비,단일로 - 기타,이륜,남,36세,중상,보행자,남,33세,중상
3188,2018042300100011,2018년 4월 23일 01시,월요일,서울특별시 중랑구 상봉동,경상사고,0,0,1,0,차대사람 - 횡단중,안전운전불이행,포장 - 건조,맑음,교차로 - 교차로안,승용,남,52세,상해없음,보행자,남,58세,경상
3189,2018042300100012,2018년 4월 23일 01시,월요일,서울특별시 송파구 가락동,중상사고,0,1,0,0,차대사람 - 횡단중,안전운전불이행,포장 - 젖음/습기,비,교차로 - 교차로부근,승용,남,56세,상해없음,보행자,남,71세,중상
3190,2018042300100045,2018년 4월 23일 05시,월요일,서울특별시 광진구 화양동,경상사고,0,0,4,0,차대사람 - 기타,안전운전불이행,포장 - 젖음/습기,비,단일로 - 기타,승용,남,60세,상해없음,보행자,남,23세,경상
3191,2018042300100046,2018년 4월 23일 05시,월요일,서울특별시 영등포구 신길동,경상사고,0,0,1,0,차대사람 - 기타,안전운전불이행,포장 - 젖음/습기,비,교차로 - 교차로안,승용,남,51세,상해없음,보행자,여,64세,경상
3192,2018042300100047,2018년 4월 23일 05시,월요일,서울특별시 노원구 중계동,중상사고,0,1,0,0,차대사람 - 횡단중,안전운전불이행,포장 - 젖음/습기,비,단일로 - 기타,승용,남,63세,상해없음,보행자,여,79세,중상
3193,2018042300100057,2018년 4월 23일 06시,월요일,서울특별시 강남구 논현동,중상사고,0,1,0,0,차대사람 - 횡단중,신호위반,포장 - 젖음/습기,비,교차로 - 교차로부근,승용,남,63세,상해없음,보행자,남,33세,중상
3194,2018042300100072,2018년 4월 23일 07시,월요일,서울특별시 은평구 응암동,경상사고,0,0,1,0,차대사람 - 횡단중,보행자보호의무위반,포장 - 젖음/습기,비,교차로 - 교차로횡단보도내,승용,여,56세,상해없음,보행자,여,69세,경상
3195,2018042300100075,2018년 4월 23일 07시,월요일,서울특별시 강동구 천호동,경상사고,0,0,1,0,차대사람 - 기타,안전운전불이행,포장 - 젖음/습기,비,교차로 - 교차로안,기타불명,기타불명,미분류,기타불명,보행자,남,29세,경상
3196,2018042300100098,2018년 4월 23일 08시,월요일,서울특별시 광진구 자양동,부상신고사고,0,0,0,1,차대사람 - 길가장자리구역통행중,안전운전불이행,포장 - 건조,맑음,교차로 - 교차로부근,화물,남,53세,상해없음,보행자,남,12세,부상신고
3197,2018042300100099,2018년 4월 23일 08시,월요일,서울특별시 마포구 동교동,중상사고,0,1,0,0,차대사람 - 기타,안전운전불이행,포장 - 젖음/습기,비,단일로 - 기타,승합,남,46세,상해없음,보행자,여,27세,중상
3198,2018042300100100,2018년 4월 23일 08시,월요일,서울특별시 강서구 화곡동,중상사고,0,1,0,0,차대사람 - 횡단중,보행자보호의무위반,포장 - 젖음/습기,비,단일로 - 기타,승용,여,39세,상해없음,보행자,여,27세,중상
3199,2018042300100145,2018년 4월 23일 09시,월요일,서울특별시 영등포구 문래동3가,중상사고,0,1,0,0,차대사람 - 횡단중,보행자보호의무위반,포장 - 젖음/습기,비,교차로 - 교차로부근,승용,여,32세,상해없음,보행자,남,80세,중상
3200,2018042300100146,2018년 4월 23일 09시,월요일,서울특별시 동작구 신대방동,경상사고,0,0,1,0,차대사람 - 보도통행중,신호위반,포장 - 젖음/습기,비,교차로 - 교차로횡단보도내,승용,여,59세,상해없음,보행자,남,65세,경상
3201,2018042300100149,2018년 4월 23일 09시,월요일,서울특별시 구로구 구로동,경상사고,0,0,1,0,차대사람 - 보도통행중,보행자보호의무위반,포장 - 젖음/습기,비,교차로 - 교차로횡단보도내,화물,남,71세,상해없음,보행자,여,27세,경상
3202,2018042300100185,2018년 4월 23일 10시,월요일,서울특별시 중구 충무로5가,경상사고,0,0,1,0,차대사람 - 기타,안전운전불이행,포장 - 젖음/습기,비,단일로 - 기타,승용,남,49세,기타불명,보행자,남,15세,경상
3203,2018042300100188,2018년 4월 23일 10시,월요일,서울특별시 노원구 중계동,경상사고,0,0,1,0,차대사람 - 기타,안전운전불이행,포장 - 젖음/습기,비,단일로 - 기타,승합,남,61세,상해없음,보행자,여,19세,경상
3204,2018042300100237,2018년 4월 23일 12시,월요일,서울특별시 강남구 논현동,경상사고,0,0,1,0,차대사람 - 길가장자리구역통행중,안전운전불이행,포장 - 젖음/습기,비,단일로 - 기타,승용,남,61세,상해없음,보행자,남,48세,경상
3205,2018042300100238,2018년 4월 23일 12시,월요일,서울특별시 강동구 상일동,부상신고사고,0,0,0,1,차대사람 - 기타,안전운전불이행,포장 - 젖음/습기,비,교차로 - 교차로안,승용,남,38세,상해없음,보행자,남,59세,부상신고
3206,2018042300100259,2018년 4월 23일 13시,월요일,서울특별시 서대문구 북아현동,경상사고,0,0,1,0,차대사람 - 기타,안전운전불이행,포장 - 젖음/습기,비,단일로 - 기타,승용,여,66세,상해없음,보행자,여,19세,경상
3207,2018042300100327,2018년 4월 23일 15시,월요일,서울특별시 강서구 염창동,경상사고,0,0,1,0,차대사람 - 차도통행중,안전운전불이행,포장 - 젖음/습기,비,교차로 - 교차로안,승용,남,40세,상해없음,보행자,남,76세,경상
3208,2018042300100329,2018년 4월 23일 15시,월요일,서울특별시 서초구 잠원동,중상사고,0,1,0,0,차대사람 - 횡단중,보행자보호의무위반,포장 - 젖음/습기,비,교차로 - 교차로안,승용,여,42세,상해없음,보행자,여,74세,중상
3209,2018042300100377,2018년 4월 23일 17시,월요일,서울특별시 노원구 월계동,중상사고,0,1,0,0,차대사람 - 기타,안전운전불이행,포장 - 건조,맑음,교차로 - 교차로안,승합,남,54세,상해없음,보행자,남,74세,중상
3210,2018042300100420,2018년 4월 23일 18시,월요일,서울특별시 노원구 중계동,경상사고,0,0,1,0,차대사람 - 횡단중,안전운전불이행,포장 - 젖음/습기,비,교차로 - 교차로안,승용,여,45세,상해없음,보행자,남,39세,경상
3211,2018042300100447,2018년 4월 23일 19시,월요일,서울특별시 송파구 가락동,경상사고,0,0,1,0,차대사람 - 횡단중,보행자보호의무위반,포장 - 젖음/습기,맑음,교차로 - 교차로횡단보도내,승용,남,55세,상해없음,보행자,여,54세,경상
3212,2018042300100487,2018년 4월 23일 20시,월요일,서울특별시 용산구 청파동3가,경상사고,0,0,1,0,차대사람 - 횡단중,보행자보호의무위반,포장 - 건조,맑음,교차로 - 교차로부근,승용,남,65세,상해없음,보행자,여,30세,경상
3213,2018042300100488,2018년 4월 23일 20시,월요일,서울특별시 용산구 갈월동,경상사고,0,0,1,0,차대사람 - 횡단중,안전운전불이행,포장 - 젖음/습기,비,교차로 - 교차로횡단보도내,승용,남,42세,상해없음,보행자,여,37세,경상
3214,2018042300100490,2018년 4월 23일 20시,월요일,서울특별시 마포구 상수동,부상신고사고,0,0,0,1,차대사람 - 차도통행중,안전운전불이행,포장 - 젖음/습기,비,단일로 - 기타,승용,남,35세,상해없음,보행자,여,23세,부상신고
3215,2018042300100492,2018년 4월 23일 20시,월요일,서울특별시 강동구 명일동,중상사고,0,1,0,0,차대사람 - 횡단중,보행자보호의무위반,포장 - 건조,맑음,교차로 - 교차로횡단보도내,승합,여,64세,상해없음,보행자,남,72세,중상
3216,2018042300100531,2018년 4월 23일 21시,월요일,서울특별시 동대문구 이문동,경상사고,0,0,1,1,차대사람 - 기타,안전운전불이행,포장 - 젖음/습기,비,기타 - 기타,승용,남,29세,상해없음,보행자,남,16세,부상신고
3217,2018042300100537,2018년 4월 23일 21시,월요일,서울특별시 노원구 월계동,경상사고,0,0,1,0,차대사람 - 횡단중,보행자보호의무위반,포장 - 젖음/습기,비,교차로 - 교차로횡단보도내,승용,여,40세,상해없음,보행자,남,53세,경상
3218,2018042300100573,2018년 4월 23일 22시,월요일,서울특별시 은평구 응암동,경상사고,0,0,1,0,차대사람 - 기타,안전운전불이행,포장 - 젖음/습기,비,교차로 - 교차로부근,화물,남,51세,상해없음,보행자,남,40세,경상
3219,2018042300100576,2018년 4월 23일 22시,월요일,서울특별시 송파구 오금동,중상사고,0,1,0,0,차대사람 - 횡단중,안전운전불이행,포장 - 젖음/습기,비,단일로 - 기타,승용,남,42세,상해없음,보행자,여,70세,중상
3220,2018042300100577,2018년 4월 23일 22시,월요일,서울특별시 양천구 목동,중상사고,0,1,0,0,차대사람 - 횡단중,보행자보호의무위반,포장 - 젖음/습기,비,교차로 - 교차로부근,승용,여,42세,상해없음,보행자,여,57세,중상
3221,2018042300100608,2018년 4월 23일 23시,월요일,서울특별시 영등포구 여의도동,경상사고,0,0,1,0,차대사람 - 차도통행중,안전운전불이행,포장 - 젖음/습기,비,기타 - 기타,승용,남,52세,상해없음,보행자,남,34세,경상
3222,2018042300100609,2018년 4월 23일 23시,월요일,서울특별시 동작구 상도동,경상사고,0,0,1,0,차대사람 - 길가장자리구역통행중,안전운전불이행,포장 - 건조,맑음,단일로 - 기타,원동기,남,16세,상해없음,보행자,남,52세,경상
3223,2018042300100610,2018년 4월 23일 23시,월요일,서울특별시 서초구 양재동,경상사고,0,0,1,0,차대사람 - 횡단중,보행자보호의무위반,포장 - 건조,맑음,교차로 - 교차로횡단보도내,승용,남,45세,상해없음,보행자,여,57세,경상
3224,2018042300100611,2018년 4월 23일 23시,월요일,서울특별시 강남구 역삼동,경상사고,0,0,1,0,차대사람 - 기타,안전운전불이행,포장 - 젖음/습기,흐림,단일로 - 기타,기타불명,기타불명,미분류,기타불명,보행자,남,36세,경상
3225,2018042400100017,2018년 4월 24일 01시,화요일,서울특별시 은평구 신사동,경상사고,0,0,1,0,차대사람 - 횡단중,안전운전불이행,포장 - 젖음/습기,비,교차로 - 교차로안,승용,남,59세,상해없음,보행자,여,72세,경상
3226,2018042400100045,2018년 4월 24일 04시,화요일,서울특별시 마포구 도화동,중상사고,0,1,0,0,차대사람 - 횡단중,안전운전불이행,포장 - 젖음/습기,비,단일로 - 기타,화물,남,67세,상해없음,보행자,남,61세,중상
3227,2018042400100102,2018년 4월 24일 08시,화요일,서울특별시 동대문구 전농동,경상사고,0,0,1,0,차대사람 - 차도통행중,안전운전불이행,포장 - 건조,맑음,교차로 - 교차로안,승용,남,55세,상해없음,보행자,여,50세,경상
3228,2018042400100106,2018년 4월 24일 08시,화요일,서울특별시 서초구 양재동,경상사고,0,0,1,0,차대사람 - 기타,안전운전불이행,포장 - 건조,맑음,단일로 - 기타,승용,남,63세,상해없음,보행자,여,61세,경상
3229,2018042400100179,2018년 4월 24일 10시,화요일,서울특별시 성동구 성수동2가,부상신고사고,0,0,0,1,차대사람 - 기타,안전운전불이행,포장 - 건조,맑음,교차로 - 교차로안,승용,남,61세,상해없음,보행자,남,56세,부상신고
3230,2018042400100182,2018년 4월 24일 10시,화요일,서울특별시 은평구 갈현동,경상사고,0,0,1,0,차대사람 - 기타,안전운전불이행,포장 - 건조,흐림,단일로 - 기타,기타불명,기타불명,미분류,기타불명,보행자,여,53세,경상
3231,2018042400100214,2018년 4월 24일 11시,화요일,서울특별시 용산구 보광동,중상사고,0,1,0,0,차대사람 - 차도통행중,안전운전불이행,포장 - 건조,맑음,단일로 - 기타,승용,여,77세,상해없음,보행자,여,79세,중상
3232,2018042400100239,2018년 4월 24일 12시,화요일,서울특별시 서대문구 창천동,경상사고,0,0,1,0,차대사람 - 횡단중,보행자보호의무위반,포장 - 건조,맑음,교차로 - 교차로부근,화물,여,32세,상해없음,보행자,여,30세,경상
3233,2018042400100241,2018년 4월 24일 12시,화요일,서울특별시 동대문구 장안동,경상사고,0,0,1,0,차대사람 - 기타,안전운전불이행,포장 - 건조,맑음,교차로 - 교차로부근,승용,여,27세,상해없음,보행자,여,69세,경상
3234,2018042400100243,2018년 4월 24일 12시,화요일,서울특별시 강서구 등촌동,중상사고,0,1,0,0,차대사람 - 보도통행중,기타,포장 - 건조,맑음,단일로 - 기타,승용,남,61세,상해없음,보행자,남,69세,중상
3235,2018042400100268,2018년 4월 24일 13시,화요일,서울특별시 강북구 미아동,경상사고,0,0,1,0,차대사람 - 횡단중,보행자보호의무위반,포장 - 건조,맑음,교차로 - 교차로부근,승용,여,59세,상해없음,보행자,남,47세,경상
3236,2018042400100328,2018년 4월 24일 15시,화요일,서울특별시 종로구 창신동,경상사고,0,0,1,0,차대사람 - 길가장자리구역통행중,안전운전불이행,포장 - 건조,맑음,단일로 - 기타,화물,남,45세,상해없음,보행자,여,64세,경상
3237,2018042400100330,2018년 4월 24일 15시,화요일,서울특별시 금천구 독산동,중상사고,0,1,0,0,차대사람 - 횡단중,보행자보호의무위반,포장 - 건조,맑음,교차로 - 교차로부근,승용,여,56세,상해없음,보행자,여,74세,중상
3238,2018042400100331,2018년 4월 24일 15시,화요일,서울특별시 동작구 대방동,중상사고,0,1,0,1,차대사람 - 횡단중,신호위반,포장 - 건조,맑음,교차로 - 교차로안,승용,남,68세,상해없음,보행자,여,6세,부상신고
3239,2018042400100334,2018년 4월 24일 15시,화요일,서울특별시 강동구 명일동,중상사고,0,1,0,0,차대사람 - 기타,안전운전불이행,포장 - 건조,맑음,단일로 - 기타,승용,여,60세,상해없음,보행자,여,68세,중상
3240,2018042400100385,2018년 4월 24일 16시,화요일,서울특별시 노원구 상계동,경상사고,0,0,1,0,차대사람 - 길가장자리구역통행중,기타,포장 - 건조,맑음,단일로 - 기타,승용,남,75세,상해없음,보행자,여,64세,경상
3241,2018042400100386,2018년 4월 24일 16시,화요일,서울특별시 서초구 방배동,경상사고,0,0,1,0,차대사람 - 기타,안전운전불이행,포장 - 건조,맑음,기타 - 기타,승용,여,49세,상해없음,보행자,여,19세,경상
3242,2018042400100387,2018년 4월 24일 16시,화요일,서울특별시 강남구 대치동,경상사고,0,0,1,0,차대사람 - 길가장자리구역통행중,안전운전불이행,포장 - 건조,맑음,단일로 - 기타,승용,여,40세,상해없음,보행자,남,18세,경상
3243,2018042400100417,2018년 4월 24일 17시,화요일,서울특별시 관악구 신림동,경상사고,0,0,1,0,차대사람 - 기타,신호위반,포장 - 건조,맑음,교차로 - 교차로부근,이륜,남,23세,상해없음,보행자,여,51세,경상
3244,2018042400100419,2018년 4월 24일 17시,화요일,서울특별시 강서구 화곡동,경상사고,0,0,1,0,차대사람 - 기타,안전운전불이행,포장 - 건조,맑음,단일로 - 기타,기타불명,기타불명,미분류,기타불명,보행자,여,20세,경상
3245,2018042400100420,2018년 4월 24일 17시,화요일,서울특별시 강동구 천호동,중상사고,0,1,0,0,차대사람 - 기타,신호위반,포장 - 건조,맑음,교차로 - 교차로안,원동기,남,57세,상해없음,보행자,여,72세,중상
3246,2018042400100421,2018년 4월 24일 17시,화요일,서울특별시 구로구 구로동,경상사고,0,0,1,0,차대사람 - 기타,안전운전불이행,포장 - 건조,맑음,단일로 - 기타,승용,여,32세,상해없음,보행자,여,21세,경상
3247,2018042400100488,2018년 4월 24일 19시,화요일,서울특별시 동작구 상도1동,경상사고,0,0,1,0,차대사람 - 횡단중,신호위반,포장 - 건조,맑음,단일로 - 기타,원동기,남,22세,상해없음,보행자,여,26세,경상
3248,2018042400100520,2018년 4월 24일 20시,화요일,서울특별시 중구 신당동,경상사고,0,0,1,0,차대사람 - 보도통행중,보행자보호의무위반,포장 - 건조,맑음,단일로 - 기타,승용,남,55세,상해없음,보행자,여,38세,경상
3249,2018042400100521,2018년 4월 24일 20시,화요일,서울특별시 광진구 화양동,경상사고,0,0,1,0,차대사람 - 길가장자리구역통행중,안전운전불이행,포장 - 건조,맑음,단일로 - 기타,승용,남,48세,상해없음,보행자,여,30세,경상
3250,2018042400100524,2018년 4월 24일 20시,화요일,서울특별시 동작구 사당동,경상사고,0,0,1,0,차대사람 - 기타,안전운전불이행,포장 - 건조,흐림,교차로 - 교차로안,승용,남,46세,상해없음,보행자,여,53세,경상
3251,2018042400100557,2018년 4월 24일 21시,화요일,서울특별시 영등포구 문래동3가,중상사고,0,1,0,0,차대사람 - 횡단중,보행자보호의무위반,포장 - 건조,맑음,교차로 - 교차로안,화물,남,46세,상해없음,보행자,여,38세,중상
3252,2018042400100620,2018년 4월 24일 23시,화요일,서울특별시 강북구 미아동,경상사고,0,0,1,0,차대사람 - 횡단중,안전운전불이행,포장 - 건조,맑음,단일로 - 기타,원동기,남,18세,상해없음,보행자,여,32세,경상
3253,2018042400100621,2018년 4월 24일 23시,화요일,서울특별시 강북구 수유동,경상사고,0,0,1,0,차대사람 - 기타,기타,포장 - 건조,흐림,단일로 - 기타,승용,남,68세,상해없음,보행자,여,52세,경상
3254,2018042400100622,2018년 4월 24일 23시,화요일,서울특별시 영등포구 영등포동5가,사망사고,1,0,0,0,차대사람 - 횡단중,안전운전불이행,포장 - 건조,맑음,단일로 - 기타,승용,남,56세,상해없음,보행자,남,62세,사망
3255,2018042400100623,2018년 4월 24일 23시,화요일,서울특별시 성동구 성수동1가,경상사고,0,0,1,0,차대사람 - 횡단중,안전운전불이행,포장 - 건조,맑음,교차로 - 교차로횡단보도내,이륜,남,16세,상해없음,보행자,남,61세,경상
3256,2018042500100001,2018년 4월 25일 00시,수요일,서울특별시 종로구 종로1가,중상사고,0,1,0,0,차대사람 - 횡단중,안전운전불이행,포장 - 건조,맑음,단일로 - 기타,승용,남,45세,상해없음,보행자,남,51세,중상
3257,2018042500100004,2018년 4월 25일 00시,수요일,서울특별시 동작구 대방동,부상신고사고,0,0,0,1,차대사람 - 횡단중,안전운전불이행,포장 - 건조,맑음,단일로 - 기타,원동기,남,26세,부상신고,보행자,남,46세,상해없음
3258,2018042500100019,2018년 4월 25일 01시,수요일,서울특별시 동작구 상도동,중상사고,0,1,0,0,차대사람 - 횡단중,안전운전불이행,포장 - 건조,맑음,단일로 - 기타,이륜,남,24세,상해없음,보행자,여,57세,중상
3259,2018042500100037,2018년 4월 25일 04시,수요일,서울특별시 노원구 상계동,사망사고,1,0,0,0,차대사람 - 횡단중,안전운전불이행,포장 - 건조,맑음,교차로 - 교차로안,승용,남,68세,기타불명,보행자,남,85세,사망
3260,2018042500100048,2018년 4월 25일 06시,수요일,서울특별시 동작구 노량진동,중상사고,0,1,0,0,차대사람 - 횡단중,보행자보호의무위반,포장 - 건조,맑음,교차로 - 교차로부근,건설기계,남,59세,상해없음,보행자,남,53세,중상