,사고번호,사고일시,요일,시군구,사고내용,사망자수,중상자수,경상자수,부상신고자수,사고유형,법규위반,노면상태,기상상태,도로형태,가해운전자 차종,가해운전자 성별,가해운전자 연령,가해운전자 상해정도,피해운전자 차종,피해운전자 성별,피해운전자 연령,피해운전자 상해정도
3486,2018050300100310,2018년 5월 3일 14시,목요일,서울특별시 동작구 상도동,경상사고,0,0,2,0,차대사람 - 길가장자리구역통행중,안전운전불이행,포장 - 젖음/습기,비,단일로 - 기타,승용,남,39세,상해없음,보행자,여,48세,경상
3487,2018050300100339,2018년 5월 3일 15시,목요일,서울특별시 강북구 미아동,경상사고,0,0,1,0,차대사람 - 기타,안전운전불이행,포장 - 건조,흐림,단일로 - 기타,화물,남,49세,상해없음,보행자,남,80세,경상
3488,2018050300100341,2018년 5월 3일 15시,목요일,서울특별시 관악구 신림동,중상사고,0,1,0,0,차대사람 - 보도통행중,기타,포장 - 건조,맑음,기타 - 기타,자전거,여,62세,상해없음,보행자,여,73세,중상
3489,2018050300100342,2018년 5월 3일 15시,목요일,서울특별시 강동구 성내동,중상사고,0,1,0,0,차대사람 - 기타,안전운전불이행,포장 - 건조,흐림,단일로 - 기타,승합,남,57세,기타불명,보행자,여,65세,중상
3490,2018050300100426,2018년 5월 3일 17시,목요일,서울특별시 강북구 미아동,중상사고,0,1,0,0,차대사람 - 기타,안전운전불이행,포장 - 건조,맑음,기타 - 기타,화물,남,31세,상해없음,보행자,여,60세,중상
3491,2018050300100428,2018년 5월 3일 17시,목요일,서울특별시 마포구 염리동,중상사고,0,2,0,0,차대사람 - 기타,안전운전불이행,포장 - 건조,맑음,단일로 - 기타,승합,남,63세,상해없음,보행자,여,18세,중상
3492,2018050300100429,2018년 5월 3일 17시,목요일,서울특별시 영등포구 신길동,경상사고,0,0,1,0,차대사람 - 기타,안전운전불이행,포장 - 건조,맑음,교차로 - 교차로안,기타불명,기타불명,미분류,기타불명,보행자,남,66세,경상
3493,2018050300100431,2018년 5월 3일 17시,목요일,서울특별시 동작구 흑석동,사망사고,1,0,0,0,차대사람 - 횡단중,안전운전불이행,포장 - 건조,맑음,단일로 - 기타,승합,남,65세,상해없음,보행자,남,56세,사망
3494,2018050300100434,2018년 5월 3일 17시,목요일,서울특별시 강동구 성내동,경상사고,0,0,1,0,차대사람 - 기타,안전운전불이행,포장 - 건조,맑음,단일로 - 기타,승용,여,38세,기타불명,보행자,여,20세,경상
3495,2018050300100435,2018년 5월 3일 17시,목요일,서울특별시 은평구 불광동,경상사고,0,0,1,0,차대사람 - 횡단중,안전운전불이행,포장 - 건조,맑음,교차로 - 교차로횡단보도내,승용,여,48세,상해없음,보행자,남,28세,경상
3496,2018050300100436,2018년 5월 3일 17시,목요일,서울특별시 강남구 역삼동,경상사고,0,0,1,0,차대사람 - 기타,안전운전불이행,포장 - 건조,맑음,단일로 - 기타,승용,여,39세,기타불명,보행자,여,31세,경상
3497,2018050300100475,2018년 5월 3일 18시,목요일,서울특별시 종로구 부암동,경상사고,0,0,1,0,차대사람 - 횡단중,신호위반,포장 - 건조,맑음,교차로 - 교차로횡단보도내,승용,남,68세,상해없음,보행자,여,39세,경상
3498,2018050300100517,2018년 5월 3일 19시,목요일,서울특별시 강북구 수유동,경상사고,0,0,1,0,차대사람 - 기타,안전운전불이행,포장 - 건조,맑음,교차로 - 교차로부근,이륜,남,17세,상해없음,보행자,남,12세,경상
3499,2018050300100549,2018년 5월 3일 20시,목요일,서울특별시 강서구 화곡동,중상사고,0,1,0,0,차대사람 - 길가장자리구역통행중,안전운전불이행,포장 - 건조,맑음,교차로 - 교차로부근,승용,남,72세,상해없음,보행자,여,78세,중상
3500,2018050300100582,2018년 5월 3일 21시,목요일,서울특별시 성북구 돈암동,중상사고,0,1,0,0,차대사람 - 횡단중,신호위반,포장 - 건조,맑음,단일로 - 기타,이륜,남,39세,상해없음,보행자,남,11세,중상
3501,2018050300100583,2018년 5월 3일 21시,목요일,서울특별시 영등포구 양평동3가,중상사고,0,1,0,0,차대사람 - 횡단중,보행자보호의무위반,포장 - 건조,맑음,단일로 - 기타,승용,남,55세,상해없음,보행자,남,49세,중상
3502,2018050300100586,2018년 5월 3일 21시,목요일,서울특별시 성동구 금호동1가,경상사고,0,0,1,0,차대사람 - 기타,안전운전불이행,포장 - 건조,맑음,단일로 - 기타,승용,여,30세,상해없음,보행자,남,34세,경상
3503,2018050400100001,2018년 5월 4일 00시,금요일,서울특별시 광진구 중곡동,중상사고,0,1,0,0,차대사람 - 횡단중,안전운전불이행,포장 - 건조,맑음,단일로 - 기타,승용,남,22세,상해없음,보행자,남,56세,중상
3504,2018050400100005,2018년 5월 4일 00시,금요일,서울특별시 송파구 방이동,부상신고사고,0,0,0,1,차대사람 - 기타,안전운전불이행,포장 - 건조,맑음,단일로 - 기타,승용,남,59세,상해없음,보행자,남,22세,부상신고
3505,2018050400100024,2018년 5월 4일 01시,금요일,서울특별시 성북구 종암동,경상사고,0,0,2,0,차대사람 - 횡단중,안전운전불이행,포장 - 건조,맑음,단일로 - 기타,승용,남,36세,상해없음,보행자,남,37세,경상
3506,2018050400100103,2018년 5월 4일 08시,금요일,서울특별시 동대문구 청량리동,부상신고사고,0,0,0,1,차대사람 - 기타,안전운전불이행,포장 - 건조,맑음,단일로 - 기타,승용,남,43세,상해없음,보행자,남,11세,부상신고
3507,2018050400100104,2018년 5월 4일 08시,금요일,서울특별시 은평구 갈현동,중상사고,0,1,0,0,차대사람 - 차도통행중,안전운전불이행,포장 - 건조,맑음,교차로 - 교차로부근,승용,남,41세,상해없음,보행자,여,84세,중상
3508,2018050400100105,2018년 5월 4일 08시,금요일,서울특별시 서초구 방배동,경상사고,0,0,1,0,차대사람 - 보도통행중,기타,포장 - 건조,맑음,미분류 - 미분류,승용,여,40세,상해없음,보행자,여,20세,경상
3509,2018050400100175,2018년 5월 4일 10시,금요일,서울특별시 마포구 성산동,경상사고,0,0,1,0,차대사람 - 횡단중,신호위반,포장 - 건조,맑음,단일로 - 기타,승용,남,62세,상해없음,보행자,남,1세,경상
3510,2018050400100180,2018년 5월 4일 10시,금요일,서울특별시 양천구 신월동,경상사고,0,0,1,0,차대사람 - 기타,안전운전불이행,포장 - 건조,맑음,기타 - 기타,화물,남,45세,상해없음,보행자,여,67세,경상
3511,2018050400100181,2018년 5월 4일 10시,금요일,서울특별시 도봉구 창동,중상사고,0,1,0,0,차대사람 - 기타,안전운전불이행,포장 - 건조,맑음,단일로 - 기타,승용,남,61세,상해없음,보행자,남,54세,중상
3512,2018050400100203,2018년 5월 4일 11시,금요일,서울특별시 서대문구 북아현동,중상사고,0,1,0,0,차대사람 - 횡단중,안전운전불이행,포장 - 건조,맑음,단일로 - 기타,승용,남,73세,상해없음,보행자,여,74세,중상
3513,2018050400100206,2018년 5월 4일 11시,금요일,서울특별시 성동구 성수동2가,경상사고,0,0,1,0,차대사람 - 길가장자리구역통행중,안전운전불이행,포장 - 건조,맑음,단일로 - 기타,승합,남,66세,상해없음,보행자,여,26세,경상
3514,2018050400100250,2018년 5월 4일 13시,금요일,서울특별시 중구 황학동,경상사고,0,0,1,0,차대사람 - 기타,안전운전불이행,포장 - 건조,맑음,단일로 - 기타,승용,남,70세,기타불명,보행자,남,46세,경상
3515,2018050400100251,2018년 5월 4일 13시,금요일,서울특별시 종로구 경운동,중상사고,0,1,0,0,차대사람 - 차도통행중,안전운전불이행,포장 - 건조,맑음,단일로 - 지하차도(도로)내,승합,남,56세,상해없음,보행자,남,90세 이상,중상
3516,2018050400100255,2018년 5월 4일 13시,금요일,서울특별시 강서구 내발산동,중상사고,0,1,0,0,차대사람 - 횡단중,안전운전불이행,포장 - 건조,맑음,교차로 - 교차로안,승용,남,19세,상해없음,보행자,남,28세,중상
3517,2018050400100296,2018년 5월 4일 14시,금요일,서울특별시 영등포구 양평동5가,경상사고,0,0,1,0,차대사람 - 차도통행중,안전운전불이행,포장 - 건조,맑음,단일로 - 기타,화물,남,34세,상해없음,보행자,남,10세,경상
3518,2018050400100301,2018년 5월 4일 14시,금요일,서울특별시 양천구 신정동,경상사고,0,0,1,0,차대사람 - 차도통행중,안전운전불이행,포장 - 건조,맑음,단일로 - 기타,승용,남,66세,상해없음,보행자,남,12세,경상
3519,2018050400100349,2018년 5월 4일 15시,금요일,서울특별시 관악구 신림동,경상사고,0,0,1,0,차대사람 - 차도통행중,안전운전불이행,포장 - 건조,맑음,단일로 - 기타,승용,남,73세,상해없음,보행자,남,40세,경상
3520,2018050400100351,2018년 5월 4일 15시,금요일,서울특별시 양천구 목동,중상사고,0,1,0,0,차대사람 - 기타,기타,포장 - 건조,맑음,기타 - 기타,자전거,남,13세,기타불명,보행자,여,79세,중상
3521,2018050400100352,2018년 5월 4일 15시,금요일,서울특별시 양천구 신정동,경상사고,0,0,1,0,차대사람 - 횡단중,보행자보호의무위반,포장 - 건조,맑음,교차로 - 교차로안,승용,남,25세,상해없음,보행자,남,8세,경상
3522,2018050400100391,2018년 5월 4일 16시,금요일,서울특별시 노원구 공릉동,경상사고,0,0,1,0,차대사람 - 기타,안전운전불이행,포장 - 건조,맑음,단일로 - 기타,자전거,남,82세,상해없음,보행자,여,39세,경상
3523,2018050400100437,2018년 5월 4일 17시,금요일,서울특별시 중랑구 묵동,중상사고,0,1,0,0,차대사람 - 횡단중,안전운전불이행,포장 - 건조,맑음,교차로 - 교차로안,승용,여,39세,상해없음,보행자,여,73세,중상
3524,2018050400100438,2018년 5월 4일 17시,금요일,서울특별시 구로구 개봉동,경상사고,0,0,2,0,차대사람 - 횡단중,안전운전불이행,포장 - 건조,맑음,단일로 - 기타,이륜,남,40세,경상,보행자,남,13세,경상
3525,2018050400100439,2018년 5월 4일 17시,금요일,서울특별시 구로구 구로동,중상사고,0,1,0,0,차대사람 - 횡단중,안전운전불이행,포장 - 건조,맑음,단일로 - 기타,이륜,남,17세,상해없음,보행자,남,67세,중상
3526,2018050400100442,2018년 5월 4일 17시,금요일,서울특별시 노원구 공릉동,부상신고사고,0,0,0,1,차대사람 - 기타,안전운전불이행,포장 - 건조,맑음,단일로 - 기타,승용,여,58세,상해없음,보행자,남,61세,부상신고
3527,2018050400100492,2018년 5월 4일 18시,금요일,서울특별시 성북구 길음동,경상사고,0,0,1,0,차대사람 - 횡단중,신호위반,포장 - 건조,맑음,단일로 - 기타,개인형이동수단(PM),남,22세,상해없음,보행자,여,7세,경상
3528,2018050400100495,2018년 5월 4일 18시,금요일,서울특별시 성동구 옥수동,중상사고,0,1,0,0,차대사람 - 횡단중,안전운전불이행,포장 - 건조,맑음,단일로 - 기타,승용,남,57세,상해없음,보행자,여,63세,중상
3529,2018050400100537,2018년 5월 4일 19시,금요일,서울특별시 강동구 천호동,중상사고,0,1,0,0,차대사람 - 기타,안전운전불이행,포장 - 건조,맑음,교차로 - 교차로부근,승용,남,34세,상해없음,보행자,여,56세,중상
3530,2018050400100578,2018년 5월 4일 20시,금요일,서울특별시 성북구 길음동,경상사고,0,0,1,0,차대사람 - 기타,안전운전불이행,포장 - 건조,맑음,단일로 - 기타,승합,남,63세,상해없음,보행자,남,82세,경상
3531,2018050400100579,2018년 5월 4일 20시,금요일,서울특별시 강북구 수유동,중상사고,0,1,1,0,차대사람 - 차도통행중,안전운전불이행,포장 - 건조,맑음,단일로 - 기타,사륜오토바이(ATV),남,64세,경상,보행자,여,55세,중상
3532,2018050400100580,2018년 5월 4일 20시,금요일,서울특별시 동작구 대방동,경상사고,0,0,1,0,차대사람 - 횡단중,보행자보호의무위반,포장 - 건조,맑음,교차로 - 교차로부근,이륜,남,19세,상해없음,보행자,여,18세,경상
3533,2018050400100582,2018년 5월 4일 20시,금요일,서울특별시 구로구 오류동,중상사고,0,1,1,0,차대사람 - 횡단중,안전운전불이행,포장 - 건조,맑음,교차로 - 교차로부근,이륜,남,18세,경상,보행자,여,54세,중상
3534,2018050400100620,2018년 5월 4일 21시,금요일,서울특별시 도봉구 창동,중상사고,0,1,0,0,차대사람 - 기타,안전운전불이행,포장 - 기타,맑음,단일로 - 기타,승용,남,71세,상해없음,보행자,여,27세,중상
3535,2018050400100663,2018년 5월 4일 22시,금요일,서울특별시 노원구 상계동,중상사고,0,1,0,0,차대사람 - 기타,안전운전불이행,포장 - 건조,맑음,교차로 - 교차로부근,승용,남,48세,상해없음,보행자,남,27세,중상
3536,2018050400100685,2018년 5월 4일 23시,금요일,서울특별시 용산구 용산동2가,경상사고,0,0,1,0,차대사람 - 길가장자리구역통행중,안전운전불이행,포장 - 건조,맑음,단일로 - 기타,승용,남,37세,상해없음,보행자,남,25세,경상
3537,2018050400100687,2018년 5월 4일 23시,금요일,서울특별시 동대문구 장안동,경상사고,0,0,1,0,차대사람 - 길가장자리구역통행중,안전운전불이행,포장 - 건조,맑음,교차로 - 교차로부근,화물,남,52세,상해없음,보행자,남,61세,경상
3538,2018050500100001,2018년 5월 5일 00시,토요일,서울특별시 중구 명동2가,중상사고,0,1,0,0,차대사람 - 기타,안전운전불이행,포장 - 건조,맑음,교차로 - 교차로안,승용,여,52세,상해없음,보행자,남,38세,중상
3539,2018050500100027,2018년 5월 5일 01시,토요일,서울특별시 중랑구 면목동,경상사고,0,0,1,0,차대사람 - 기타,안전운전불이행,포장 - 건조,맑음,단일로 - 기타,승용,남,49세,상해없음,보행자,여,51세,경상
3540,2018050500100028,2018년 5월 5일 01시,토요일,서울특별시 강남구 역삼동,경상사고,0,0,1,0,차대사람 - 기타,안전운전불이행,포장 - 건조,맑음,단일로 - 기타,승용,남,61세,상해없음,보행자,남,29세,경상
3541,2018050500100045,2018년 5월 5일 02시,토요일,서울특별시 중구 신당동,경상사고,0,0,1,0,차대사람 - 기타,안전운전불이행,포장 - 건조,맑음,단일로 - 기타,승용,남,21세,상해없음,보행자,남,35세,경상
3542,2018050500100046,2018년 5월 5일 02시,토요일,서울특별시 용산구 이태원동,경상사고,0,0,1,0,차대사람 - 길가장자리구역통행중,안전운전불이행,포장 - 건조,맑음,단일로 - 기타,승용,남,33세,상해없음,보행자,남,31세,경상
3543,2018050500100047,2018년 5월 5일 02시,토요일,서울특별시 동대문구 휘경동,부상신고사고,0,0,0,1,차대사람 - 횡단중,안전운전불이행,포장 - 건조,맑음,단일로 - 기타,이륜,남,27세,상해없음,보행자,남,29세,부상신고
3544,2018050500100076,2018년 5월 5일 04시,토요일,서울특별시 송파구 석촌동,중상사고,0,1,0,0,차대사람 - 횡단중,안전운전불이행,포장 - 건조,흐림,단일로 - 기타,이륜,남,18세,상해없음,보행자,남,32세,중상
3545,2018050500100091,2018년 5월 5일 05시,토요일,서울특별시 양천구 목동,경상사고,0,0,1,0,차대사람 - 횡단중,안전운전불이행,포장 - 건조,맑음,단일로 - 기타,승용,남,57세,상해없음,보행자,여,68세,경상
3546,2018050500100136,2018년 5월 5일 08시,토요일,서울특별시 용산구 이태원동,중상사고,0,1,0,0,차대사람 - 차도통행중,안전운전불이행,포장 - 건조,맑음,단일로 - 기타,승용,남,68세,상해없음,보행자,여,87세,중상
3547,2018050500100138,2018년 5월 5일 08시,토요일,서울특별시 성동구 응봉동,경상사고,0,0,1,1,차대사람 - 기타,안전운전불이행,포장 - 건조,맑음,기타 - 기타,자전거,남,72세,경상,보행자,남,24세,부상신고
3548,2018050500100169,2018년 5월 5일 09시,토요일,서울특별시 강동구 천호동,경상사고,0,0,1,0,차대사람 - 기타,안전운전불이행,포장 - 건조,흐림,단일로 - 기타,승용,남,76세,상해없음,보행자,여,27세,경상
3549,2018050500100171,2018년 5월 5일 09시,토요일,서울특별시 구로구 오류동,중상사고,0,1,0,0,차대사람 - 길가장자리구역통행중,안전운전불이행,포장 - 건조,맑음,단일로 - 기타,승용,남,62세,상해없음,보행자,여,71세,중상
3550,2018050500100197,2018년 5월 5일 10시,토요일,서울특별시 용산구 원효로3가,경상사고,0,0,1,0,차대사람 - 길가장자리구역통행중,안전운전불이행,포장 - 건조,맑음,교차로 - 교차로부근,승용,남,56세,상해없음,보행자,남,37세,경상
3551,2018050500100312,2018년 5월 5일 14시,토요일,서울특별시 관악구 봉천동,경상사고,0,0,1,0,차대사람 - 보도통행중,기타,포장 - 건조,맑음,단일로 - 기타,이륜,남,61세,상해없음,보행자,여,8세,경상
3552,2018050500100350,2018년 5월 5일 15시,토요일,서울특별시 마포구 상암동,경상사고,0,0,1,0,차대사람 - 횡단중,신호위반,포장 - 건조,맑음,교차로 - 교차로부근,승용,남,61세,상해없음,보행자,남,41세,경상
3553,2018050500100389,2018년 5월 5일 16시,토요일,서울특별시 강서구 염창동,중상사고,0,1,0,0,차대사람 - 기타,안전운전불이행,포장 - 건조,맑음,단일로 - 기타,자전거,남,37세,상해없음,보행자,여,81세,중상
3554,2018050500100390,2018년 5월 5일 16시,토요일,서울특별시 강동구 상일동,경상사고,0,0,1,0,차대사람 - 기타,안전운전불이행,포장 - 건조,맑음,단일로 - 터널,승용,남,54세,상해없음,보행자,남,59세,경상
3555,2018050500100426,2018년 5월 5일 17시,토요일,서울특별시 금천구 독산동,중상사고,0,1,0,0,차대사람 - 기타,안전운전불이행,포장 - 건조,맑음,단일로 - 기타,승용,여,51세,상해없음,보행자,여,66세,중상
3556,2018050500100541,2018년 5월 5일 20시,토요일,서울특별시 영등포구 신길동,중상사고,0,1,1,0,차대사람 - 길가장자리구역통행중,안전운전불이행,포장 - 건조,맑음,단일로 - 기타,승용,여,47세,상해없음,보행자,여,2세,중상
3557,2018050500100542,2018년 5월 5일 20시,토요일,서울특별시 금천구 독산동,경상사고,0,0,1,0,차대사람 - 횡단중,안전운전불이행,포장 - 건조,맑음,교차로 - 교차로안,승용,여,35세,상해없음,보행자,남,65세,경상
3558,2018050500100543,2018년 5월 5일 20시,토요일,서울특별시 동작구 사당동,경상사고,0,0,1,0,차대사람 - 기타,안전운전불이행,포장 - 건조,맑음,교차로 - 교차로안,승용,여,47세,상해없음,보행자,남,61세,경상
3559,2018050500100602,2018년 5월 5일 22시,토요일,서울특별시 마포구 서교동,경상사고,0,0,1,0,차대사람 - 차도통행중,안전운전불이행,포장 - 건조,맑음,단일로 - 기타,승용,남,26세,상해없음,보행자,여,22세,경상
3560,2018050500100603,2018년 5월 5일 22시,토요일,서울특별시 관악구 봉천동,부상신고사고,0,0,0,1,차대사람 - 차도통행중,안전운전불이행,포장 - 건조,맑음,기타 - 기타,기타불명,기타불명,미분류,기타불명,보행자,남,24세,부상신고
3561,2018050500100628,2018년 5월 5일 23시,토요일,서울특별시 영등포구 대림동,경상사고,0,0,1,0,차대사람 - 기타,기타,포장 - 건조,맑음,단일로 - 기타,승용,남,57세,상해없음,보행자,남,50세,경상
3562,2018050500100630,2018년 5월 5일 23시,토요일,서울특별시 중랑구 상봉동,중상사고,0,1,0,0,차대사람 - 기타,안전운전불이행,포장 - 건조,맑음,단일로 - 기타,승용,남,59세,상해없음,보행자,여,49세,중상
3563,2018050600100006,2018년 5월 6일 00시,일요일,서울특별시 양천구 신월동,경상사고,0,0,1,0,차대사람 - 횡단중,안전운전불이행,포장 - 젖음/습기,비,단일로 - 기타,승용,남,60세,상해없음,보행자,남,52세,경상
3564,2018050600100030,2018년 5월 6일 01시,일요일,서울특별시 노원구 월계동,중상사고,0,1,0,0,차대사람 - 기타,안전운전불이행,포장 - 건조,흐림,기타 - 기타,자전거,남,21세,상해없음,보행자,남,24세,중상
3565,2018050600100041,2018년 5월 6일 02시,일요일,서울특별시 서대문구 창천동,경상사고,0,0,1,0,차대사람 - 기타,안전운전불이행,포장 - 건조,맑음,단일로 - 기타,기타불명,기타불명,미분류,기타불명,보행자,여,25세,경상
3566,2018050600100042,2018년 5월 6일 02시,일요일,서울특별시 은평구 신사동,중상사고,0,1,0,0,차대사람 - 횡단중,안전운전불이행,포장 - 젖음/습기,비,교차로 - 교차로횡단보도내,승용,남,48세,상해없음,보행자,여,83세,중상
3567,2018050600100061,2018년 5월 6일 03시,일요일,서울특별시 중구 만리동2가,경상사고,0,0,1,0,차대사람 - 횡단중,불법유턴,포장 - 젖음/습기,비,교차로 - 교차로부근,승용,남,56세,상해없음,보행자,남,54세,경상
3568,2018050600100062,2018년 5월 6일 03시,일요일,서울특별시 마포구 서교동,경상사고,0,0,1,0,차대사람 - 기타,안전운전불이행,포장 - 젖음/습기,비,교차로 - 교차로부근,승용,여,47세,상해없음,보행자,여,23세,경상
3569,2018050600100065,2018년 5월 6일 03시,일요일,서울특별시 송파구 삼전동,중상사고,0,1,0,0,차대사람 - 길가장자리구역통행중,안전운전불이행,포장 - 젖음/습기,비,교차로 - 교차로부근,승용,여,42세,상해없음,보행자,여,29세,중상
3570,2018050600100075,2018년 5월 6일 04시,일요일,서울특별시 강북구 수유동,중상사고,0,1,0,0,차대사람 - 횡단중,안전운전불이행,포장 - 젖음/습기,비,단일로 - 기타,승용,남,64세,상해없음,보행자,여,66세,중상
3571,2018050600100114,2018년 5월 6일 08시,일요일,서울특별시 서초구 잠원동,경상사고,0,0,1,0,차대사람 - 기타,안전운전불이행,포장 - 젖음/습기,비,단일로 - 기타,승용,남,58세,상해없음,보행자,남,35세,경상
3572,2018050600100197,2018년 5월 6일 13시,일요일,서울특별시 영등포구 영등포동3가,경상사고,0,0,1,0,차대사람 - 횡단중,안전운전불이행,포장 - 젖음/습기,흐림,단일로 - 기타,이륜,남,34세,상해없음,보행자,여,21세,경상
3573,2018050600100259,2018년 5월 6일 15시,일요일,서울특별시 은평구 응암동,경상사고,0,0,1,0,차대사람 - 보도통행중,기타,포장 - 건조,맑음,교차로 - 교차로부근,승용,남,57세,상해없음,보행자,여,38세,경상
3574,2018050600100275,2018년 5월 6일 16시,일요일,서울특별시 도봉구 쌍문동,중상사고,0,1,0,0,차대사람 - 차도통행중,안전운전불이행,포장 - 건조,맑음,단일로 - 기타,승용,남,64세,상해없음,보행자,남,53세,중상
3575,2018050600100293,2018년 5월 6일 17시,일요일,서울특별시 서대문구 연희동,경상사고,0,0,1,0,차대사람 - 횡단중,안전운전불이행,포장 - 건조,맑음,교차로 - 교차로횡단보도내,승용,남,31세,기타불명,보행자,남,20세,경상
3576,2018050600100364,2018년 5월 6일 20시,일요일,서울특별시 중구 신당동,중상사고,0,1,0,0,차대사람 - 기타,안전운전불이행,포장 - 건조,맑음,단일로 - 기타,승용,남,64세,기타불명,보행자,남,19세,중상
3577,2018050600100384,2018년 5월 6일 21시,일요일,서울특별시 강북구 미아동,경상사고,0,0,1,0,차대사람 - 횡단중,안전운전불이행,포장 - 건조,맑음,단일로 - 기타,승용,남,71세,상해없음,보행자,남,69세,경상
3578,2018050600100407,2018년 5월 6일 22시,일요일,서울특별시 구로구 구로동,경상사고,0,0,1,0,차대사람 - 길가장자리구역통행중,안전운전불이행,포장 - 건조,맑음,단일로 - 기타,승용,남,34세,상해없음,보행자,여,11세,경상
3579,2018050700100041,2018년 5월 7일 03시,월요일,서울특별시 마포구 서교동,경상사고,0,0,1,0,차대사람 - 횡단중,보행자보호의무위반,포장 - 건조,맑음,단일로 - 기타,승용,남,23세,상해없음,보행자,여,23세,경상
3580,2018050700100042,2018년 5월 7일 03시,월요일,서울특별시 서대문구 창천동,경상사고,0,0,1,0,차대사람 - 기타,안전운전불이행,포장 - 건조,맑음,교차로 - 교차로부근,승용,남,51세,상해없음,보행자,남,24세,경상
3581,2018050700100051,2018년 5월 7일 04시,월요일,서울특별시 광진구 중곡동,경상사고,0,0,1,0,차대사람 - 기타,안전운전불이행,포장 - 건조,기타,교차로 - 교차로부근,승용,여,29세,상해없음,보행자,남,36세,경상
3582,2018050700100052,2018년 5월 7일 04시,월요일,서울특별시 노원구 상계동,중상사고,0,1,0,0,차대사람 - 횡단중,안전운전불이행,포장 - 건조,맑음,교차로 - 교차로부근,승용,남,43세,상해없음,보행자,남,21세,중상
3583,2018050700100086,2018년 5월 7일 07시,월요일,서울특별시 관악구 신림동,경상사고,0,0,2,0,차대사람 - 기타,안전운전불이행,포장 - 건조,맑음,교차로 - 교차로안,승용,남,74세,상해없음,보행자,여,44세,경상
3584,2018050700100133,2018년 5월 7일 10시,월요일,서울특별시 관악구 신림동,경상사고,0,0,1,0,차대사람 - 기타,보행자보호의무위반,포장 - 건조,맑음,교차로 - 교차로횡단보도내,자전거,여,67세,상해없음,보행자,여,24세,경상
3585,2018050700100136,2018년 5월 7일 10시,월요일,서울특별시 노원구 월계동,경상사고,0,0,1,0,차대사람 - 횡단중,신호위반,포장 - 건조,맑음,단일로 - 기타,승용,남,36세,상해없음,보행자,남,38세,경상
3586,2018050700100156,2018년 5월 7일 11시,월요일,서울특별시 동대문구 장안동,중상사고,0,1,0,0,차대사람 - 기타,안전운전불이행,포장 - 건조,맑음,교차로 - 교차로부근,승용,남,34세,상해없음,보행자,여,55세,중상
3587,2018050700100216,2018년 5월 7일 13시,월요일,서울특별시 동대문구 제기동,중상사고,0,1,0,0,차대사람 - 횡단중,안전운전불이행,포장 - 건조,맑음,단일로 - 기타,승용,남,60세,상해없음,보행자,여,55세,중상
3588,2018050700100302,2018년 5월 7일 16시,월요일,서울특별시 성북구 정릉동,중상사고,0,1,0,0,차대사람 - 횡단중,과속,포장 - 건조,맑음,단일로 - 기타,승용,남,30세,상해없음,보행자,여,65세,중상
3589,2018050700100305,2018년 5월 7일 16시,월요일,서울특별시 강남구 신사동,경상사고,0,0,1,0,차대사람 - 길가장자리구역통행중,안전운전불이행,포장 - 건조,맑음,단일로 - 기타,이륜,남,39세,상해없음,보행자,여,36세,경상
3590,2018050700100346,2018년 5월 7일 17시,월요일,서울특별시 양천구 목동,경상사고,0,0,1,0,차대사람 - 기타,안전운전불이행,포장 - 건조,맑음,교차로 - 교차로부근,승용,남,46세,상해없음,보행자,여,5세,경상
3591,2018050700100415,2018년 5월 7일 19시,월요일,서울특별시 영등포구 대림동,경상사고,0,0,1,0,차대사람 - 기타,안전운전불이행,포장 - 건조,맑음,단일로 - 기타,승용,남,72세,상해없음,보행자,여,52세,경상
3592,2018050700100483,2018년 5월 7일 21시,월요일,서울특별시 동작구 노량진동,경상사고,0,0,1,0,차대사람 - 기타,안전운전불이행,포장 - 건조,맑음,단일로 - 기타,승용,남,49세,상해없음,보행자,남,49세,경상
3593,2018050700100485,2018년 5월 7일 21시,월요일,서울특별시 송파구 잠실동,경상사고,0,0,1,0,차대사람 - 기타,안전운전불이행,포장 - 건조,맑음,단일로 - 기타,승용,남,49세,상해없음,보행자,여,32세,경상
3594,2018050700100516,2018년 5월 7일 22시,월요일,서울특별시 양천구 목동,경상사고,0,0,1,0,차대사람 - 횡단중,보행자보호의무위반,포장 - 건조,맑음,교차로 - 교차로부근,승용,남,61세,상해없음,보행자,여,21세,경상
3595,2018050700100536,2018년 5월 7일 23시,월요일,서울특별시 종로구 평창동,부상신고사고,0,0,0,3,차대사람 - 보도통행중,안전운전불이행,포장 - 건조,맑음,단일로 - 지하차도(도로)내,승용,여,51세,부상신고,보행자,남,29세,부상신고
3596,2018050800100002,2018년 5월 8일 00시,화요일,서울특별시 강북구 수유동,경상사고,0,0,1,0,차대사람 - 기타,안전운전불이행,포장 - 건조,맑음,단일로 - 기타,승용,남,60세,상해없음,보행자,남,44세,경상
3597,2018050800100021,2018년 5월 8일 01시,화요일,서울특별시 마포구 망원동,경상사고,0,0,1,0,차대사람 - 길가장자리구역통행중,안전운전불이행,포장 - 건조,맑음,단일로 - 기타,승용,여,58세,상해없음,보행자,여,23세,경상
3598,2018050800100065,2018년 5월 8일 07시,화요일,서울특별시 동대문구 장안동,중상사고,0,1,0,0,차대사람 - 기타,보행자보호의무위반,포장 - 건조,맑음,단일로 - 기타,승용,여,56세,기타불명,보행자,여,81세,중상