,사고번호,사고일시,요일,시군구,사고내용,사망자수,중상자수,경상자수,부상신고자수,사고유형,법규위반,노면상태,기상상태,도로형태,가해운전자 차종,가해운전자 성별,가해운전자 연령,가해운전자 상해정도,피해운전자 차종,피해운전자 성별,피해운전자 연령,피해운전자 상해정도
3599,2018050800100066,2018년 5월 8일 07시,화요일,서울특별시 동대문구 휘경동,경상사고,0,0,1,0,차대사람 - 횡단중,신호위반,포장 - 건조,맑음,교차로 - 교차로횡단보도내,승용,남,29세,상해없음,보행자,여,15세,경상
3600,2018050800100067,2018년 5월 8일 07시,화요일,서울특별시 송파구 풍납동,중상사고,0,1,0,0,차대사람 - 기타,안전운전불이행,포장 - 건조,맑음,단일로 - 기타,자전거,남,15세,상해없음,보행자,여,46세,중상
3601,2018050800100088,2018년 5월 8일 08시,화요일,서울특별시 동대문구 장안동,중상사고,0,1,0,0,차대사람 - 기타,신호위반,포장 - 건조,맑음,교차로 - 교차로횡단보도내,승합,남,53세,상해없음,보행자,여,52세,중상
3602,2018050800100089,2018년 5월 8일 08시,화요일,서울특별시 광진구 광장동,경상사고,0,0,1,0,차대사람 - 차도통행중,안전운전불이행,포장 - 건조,맑음,단일로 - 기타,승용,남,64세,상해없음,보행자,여,51세,경상
3603,2018050800100130,2018년 5월 8일 09시,화요일,서울특별시 구로구 가리봉동,경상사고,0,0,1,0,차대사람 - 기타,안전운전불이행,포장 - 건조,맑음,단일로 - 기타,승용,남,73세,상해없음,보행자,여,69세,경상
3604,2018050800100166,2018년 5월 8일 10시,화요일,서울특별시 양천구 목동,경상사고,0,0,2,0,차대사람 - 횡단중,보행자보호의무위반,포장 - 건조,맑음,단일로 - 기타,승용,남,31세,상해없음,보행자,남,50세,경상
3605,2018050800100167,2018년 5월 8일 10시,화요일,서울특별시 노원구 상계동,중상사고,0,1,0,0,차대사람 - 길가장자리구역통행중,안전운전불이행,포장 - 건조,맑음,단일로 - 지하차도(도로)내,승용,남,40세,기타불명,보행자,남,36세,중상
3606,2018050800100193,2018년 5월 8일 11시,화요일,서울특별시 중구 명동2가,중상사고,0,1,0,0,차대사람 - 차도통행중,안전운전불이행,포장 - 건조,맑음,단일로 - 기타,승용,남,44세,상해없음,보행자,여,56세,중상
3607,2018050800100194,2018년 5월 8일 11시,화요일,서울특별시 금천구 독산동,중상사고,0,1,0,0,차대사람 - 기타,안전운전불이행,포장 - 건조,맑음,단일로 - 기타,승합,남,60세,상해없음,보행자,남,83세,중상
3608,2018050800100195,2018년 5월 8일 11시,화요일,서울특별시 중랑구 면목동,중상사고,0,1,0,0,차대사람 - 보도통행중,보행자보호의무위반,포장 - 건조,맑음,교차로 - 교차로횡단보도내,승용,남,43세,상해없음,보행자,여,35세,중상
3609,2018050800100196,2018년 5월 8일 11시,화요일,서울특별시 강남구 역삼동,중상사고,0,1,0,0,차대사람 - 길가장자리구역통행중,안전운전불이행,포장 - 건조,맑음,기타 - 기타,승용,남,35세,상해없음,보행자,여,43세,중상
3610,2018050800100198,2018년 5월 8일 11시,화요일,서울특별시 노원구 월계동,경상사고,0,0,1,0,차대사람 - 횡단중,신호위반,포장 - 건조,맑음,교차로 - 교차로안,승합,남,68세,상해없음,보행자,여,70세,경상
3611,2018050800100314,2018년 5월 8일 15시,화요일,서울특별시 강남구 청담동,경상사고,0,0,1,0,차대사람 - 기타,안전거리미확보,포장 - 건조,흐림,단일로 - 기타,승용,여,71세,상해없음,보행자,남,70세,경상
3612,2018050800100317,2018년 5월 8일 15시,화요일,서울특별시 서초구 서초동,경상사고,0,0,1,0,차대사람 - 기타,안전운전불이행,포장 - 건조,맑음,단일로 - 기타,승합,남,82세,상해없음,보행자,남,40세,경상
3613,2018050800100354,2018년 5월 8일 16시,화요일,서울특별시 동작구 대방동,중상사고,0,1,0,0,차대사람 - 횡단중,안전운전불이행,포장 - 건조,맑음,교차로 - 교차로횡단보도내,승용,남,30세,상해없음,보행자,여,18세,중상
3614,2018050800100395,2018년 5월 8일 17시,화요일,서울특별시 강서구 화곡동,경상사고,0,0,1,0,차대사람 - 기타,보행자보호의무위반,포장 - 건조,맑음,교차로 - 교차로횡단보도내,승용,여,38세,상해없음,보행자,여,8세,경상
3615,2018050800100396,2018년 5월 8일 17시,화요일,서울특별시 강서구 화곡동,중상사고,0,1,0,0,차대사람 - 기타,안전운전불이행,포장 - 건조,맑음,교차로 - 교차로부근,승용,남,54세,상해없음,보행자,여,17세,중상
3616,2018050800100399,2018년 5월 8일 17시,화요일,서울특별시 도봉구 방학동,중상사고,0,1,0,0,차대사람 - 차도통행중,안전운전불이행,포장 - 건조,맑음,단일로 - 기타,승용,남,78세,상해없음,보행자,여,56세,중상
3617,2018050800100524,2018년 5월 8일 20시,화요일,서울특별시 종로구 종로3가,중상사고,0,1,0,0,차대사람 - 차도통행중,안전운전불이행,포장 - 건조,맑음,단일로 - 기타,승용,남,57세,상해없음,보행자,여,60세,중상
3618,2018050800100526,2018년 5월 8일 20시,화요일,서울특별시 금천구 독산동,중상사고,0,1,0,0,차대사람 - 기타,안전운전불이행,포장 - 건조,맑음,교차로 - 교차로부근,승용,남,62세,상해없음,보행자,남,41세,중상
3619,2018050800100533,2018년 5월 8일 20시,화요일,서울특별시 은평구 갈현동,경상사고,0,0,1,0,차대사람 - 차도통행중,안전운전불이행,포장 - 건조,맑음,단일로 - 기타,승용,남,26세,상해없음,보행자,여,14세,경상
3620,2018050800100585,2018년 5월 8일 22시,화요일,서울특별시 성북구 하월곡동,부상신고사고,0,0,0,1,차대사람 - 횡단중,안전운전불이행,포장 - 건조,맑음,교차로 - 교차로부근,승용,남,69세,상해없음,보행자,남,30세,부상신고
3621,2018050800100606,2018년 5월 8일 23시,화요일,서울특별시 노원구 공릉동,경상사고,0,0,1,0,차대사람 - 기타,안전운전불이행,포장 - 건조,맑음,주차장 - 주차장,승용,남,69세,상해없음,보행자,남,29세,경상
3622,2018050900100001,2018년 5월 9일 00시,수요일,서울특별시 동작구 노량진동,경상사고,0,0,1,0,차대사람 - 길가장자리구역통행중,안전운전불이행,포장 - 건조,맑음,단일로 - 기타,승용,남,27세,상해없음,보행자,남,24세,경상
3623,2018050900100022,2018년 5월 9일 02시,수요일,서울특별시 강남구 역삼동,중상사고,0,1,0,0,차대사람 - 횡단중,안전운전불이행,포장 - 건조,맑음,단일로 - 기타,이륜,남,33세,상해없음,보행자,여,28세,중상
3624,2018050900100056,2018년 5월 9일 07시,수요일,서울특별시 양천구 신정동,중상사고,0,1,0,0,차대사람 - 기타,안전운전불이행,포장 - 건조,맑음,교차로 - 교차로부근,승용,남,63세,상해없음,보행자,여,75세,중상
3625,2018050900100086,2018년 5월 9일 08시,수요일,서울특별시 관악구 신림동,중상사고,0,1,0,0,차대사람 - 차도통행중,안전운전불이행,포장 - 건조,맑음,교차로 - 교차로안,승용,남,29세,상해없음,보행자,남,10세,중상
3626,2018050900100091,2018년 5월 9일 08시,수요일,서울특별시 서초구 우면동,경상사고,0,0,1,0,차대사람 - 기타,안전운전불이행,포장 - 건조,맑음,기타 - 기타,승용,남,58세,상해없음,보행자,남,53세,경상
3627,2018050900100143,2018년 5월 9일 09시,수요일,서울특별시 동작구 신대방동,경상사고,0,0,1,0,차대사람 - 기타,안전운전불이행,포장 - 건조,맑음,교차로 - 교차로안,기타불명,기타불명,미분류,기타불명,보행자,남,40세,경상
3628,2018050900100170,2018년 5월 9일 10시,수요일,서울특별시 성동구 마장동,경상사고,0,0,1,0,차대사람 - 기타,안전운전불이행,포장 - 건조,맑음,단일로 - 기타,승용,남,63세,상해없음,보행자,여,64세,경상
3629,2018050900100192,2018년 5월 9일 11시,수요일,서울특별시 중구 예장동,중상사고,0,1,0,0,차대사람 - 기타,안전운전불이행,포장 - 건조,맑음,단일로 - 터널,승용,남,73세,상해없음,보행자,남,51세,중상
3630,2018050900100193,2018년 5월 9일 11시,수요일,서울특별시 강북구 수유동,중상사고,0,1,0,0,차대사람 - 차도통행중,안전운전불이행,포장 - 건조,맑음,교차로 - 교차로안,승용,남,65세,상해없음,보행자,여,59세,중상
3631,2018050900100196,2018년 5월 9일 11시,수요일,서울특별시 서초구 염곡동,중상사고,0,2,0,0,차대사람 - 횡단중,보행자보호의무위반,포장 - 건조,맑음,교차로 - 교차로부근,승합,남,50세,상해없음,보행자,여,71세,중상
3632,2018050900100224,2018년 5월 9일 12시,수요일,서울특별시 강서구 화곡동,경상사고,0,0,1,0,차대사람 - 횡단중,신호위반,포장 - 건조,맑음,교차로 - 교차로안,승용,여,50세,상해없음,보행자,남,59세,경상
3633,2018050900100257,2018년 5월 9일 13시,수요일,서울특별시 중구 남창동,부상신고사고,0,0,0,1,차대사람 - 차도통행중,안전운전불이행,포장 - 건조,맑음,단일로 - 기타,승용,남,59세,상해없음,보행자,남,54세,부상신고
3634,2018050900100260,2018년 5월 9일 13시,수요일,서울특별시 관악구 봉천동,경상사고,0,0,1,0,차대사람 - 기타,안전운전불이행,포장 - 건조,맑음,단일로 - 기타,화물,남,45세,상해없음,보행자,남,52세,경상
3635,2018050900100262,2018년 5월 9일 13시,수요일,서울특별시 구로구 고척동,중상사고,0,1,0,0,차대사람 - 횡단중,안전운전불이행,포장 - 건조,맑음,단일로 - 기타,승용,남,30세,상해없음,보행자,여,80세,중상
3636,2018050900100298,2018년 5월 9일 14시,수요일,서울특별시 강서구 화곡동,경상사고,0,0,1,0,차대사람 - 횡단중,안전운전불이행,포장 - 건조,맑음,단일로 - 기타,승용,남,32세,상해없음,보행자,남,70세,경상
3637,2018050900100299,2018년 5월 9일 14시,수요일,서울특별시 강동구 암사동,경상사고,0,0,1,0,차대사람 - 기타,기타,포장 - 건조,맑음,단일로 - 기타,승용,남,78세,상해없음,보행자,여,66세,경상
3638,2018050900100333,2018년 5월 9일 15시,수요일,서울특별시 관악구 봉천동,중상사고,0,1,0,0,차대사람 - 횡단중,안전운전불이행,포장 - 건조,맑음,교차로 - 교차로부근,승용,남,58세,상해없음,보행자,남,72세,중상
3639,2018050900100335,2018년 5월 9일 15시,수요일,서울특별시 송파구 신천동,중상사고,0,1,0,0,차대사람 - 기타,안전운전불이행,포장 - 건조,맑음,단일로 - 기타,원동기,남,39세,상해없음,보행자,남,30세,중상
3640,2018050900100375,2018년 5월 9일 16시,수요일,서울특별시 도봉구 창동,경상사고,0,0,1,0,차대사람 - 차도통행중,안전운전불이행,포장 - 건조,맑음,교차로 - 교차로안,승용,여,49세,상해없음,보행자,남,11세,경상
3641,2018050900100406,2018년 5월 9일 17시,수요일,서울특별시 종로구 평창동,경상사고,0,0,1,0,차대사람 - 기타,안전운전불이행,포장 - 건조,맑음,단일로 - 기타,이륜,남,21세,상해없음,보행자,여,37세,경상
3642,2018050900100409,2018년 5월 9일 17시,수요일,서울특별시 강북구 우이동,경상사고,0,0,1,0,차대사람 - 차도통행중,안전운전불이행,포장 - 건조,맑음,단일로 - 기타,화물,남,52세,상해없음,보행자,남,67세,경상
3643,2018050900100411,2018년 5월 9일 17시,수요일,서울특별시 금천구 시흥동,중상사고,0,1,0,0,차대사람 - 차도통행중,안전운전불이행,포장 - 건조,맑음,단일로 - 기타,승용,남,67세,상해없음,보행자,남,46세,중상
3644,2018050900100415,2018년 5월 9일 17시,수요일,서울특별시 노원구 중계동,경상사고,0,0,1,0,차대사람 - 차도통행중,중앙선침범,포장 - 건조,맑음,교차로 - 교차로안,승용,여,46세,상해없음,보행자,여,52세,경상
3645,2018050900100462,2018년 5월 9일 18시,수요일,서울특별시 강북구 미아동,경상사고,0,0,1,0,차대사람 - 횡단중,보행자보호의무위반,포장 - 건조,맑음,단일로 - 기타,자전거,남,43세,상해없음,보행자,여,53세,경상
3646,2018050900100463,2018년 5월 9일 18시,수요일,서울특별시 동대문구 답십리동,부상신고사고,0,0,0,1,차대사람 - 기타,안전운전불이행,포장 - 건조,맑음,단일로 - 기타,화물,남,56세,상해없음,보행자,남,58세,부상신고
3647,2018050900100503,2018년 5월 9일 19시,수요일,서울특별시 금천구 독산동,경상사고,0,0,1,0,차대사람 - 기타,안전운전불이행,포장 - 건조,맑음,단일로 - 기타,승용,남,29세,상해없음,보행자,남,28세,경상
3648,2018050900100535,2018년 5월 9일 20시,수요일,서울특별시 송파구 잠실동,중상사고,0,1,0,0,차대사람 - 길가장자리구역통행중,안전운전불이행,포장 - 건조,맑음,단일로 - 기타,이륜,남,22세,상해없음,보행자,여,76세,중상
3649,2018050900100555,2018년 5월 9일 21시,수요일,서울특별시 관악구 신림동,경상사고,0,0,1,0,차대사람 - 기타,안전운전불이행,포장 - 건조,맑음,기타 - 기타,승용,남,28세,상해없음,보행자,여,57세,경상
3650,2018050900100556,2018년 5월 9일 21시,수요일,서울특별시 관악구 신림동,중상사고,0,1,0,0,차대사람 - 횡단중,신호위반,포장 - 건조,맑음,교차로 - 교차로횡단보도내,승용,여,53세,상해없음,보행자,남,25세,중상
3651,2018050900100560,2018년 5월 9일 21시,수요일,서울특별시 노원구 상계동,중상사고,0,1,0,0,차대사람 - 기타,안전운전불이행,포장 - 건조,맑음,교차로 - 교차로안,승용,남,60세,상해없음,보행자,여,76세,중상
3652,2018050900100598,2018년 5월 9일 22시,수요일,서울특별시 영등포구 영등포동3가,경상사고,0,0,1,0,차대사람 - 기타,안전운전불이행,포장 - 건조,맑음,단일로 - 기타,승용,여,53세,상해없음,보행자,남,33세,경상
3653,2018050900100600,2018년 5월 9일 22시,수요일,서울특별시 관악구 신림동,경상사고,0,0,1,0,차대사람 - 횡단중,안전운전불이행,포장 - 건조,맑음,단일로 - 기타,승용,남,68세,상해없음,보행자,남,23세,경상
3654,2018051000100005,2018년 5월 10일 00시,목요일,서울특별시 강남구 논현동,경상사고,0,0,1,0,차대사람 - 길가장자리구역통행중,안전운전불이행,포장 - 건조,맑음,교차로 - 교차로안,승용,남,43세,상해없음,보행자,여,23세,경상
3655,2018051000100011,2018년 5월 10일 00시,목요일,서울특별시 강남구 개포동,부상신고사고,0,0,0,2,차대사람 - 기타,안전운전불이행,포장 - 건조,맑음,단일로 - 기타,자전거,남,35세,부상신고,보행자,여,41세,부상신고
3656,2018051000100022,2018년 5월 10일 01시,목요일,서울특별시 성동구 행당동,경상사고,0,0,1,0,차대사람 - 길가장자리구역통행중,안전운전불이행,포장 - 건조,맑음,단일로 - 기타,기타불명,기타불명,미분류,기타불명,보행자,남,44세,경상
3657,2018051000100055,2018년 5월 10일 06시,목요일,서울특별시 은평구 신사동,경상사고,0,0,1,0,차대사람 - 횡단중,안전운전불이행,포장 - 건조,맑음,교차로 - 교차로부근,승용,남,37세,상해없음,보행자,남,33세,경상
3658,2018051000100076,2018년 5월 10일 07시,목요일,서울특별시 송파구 잠실동,중상사고,0,1,0,0,차대사람 - 보도통행중,안전운전불이행,포장 - 건조,맑음,단일로 - 기타,자전거,기타불명,미분류,기타불명,보행자,여,41세,중상
3659,2018051000100097,2018년 5월 10일 08시,목요일,서울특별시 강북구 번동,경상사고,0,0,1,0,차대사람 - 횡단중,신호위반,포장 - 건조,맑음,교차로 - 교차로안,승합,남,68세,상해없음,보행자,여,63세,경상
3660,2018051000100099,2018년 5월 10일 08시,목요일,서울특별시 광진구 광장동,중상사고,0,1,0,0,차대사람 - 횡단중,신호위반,포장 - 건조,맑음,교차로 - 교차로횡단보도내,승용,남,77세,상해없음,보행자,여,24세,중상
3661,2018051000100106,2018년 5월 10일 08시,목요일,서울특별시 강남구 수서동,경상사고,0,0,1,0,차대사람 - 횡단중,안전운전불이행,포장 - 건조,맑음,교차로 - 교차로안,승용,여,26세,상해없음,보행자,여,76세,경상
3662,2018051000100181,2018년 5월 10일 10시,목요일,서울특별시 중구 초동,경상사고,0,0,1,0,차대사람 - 길가장자리구역통행중,안전운전불이행,포장 - 건조,맑음,단일로 - 기타,이륜,남,60세,상해없음,보행자,남,78세,경상
3663,2018051000100211,2018년 5월 10일 11시,목요일,서울특별시 강동구 길동,중상사고,0,1,0,0,차대사람 - 기타,기타,포장 - 건조,맑음,기타 - 기타,승용,여,62세,상해없음,보행자,여,42세,중상
3664,2018051000100246,2018년 5월 10일 12시,목요일,서울특별시 동대문구 답십리동,중상사고,0,1,0,0,차대사람 - 횡단중,신호위반,포장 - 건조,맑음,교차로 - 교차로안,승용,남,24세,상해없음,보행자,여,59세,중상
3665,2018051000100249,2018년 5월 10일 12시,목요일,서울특별시 중랑구 신내동,중상사고,0,2,0,0,차대사람 - 횡단중,보행자보호의무위반,포장 - 건조,맑음,교차로 - 교차로횡단보도내,화물,남,36세,상해없음,보행자,여,60세,중상
3666,2018051000100254,2018년 5월 10일 12시,목요일,서울특별시 도봉구 창동,경상사고,0,0,1,0,차대사람 - 길가장자리구역통행중,안전운전불이행,포장 - 건조,맑음,단일로 - 기타,화물,남,74세,상해없음,보행자,남,19세,경상
3667,2018051000100279,2018년 5월 10일 13시,목요일,서울특별시 중구 남대문로4가,경상사고,0,0,1,0,차대사람 - 보도통행중,기타,포장 - 건조,맑음,기타 - 기타,승용,남,57세,상해없음,보행자,남,28세,경상
3668,2018051000100281,2018년 5월 10일 13시,목요일,서울특별시 동대문구 신설동,중상사고,0,1,0,0,차대사람 - 기타,안전운전불이행,포장 - 건조,맑음,단일로 - 기타,화물,남,58세,상해없음,보행자,남,61세,중상
3669,2018051000100282,2018년 5월 10일 13시,목요일,서울특별시 마포구 아현동,경상사고,0,0,1,0,차대사람 - 횡단중,보행자보호의무위반,포장 - 건조,맑음,교차로 - 교차로부근,승용,여,38세,상해없음,보행자,여,6세,경상
3670,2018051000100284,2018년 5월 10일 13시,목요일,서울특별시 강남구 청담동,경상사고,0,0,2,0,차대사람 - 기타,안전운전불이행,포장 - 건조,맑음,교차로 - 교차로부근,승용,여,40세,상해없음,보행자,남,49세,경상
3671,2018051000100346,2018년 5월 10일 15시,목요일,서울특별시 용산구 한남동,경상사고,0,0,1,0,차대사람 - 길가장자리구역통행중,안전운전불이행,포장 - 건조,맑음,단일로 - 기타,승용,남,71세,상해없음,보행자,여,75세,경상
3672,2018051000100350,2018년 5월 10일 15시,목요일,서울특별시 강남구 신사동,경상사고,0,0,1,0,차대사람 - 기타,보행자보호의무위반,포장 - 건조,맑음,교차로 - 교차로횡단보도내,승용,여,67세,상해없음,보행자,남,69세,경상
3673,2018051000100425,2018년 5월 10일 17시,목요일,서울특별시 금천구 가산동,중상사고,0,1,0,0,차대사람 - 기타,신호위반,포장 - 건조,맑음,교차로 - 교차로부근,승용,여,34세,상해없음,보행자,남,56세,중상
3674,2018051000100482,2018년 5월 10일 18시,목요일,서울특별시 강남구 대치동,경상사고,0,0,1,0,차대사람 - 길가장자리구역통행중,안전운전불이행,포장 - 건조,맑음,단일로 - 기타,승용,남,82세,상해없음,보행자,여,37세,경상
3675,2018051000100557,2018년 5월 10일 20시,목요일,서울특별시 노원구 상계동,중상사고,0,1,0,0,차대사람 - 횡단중,보행자보호의무위반,포장 - 건조,맑음,교차로 - 교차로부근,승용,여,64세,상해없음,보행자,여,26세,중상
3676,2018051000100586,2018년 5월 10일 21시,목요일,서울특별시 서대문구 충정로3가,경상사고,0,0,2,0,차대사람 - 길가장자리구역통행중,안전운전불이행,포장 - 건조,흐림,단일로 - 기타,승용,여,65세,상해없음,보행자,남,46세,경상
3677,2018051000100613,2018년 5월 10일 22시,목요일,서울특별시 강북구 번동,경상사고,0,0,1,0,차대사람 - 기타,안전운전불이행,포장 - 건조,맑음,단일로 - 기타,승용,남,64세,상해없음,보행자,남,41세,경상
3678,2018051000100614,2018년 5월 10일 22시,목요일,서울특별시 동대문구 전농동,중상사고,0,1,0,0,차대사람 - 기타,안전운전불이행,포장 - 건조,맑음,교차로 - 교차로부근,승용,남,67세,상해없음,보행자,여,48세,중상
3679,2018051000100616,2018년 5월 10일 22시,목요일,서울특별시 중랑구 면목동,경상사고,0,0,2,0,차대사람 - 횡단중,안전운전불이행,포장 - 건조,맑음,단일로 - 기타,이륜,남,23세,경상,보행자,남,61세,경상
3680,2018051000100642,2018년 5월 10일 23시,목요일,서울특별시 용산구 한남동,경상사고,0,0,1,0,차대사람 - 기타,안전운전불이행,포장 - 건조,맑음,단일로 - 기타,이륜,남,33세,상해없음,보행자,남,38세,경상
3681,2018051000100645,2018년 5월 10일 23시,목요일,서울특별시 동작구 상도동,경상사고,0,0,1,0,차대사람 - 기타,안전운전불이행,포장 - 건조,맑음,교차로 - 교차로안,승용,남,58세,상해없음,보행자,남,29세,경상
3682,2018051100100018,2018년 5월 11일 01시,금요일,서울특별시 영등포구 영등포동3가,부상신고사고,0,0,0,1,차대사람 - 길가장자리구역통행중,안전운전불이행,포장 - 건조,기타,단일로 - 기타,기타불명,기타불명,미분류,기타불명,보행자,남,28세,부상신고
3683,2018051100100024,2018년 5월 11일 02시,금요일,서울특별시 구로구 신도림동,중상사고,0,1,0,1,차대사람 - 횡단중,신호위반,포장 - 건조,맑음,단일로 - 기타,이륜,남,31세,부상신고,보행자,여,19세,중상
3684,2018051100100037,2018년 5월 11일 04시,금요일,서울특별시 마포구 공덕동,사망사고,1,0,0,0,차대사람 - 횡단중,과속,포장 - 건조,맑음,단일로 - 기타,승용,남,54세,상해없음,보행자,남,74세,사망
3685,2018051100100054,2018년 5월 11일 06시,금요일,서울특별시 구로구 구로동,경상사고,0,0,1,0,차대사람 - 기타,안전운전불이행,포장 - 건조,맑음,단일로 - 기타,승용,남,62세,상해없음,보행자,여,73세,경상
3686,2018051100100083,2018년 5월 11일 08시,금요일,서울특별시 서대문구 홍제동,경상사고,0,0,1,0,차대사람 - 길가장자리구역통행중,안전운전불이행,포장 - 건조,맑음,단일로 - 기타,승용,여,51세,상해없음,보행자,남,57세,경상
3687,2018051100100126,2018년 5월 11일 09시,금요일,서울특별시 동작구 대방동,중상사고,0,1,0,0,차대사람 - 횡단중,안전운전불이행,포장 - 건조,맑음,교차로 - 교차로부근,승용,여,47세,상해없음,보행자,여,69세,중상
3688,2018051100100129,2018년 5월 11일 09시,금요일,서울특별시 송파구 송파동,중상사고,0,1,0,0,차대사람 - 횡단중,보행자보호의무위반,포장 - 건조,맑음,교차로 - 교차로횡단보도내,승용,남,74세,상해없음,보행자,여,41세,중상
3689,2018051100100203,2018년 5월 11일 11시,금요일,서울특별시 마포구 망원동,중상사고,0,1,0,0,차대사람 - 횡단중,안전운전불이행,포장 - 건조,맑음,교차로 - 교차로부근,화물,여,57세,상해없음,보행자,여,84세,중상
3690,2018051100100211,2018년 5월 11일 11시,금요일,서울특별시 양천구 신정동,경상사고,0,0,1,0,차대사람 - 기타,안전운전불이행,포장 - 건조,맑음,기타 - 기타,승용,남,75세,상해없음,보행자,남,26세,경상
3691,2018051100100235,2018년 5월 11일 12시,금요일,서울특별시 중구 남산동2가,경상사고,0,0,1,0,차대사람 - 기타,안전운전불이행,포장 - 건조,맑음,단일로 - 기타,승용,남,23세,상해없음,보행자,여,21세,경상
3692,2018051100100238,2018년 5월 11일 12시,금요일,서울특별시 동작구 신대방동,중상사고,0,1,0,0,차대사람 - 횡단중,안전운전불이행,포장 - 건조,맑음,교차로 - 교차로부근,승용,남,52세,상해없음,보행자,여,75세,중상
3693,2018051100100239,2018년 5월 11일 12시,금요일,서울특별시 송파구 거여동,경상사고,0,0,1,0,차대사람 - 기타,신호위반,포장 - 건조,맑음,단일로 - 기타,승용,남,47세,상해없음,보행자,남,30세,경상
3694,2018051100100272,2018년 5월 11일 13시,금요일,서울특별시 강북구 미아동,중상사고,0,1,0,0,차대사람 - 차도통행중,안전운전불이행,포장 - 건조,맑음,단일로 - 기타,이륜,남,63세,상해없음,보행자,여,68세,중상
3695,2018051100100274,2018년 5월 11일 13시,금요일,서울특별시 광진구 자양동,경상사고,0,0,1,0,차대사람 - 길가장자리구역통행중,안전운전불이행,포장 - 건조,맑음,단일로 - 기타,승용,여,39세,상해없음,보행자,여,90세 이상,경상
3696,2018051100100275,2018년 5월 11일 13시,금요일,서울특별시 동작구 사당동,중상사고,0,1,0,0,차대사람 - 차도통행중,안전운전불이행,포장 - 건조,맑음,단일로 - 기타,이륜,남,63세,상해없음,보행자,여,44세,중상
3697,2018051100100309,2018년 5월 11일 14시,금요일,서울특별시 동작구 사당동,중상사고,0,1,0,0,차대사람 - 기타,안전운전불이행,포장 - 건조,맑음,교차로 - 교차로부근,승용,여,38세,상해없음,보행자,남,70세,중상
3698,2018051100100310,2018년 5월 11일 14시,금요일,서울특별시 송파구 송파동,경상사고,0,0,1,0,차대사람 - 차도통행중,불법유턴,포장 - 건조,맑음,교차로 - 교차로부근,화물,남,57세,상해없음,보행자,남,75세,경상
3699,2018051100100376,2018년 5월 11일 16시,금요일,서울특별시 광진구 군자동,경상사고,0,0,1,0,차대사람 - 보도통행중,기타,포장 - 건조,맑음,단일로 - 기타,기타불명,남,23세,상해없음,보행자,여,61세,경상
3700,2018051100100378,2018년 5월 11일 16시,금요일,서울특별시 금천구 독산동,경상사고,0,0,1,0,차대사람 - 기타,안전운전불이행,포장 - 건조,맑음,단일로 - 기타,승용,여,20세,상해없음,보행자,여,31세,경상
3701,2018051100100380,2018년 5월 11일 16시,금요일,서울특별시 강동구 상일동,경상사고,0,0,1,0,차대사람 - 기타,안전운전불이행,포장 - 건조,맑음,교차로 - 교차로부근,승용,여,58세,상해없음,보행자,여,29세,경상
3702,2018051100100383,2018년 5월 11일 16시,금요일,서울특별시 노원구 상계동,경상사고,0,0,1,0,차대사람 - 기타,안전운전불이행,포장 - 기타,기타,교차로 - 교차로부근,건설기계,남,59세,상해없음,보행자,여,79세,경상
3703,2018051100100428,2018년 5월 11일 17시,금요일,서울특별시 동작구 상도동,경상사고,0,0,2,0,차대사람 - 기타,안전운전불이행,포장 - 건조,맑음,단일로 - 기타,승용,남,19세,상해없음,보행자,여,37세,경상
3704,2018051100100431,2018년 5월 11일 17시,금요일,서울특별시 강동구 명일동,경상사고,0,0,1,0,차대사람 - 횡단중,신호위반,포장 - 건조,맑음,단일로 - 교량,승용,여,63세,기타불명,보행자,여,60세,경상
3705,2018051100100465,2018년 5월 11일 18시,금요일,서울특별시 노원구 공릉동,중상사고,0,1,0,0,차대사람 - 횡단중,안전운전불이행,포장 - 건조,맑음,교차로 - 교차로부근,승합,남,33세,상해없음,보행자,여,17세,중상
3706,2018051100100506,2018년 5월 11일 19시,금요일,서울특별시 성동구 홍익동,경상사고,0,0,1,0,차대사람 - 기타,안전운전불이행,포장 - 건조,맑음,단일로 - 기타,기타불명,기타불명,미분류,기타불명,보행자,남,28세,경상
3707,2018051100100507,2018년 5월 11일 19시,금요일,서울특별시 강남구 청담동,경상사고,0,0,1,0,차대사람 - 차도통행중,안전운전불이행,포장 - 건조,맑음,단일로 - 기타,승용,남,48세,기타불명,보행자,여,28세,경상
3708,2018051100100548,2018년 5월 11일 20시,금요일,서울특별시 중랑구 면목동,경상사고,0,0,1,0,차대사람 - 횡단중,보행자보호의무위반,포장 - 건조,흐림,기타 - 기타,승용,남,67세,상해없음,보행자,남,37세,경상
3709,2018051100100549,2018년 5월 11일 20시,금요일,서울특별시 서초구 잠원동,경상사고,0,0,1,0,차대사람 - 횡단중,안전운전불이행,포장 - 건조,맑음,단일로 - 기타,승용,남,37세,상해없음,보행자,남,15세,경상
3710,2018051100100589,2018년 5월 11일 21시,금요일,서울특별시 동대문구 이문동,중상사고,0,1,0,0,차대사람 - 차도통행중,안전운전불이행,포장 - 건조,흐림,교차로 - 교차로부근,승용,여,36세,상해없음,보행자,남,56세,중상