,사고번호,사고일시,요일,시군구,사고내용,사망자수,중상자수,경상자수,부상신고자수,사고유형,법규위반,노면상태,기상상태,도로형태,가해운전자 차종,가해운전자 성별,가해운전자 연령,가해운전자 상해정도,피해운전자 차종,피해운전자 성별,피해운전자 연령,피해운전자 상해정도
3711,2018051100100591,2018년 5월 11일 21시,금요일,서울특별시 강남구 삼성동,경상사고,0,0,1,0,차대사람 - 횡단중,안전운전불이행,포장 - 건조,맑음,교차로 - 교차로횡단보도내,승용,남,67세,상해없음,보행자,여,29세,경상
3712,2018051100100592,2018년 5월 11일 21시,금요일,서울특별시 송파구 방이동,부상신고사고,0,0,0,1,차대사람 - 기타,안전운전불이행,포장 - 건조,맑음,교차로 - 교차로부근,승용,남,54세,상해없음,보행자,남,33세,부상신고
3713,2018051100100615,2018년 5월 11일 22시,금요일,서울특별시 종로구 창신동,부상신고사고,0,0,0,1,차대사람 - 차도통행중,안전운전불이행,포장 - 건조,맑음,단일로 - 기타,승용,남,52세,상해없음,보행자,남,49세,부상신고
3714,2018051100100619,2018년 5월 11일 22시,금요일,서울특별시 강서구 마곡동,중상사고,0,2,0,1,차대사람 - 횡단중,보행자보호의무위반,포장 - 건조,맑음,교차로 - 교차로부근,이륜,남,25세,부상신고,보행자,남,58세,중상
3715,2018051100100647,2018년 5월 11일 23시,금요일,서울특별시 용산구 보광동,중상사고,0,1,2,0,차대사람 - 보도통행중,신호위반,포장 - 건조,맑음,교차로 - 교차로안,승용,남,51세,상해없음,보행자,여,44세,중상
3716,2018051200100001,2018년 5월 12일 00시,토요일,서울특별시 성동구 도선동,경상사고,0,0,1,0,차대사람 - 기타,안전운전불이행,포장 - 건조,맑음,교차로 - 교차로안,승용,남,45세,상해없음,보행자,남,22세,경상
3717,2018051200100040,2018년 5월 12일 02시,토요일,서울특별시 강남구 논현동,경상사고,0,0,1,0,차대사람 - 기타,안전운전불이행,포장 - 건조,흐림,단일로 - 기타,승용,남,50세,상해없음,보행자,남,22세,경상
3718,2018051200100042,2018년 5월 12일 02시,토요일,서울특별시 은평구 갈현동,중상사고,0,1,0,0,차대사람 - 횡단중,안전운전불이행,포장 - 건조,맑음,단일로 - 기타,승용,남,26세,상해없음,보행자,남,57세,중상
3719,2018051200100071,2018년 5월 12일 04시,토요일,서울특별시 광진구 자양동,경상사고,0,0,1,0,차대사람 - 횡단중,안전운전불이행,포장 - 건조,맑음,단일로 - 기타,승용,남,71세,상해없음,보행자,여,46세,경상
3720,2018051200100081,2018년 5월 12일 05시,토요일,서울특별시 중구 봉래동2가,부상신고사고,0,0,0,1,차대사람 - 길가장자리구역통행중,안전운전불이행,포장 - 건조,맑음,교차로 - 교차로부근,승용,남,41세,상해없음,보행자,남,69세,부상신고
3721,2018051200100083,2018년 5월 12일 05시,토요일,서울특별시 관악구 봉천동,중상사고,0,1,1,0,차대사람 - 차도통행중,과속,포장 - 젖음/습기,비,교차로 - 교차로안,승용,남,57세,상해없음,보행자,남,43세,중상
3722,2018051200100084,2018년 5월 12일 05시,토요일,서울특별시 노원구 상계동,중상사고,0,1,1,0,차대사람 - 횡단중,보행자보호의무위반,포장 - 젖음/습기,비,교차로 - 교차로안,승용,남,76세,상해없음,보행자,여,35세,중상
3723,2018051200100169,2018년 5월 12일 10시,토요일,서울특별시 강북구 번동,경상사고,0,0,1,0,차대사람 - 기타,안전운전불이행,포장 - 젖음/습기,비,교차로 - 교차로안,승용,남,32세,기타불명,보행자,남,59세,경상
3724,2018051200100172,2018년 5월 12일 10시,토요일,서울특별시 은평구 갈현동,중상사고,0,1,0,0,차대사람 - 기타,안전운전불이행,포장 - 젖음/습기,비,교차로 - 교차로안,화물,남,44세,상해없음,보행자,남,73세,중상
3725,2018051200100230,2018년 5월 12일 12시,토요일,서울특별시 광진구 자양동,경상사고,0,0,1,0,차대사람 - 기타,안전운전불이행,포장 - 건조,맑음,단일로 - 기타,승용,남,54세,상해없음,보행자,남,54세,경상
3726,2018051200100233,2018년 5월 12일 12시,토요일,서울특별시 송파구 방이동,중상사고,0,1,0,0,차대사람 - 횡단중,안전운전불이행,포장 - 건조,맑음,교차로 - 교차로횡단보도내,승용,여,57세,상해없음,보행자,여,56세,중상
3727,2018051200100296,2018년 5월 12일 14시,토요일,서울특별시 서대문구 홍제동,경상사고,0,0,1,0,차대사람 - 차도통행중,안전운전불이행,포장 - 건조,맑음,단일로 - 기타,승용,여,33세,상해없음,보행자,여,77세,경상
3728,2018051200100300,2018년 5월 12일 14시,토요일,서울특별시 양천구 신월동,경상사고,0,0,1,0,차대사람 - 차도통행중,보행자보호의무위반,포장 - 젖음/습기,비,단일로 - 기타,승용,여,34세,상해없음,보행자,남,54세,경상
3729,2018051200100335,2018년 5월 12일 15시,토요일,서울특별시 동대문구 이문동,경상사고,0,0,1,0,차대사람 - 기타,안전운전불이행,포장 - 젖음/습기,비,단일로 - 기타,승용,남,39세,상해없음,보행자,여,32세,경상
3730,2018051200100336,2018년 5월 12일 15시,토요일,서울특별시 마포구 대흥동,중상사고,0,1,0,0,차대사람 - 차도통행중,안전운전불이행,포장 - 젖음/습기,비,교차로 - 교차로횡단보도내,이륜,남,26세,상해없음,보행자,여,76세,중상
3731,2018051200100490,2018년 5월 12일 19시,토요일,서울특별시 서대문구 창천동,경상사고,0,0,1,0,차대사람 - 횡단중,보행자보호의무위반,포장 - 젖음/습기,비,교차로 - 교차로부근,승용,남,33세,상해없음,보행자,남,44세,경상
3732,2018051200100491,2018년 5월 12일 19시,토요일,서울특별시 강북구 미아동,경상사고,0,0,1,0,차대사람 - 기타,안전운전불이행,포장 - 건조,흐림,단일로 - 기타,승용,남,49세,상해없음,보행자,남,57세,경상
3733,2018051200100492,2018년 5월 12일 19시,토요일,서울특별시 마포구 성산동,경상사고,0,0,1,0,차대사람 - 횡단중,신호위반,포장 - 젖음/습기,비,단일로 - 기타,승용,여,58세,상해없음,보행자,여,22세,경상
3734,2018051200100494,2018년 5월 12일 19시,토요일,서울특별시 중랑구 상봉동,사망사고,1,0,0,0,차대사람 - 기타,안전운전불이행,포장 - 젖음/습기,비,교차로 - 교차로안,승합,남,50세,상해없음,보행자,남,65세,사망
3735,2018051200100496,2018년 5월 12일 19시,토요일,서울특별시 송파구 거여동,경상사고,0,0,1,0,차대사람 - 횡단중,안전운전불이행,포장 - 젖음/습기,비,단일로 - 기타,승용,남,38세,상해없음,보행자,남,55세,경상
3736,2018051200100643,2018년 5월 12일 22시,토요일,서울특별시 종로구 통의동,경상사고,0,0,1,0,차대사람 - 차도통행중,안전운전불이행,포장 - 건조,맑음,단일로 - 지하차도(도로)내,승용,남,55세,상해없음,보행자,여,63세,경상
3737,2018051200100644,2018년 5월 12일 22시,토요일,서울특별시 영등포구 여의도동,중상사고,0,1,0,0,차대사람 - 횡단중,신호위반,포장 - 젖음/습기,비,교차로 - 교차로안,승용,남,64세,상해없음,보행자,여,22세,중상
3738,2018051200100682,2018년 5월 12일 23시,토요일,서울특별시 영등포구 도림동,중상사고,0,1,0,0,차대사람 - 기타,과속,포장 - 젖음/습기,비,단일로 - 기타,승용,남,30세,상해없음,보행자,남,55세,중상
3739,2018051300100027,2018년 5월 13일 01시,일요일,서울특별시 성동구 하왕십리동,중상사고,0,1,0,0,차대사람 - 횡단중,신호위반,포장 - 젖음/습기,비,교차로 - 교차로횡단보도내,이륜,남,32세,상해없음,보행자,남,28세,중상
3740,2018051300100056,2018년 5월 13일 03시,일요일,서울특별시 서대문구 창천동,경상사고,0,0,1,0,차대사람 - 차도통행중,안전운전불이행,포장 - 건조,맑음,단일로 - 기타,승용,남,23세,상해없음,보행자,남,20세,경상
3741,2018051300100071,2018년 5월 13일 04시,일요일,서울특별시 강북구 수유동,경상사고,0,0,1,0,차대사람 - 차도통행중,신호위반,포장 - 젖음/습기,흐림,단일로 - 기타,승용,남,33세,상해없음,보행자,여,21세,경상
3742,2018051300100119,2018년 5월 13일 09시,일요일,서울특별시 성동구 성수동2가,부상신고사고,0,0,0,1,차대사람 - 길가장자리구역통행중,안전운전불이행,포장 - 건조,맑음,단일로 - 기타,승합,남,56세,상해없음,보행자,남,47세,부상신고
3743,2018051300100123,2018년 5월 13일 09시,일요일,서울특별시 도봉구 방학동,경상사고,0,0,1,0,차대사람 - 기타,안전운전불이행,포장 - 건조,맑음,단일로 - 기타,승용,남,57세,상해없음,보행자,여,50세,경상
3744,2018051300100200,2018년 5월 13일 13시,일요일,서울특별시 구로구 신도림동,경상사고,0,0,1,0,차대사람 - 기타,안전운전불이행,포장 - 건조,맑음,기타 - 기타,자전거,여,12세,상해없음,보행자,남,60세,경상
3745,2018051300100229,2018년 5월 13일 14시,일요일,서울특별시 중랑구 면목동,경상사고,0,0,1,0,차대사람 - 기타,안전운전불이행,포장 - 건조,맑음,교차로 - 교차로안,화물,남,49세,상해없음,보행자,여,6세,경상
3746,2018051300100260,2018년 5월 13일 15시,일요일,서울특별시 종로구 청진동,경상사고,0,0,1,0,차대사람 - 기타,안전운전불이행,포장 - 건조,맑음,단일로 - 기타,승합,남,59세,상해없음,보행자,남,62세,경상
3747,2018051300100266,2018년 5월 13일 15시,일요일,서울특별시 강남구 논현동,경상사고,0,0,1,0,차대사람 - 길가장자리구역통행중,안전운전불이행,포장 - 젖음/습기,비,교차로 - 교차로안,승용,남,68세,상해없음,보행자,남,57세,경상
3748,2018051300100303,2018년 5월 13일 16시,일요일,서울특별시 중랑구 중화동,중상사고,0,1,0,0,차대사람 - 횡단중,보행자보호의무위반,포장 - 건조,맑음,교차로 - 교차로안,승용,여,43세,상해없음,보행자,여,68세,중상
3749,2018051300100374,2018년 5월 13일 18시,일요일,서울특별시 용산구 이태원동,경상사고,0,0,1,0,차대사람 - 횡단중,안전운전불이행,포장 - 건조,맑음,단일로 - 기타,기타불명,기타불명,미분류,기타불명,보행자,남,29세,경상
3750,2018051300100375,2018년 5월 13일 18시,일요일,서울특별시 동대문구 청량리동,경상사고,0,0,1,0,차대사람 - 기타,안전운전불이행,포장 - 건조,맑음,주차장 - 주차장,화물,남,50세,상해없음,보행자,남,63세,경상
3751,2018051300100376,2018년 5월 13일 18시,일요일,서울특별시 성동구 사근동,부상신고사고,0,0,0,1,차대사람 - 기타,안전운전불이행,포장 - 건조,맑음,단일로 - 기타,자전거,남,30세,상해없음,보행자,남,57세,부상신고
3752,2018051300100377,2018년 5월 13일 18시,일요일,서울특별시 양천구 신정동,경상사고,0,0,1,0,차대사람 - 기타,안전운전불이행,포장 - 건조,맑음,기타 - 기타,승용,남,68세,기타불명,보행자,남,53세,경상
3753,2018051300100379,2018년 5월 13일 18시,일요일,서울특별시 도봉구 도봉동,부상신고사고,0,0,0,1,차대사람 - 기타,안전운전불이행,포장 - 건조,맑음,단일로 - 기타,승용,여,57세,상해없음,보행자,여,52세,부상신고
3754,2018051300100380,2018년 5월 13일 18시,일요일,서울특별시 강남구 수서동,중상사고,0,1,0,0,차대사람 - 횡단중,안전운전불이행,포장 - 건조,맑음,단일로 - 기타,승용,여,70세,상해없음,보행자,여,80세,중상
3755,2018051300100404,2018년 5월 13일 19시,일요일,서울특별시 동작구 사당동,중상사고,0,1,0,0,차대사람 - 차도통행중,안전운전불이행,포장 - 건조,맑음,단일로 - 기타,승용,남,25세,상해없음,보행자,여,51세,중상
3756,2018051300100405,2018년 5월 13일 19시,일요일,서울특별시 강동구 길동,중상사고,0,1,0,0,차대사람 - 보도통행중,안전운전불이행,포장 - 건조,맑음,기타 - 기타,승합,남,46세,상해없음,보행자,남,59세,중상
3757,2018051300100406,2018년 5월 13일 19시,일요일,서울특별시 서초구 반포동,중상사고,0,1,0,0,차대사람 - 횡단중,보행자보호의무위반,포장 - 건조,맑음,교차로 - 교차로부근,화물,남,24세,상해없음,보행자,여,30세,중상
3758,2018051300100432,2018년 5월 13일 20시,일요일,서울특별시 강북구 수유동,경상사고,0,0,1,0,차대사람 - 횡단중,보행자보호의무위반,포장 - 건조,흐림,교차로 - 교차로횡단보도내,승용,남,20세,상해없음,보행자,여,62세,경상
3759,2018051300100433,2018년 5월 13일 20시,일요일,서울특별시 강북구 미아동,경상사고,0,0,1,0,차대사람 - 차도통행중,안전운전불이행,포장 - 건조,맑음,단일로 - 기타,승용,남,46세,상해없음,보행자,남,33세,경상
3760,2018051300100434,2018년 5월 13일 20시,일요일,서울특별시 강북구 수유동,경상사고,0,0,1,0,차대사람 - 횡단중,보행자보호의무위반,포장 - 건조,흐림,교차로 - 교차로횡단보도내,승용,남,20세,상해없음,보행자,여,62세,경상
3761,2018051300100439,2018년 5월 13일 20시,일요일,서울특별시 강남구 논현동,경상사고,0,0,3,0,차대사람 - 횡단중,안전운전불이행,포장 - 건조,맑음,단일로 - 기타,이륜,남,24세,경상,보행자,남,31세,경상
3762,2018051300100440,2018년 5월 13일 20시,일요일,서울특별시 도봉구 창동,경상사고,0,0,1,0,차대사람 - 길가장자리구역통행중,신호위반,포장 - 건조,맑음,단일로 - 기타,승용,남,39세,상해없음,보행자,여,37세,경상
3763,2018051300100475,2018년 5월 13일 21시,일요일,서울특별시 마포구 당인동,중상사고,0,1,0,0,차대사람 - 기타,안전운전불이행,포장 - 건조,맑음,기타 - 기타,기타불명,기타불명,미분류,기타불명,보행자,여,45세,중상
3764,2018051300100493,2018년 5월 13일 22시,일요일,서울특별시 서대문구 홍제동,사망사고,1,0,0,0,차대사람 - 차도통행중,기타,포장 - 건조,맑음,단일로 - 기타,승합,남,53세,상해없음,보행자,남,51세,사망
3765,2018051300100511,2018년 5월 13일 23시,일요일,서울특별시 송파구 석촌동,경상사고,0,0,2,0,차대사람 - 횡단중,신호위반,포장 - 건조,맑음,교차로 - 교차로안,이륜,남,18세,상해없음,보행자,남,23세,경상
3766,2018051400100008,2018년 5월 14일 01시,월요일,서울특별시 강북구 수유동,경상사고,0,0,1,0,차대사람 - 기타,안전운전불이행,포장 - 건조,맑음,단일로 - 기타,화물,남,62세,상해없음,보행자,남,24세,경상
3767,2018051400100018,2018년 5월 14일 02시,월요일,서울특별시 강남구 역삼동,부상신고사고,0,0,0,1,차대사람 - 기타,안전운전불이행,포장 - 건조,맑음,교차로 - 교차로안,승용,남,27세,상해없음,보행자,남,48세,부상신고
3768,2018051400100030,2018년 5월 14일 04시,월요일,서울특별시 성북구 정릉동,중상사고,0,1,0,0,차대사람 - 횡단중,안전운전불이행,포장 - 건조,맑음,단일로 - 기타,승용,남,62세,상해없음,보행자,남,62세,중상
3769,2018051400100031,2018년 5월 14일 04시,월요일,서울특별시 금천구 가산동,경상사고,0,0,1,0,차대사람 - 기타,안전운전불이행,포장 - 건조,맑음,교차로 - 교차로부근,기타불명,기타불명,미분류,기타불명,보행자,남,48세,경상
3770,2018051400100091,2018년 5월 14일 08시,월요일,서울특별시 강남구 대치동,중상사고,0,1,0,0,차대사람 - 횡단중,안전운전불이행,포장 - 건조,맑음,단일로 - 기타,승용,여,43세,상해없음,보행자,여,51세,중상
3771,2018051400100133,2018년 5월 14일 09시,월요일,서울특별시 금천구 독산동,경상사고,0,0,1,0,차대사람 - 기타,안전운전불이행,포장 - 건조,맑음,단일로 - 기타,화물,남,42세,상해없음,보행자,여,64세,경상
3772,2018051400100159,2018년 5월 14일 10시,월요일,서울특별시 서대문구 홍제동,중상사고,0,1,0,0,차대사람 - 기타,안전운전불이행,포장 - 건조,맑음,단일로 - 기타,승용,남,70세,상해없음,보행자,여,45세,중상
3773,2018051400100161,2018년 5월 14일 10시,월요일,서울특별시 강동구 둔촌동,중상사고,0,1,0,0,차대사람 - 기타,보행자보호의무위반,포장 - 건조,맑음,교차로 - 교차로안,승용,남,58세,상해없음,보행자,여,84세,중상
3774,2018051400100219,2018년 5월 14일 12시,월요일,서울특별시 마포구 연남동,중상사고,0,1,0,0,차대사람 - 기타,불법유턴,포장 - 건조,맑음,기타 - 기타,승용,여,52세,상해없음,보행자,남,37세,중상
3775,2018051400100223,2018년 5월 14일 12시,월요일,서울특별시 양천구 신정동,부상신고사고,0,0,0,1,차대사람 - 기타,안전운전불이행,포장 - 건조,맑음,단일로 - 기타,승용,남,67세,상해없음,보행자,남,28세,부상신고
3776,2018051400100250,2018년 5월 14일 13시,월요일,서울특별시 성북구 종암동,경상사고,0,0,1,0,차대사람 - 차도통행중,안전운전불이행,포장 - 건조,맑음,교차로 - 교차로횡단보도내,승용,여,69세,상해없음,보행자,남,21세,경상
3777,2018051400100277,2018년 5월 14일 14시,월요일,서울특별시 동대문구 청량리동,경상사고,0,0,1,0,차대사람 - 보도통행중,기타,포장 - 건조,맑음,기타 - 기타,승용,남,59세,상해없음,보행자,여,71세,경상
3778,2018051400100281,2018년 5월 14일 14시,월요일,서울특별시 중랑구 묵동,중상사고,0,1,0,0,차대사람 - 기타,안전운전불이행,포장 - 건조,맑음,단일로 - 기타,승용,여,42세,상해없음,보행자,남,48세,중상
3779,2018051400100315,2018년 5월 14일 15시,월요일,서울특별시 강남구 역삼동,경상사고,0,0,1,0,차대사람 - 차도통행중,안전운전불이행,포장 - 건조,맑음,단일로 - 기타,승용,남,63세,상해없음,보행자,남,26세,경상
3780,2018051400100351,2018년 5월 14일 16시,월요일,서울특별시 강북구 미아동,경상사고,0,0,1,0,차대사람 - 횡단중,안전운전불이행,포장 - 건조,맑음,단일로 - 기타,승합,남,44세,상해없음,보행자,남,10세,경상
3781,2018051400100356,2018년 5월 14일 16시,월요일,서울특별시 노원구 상계동,중상사고,0,1,0,0,차대사람 - 기타,안전운전불이행,포장 - 건조,맑음,단일로 - 기타,승용,여,41세,상해없음,보행자,여,52세,중상
3782,2018051400100388,2018년 5월 14일 17시,월요일,서울특별시 마포구 서교동,경상사고,0,0,1,0,차대사람 - 횡단중,신호위반,포장 - 건조,맑음,교차로 - 교차로횡단보도내,승합,남,54세,상해없음,보행자,남,42세,경상
3783,2018051400100389,2018년 5월 14일 17시,월요일,서울특별시 금천구 가산동,경상사고,0,0,1,0,차대사람 - 보도통행중,신호위반,포장 - 건조,맑음,교차로 - 교차로안,승용,여,34세,상해없음,보행자,남,25세,경상
3784,2018051400100431,2018년 5월 14일 18시,월요일,서울특별시 종로구 구기동,경상사고,0,0,1,0,차대사람 - 보도통행중,안전운전불이행,포장 - 건조,맑음,단일로 - 지하차도(도로)내,승용,남,64세,상해없음,보행자,남,62세,경상
3785,2018051400100484,2018년 5월 14일 20시,월요일,서울특별시 종로구 세종로,중상사고,0,1,0,0,차대사람 - 횡단중,보행자보호의무위반,포장 - 건조,맑음,단일로 - 기타,승용,남,66세,상해없음,보행자,여,28세,중상
3786,2018051400100486,2018년 5월 14일 20시,월요일,서울특별시 강북구 미아동,경상사고,0,0,1,0,차대사람 - 횡단중,보행자보호의무위반,포장 - 건조,맑음,교차로 - 교차로부근,기타불명,기타불명,미분류,기타불명,보행자,여,58세,경상
3787,2018051400100487,2018년 5월 14일 20시,월요일,서울특별시 동대문구 답십리동,경상사고,0,0,1,0,차대사람 - 횡단중,보행자보호의무위반,포장 - 건조,맑음,교차로 - 교차로횡단보도내,승용,여,59세,상해없음,보행자,남,68세,경상
3788,2018051400100489,2018년 5월 14일 20시,월요일,서울특별시 송파구 문정동,경상사고,0,0,1,0,차대사람 - 보도통행중,기타,포장 - 건조,맑음,기타 - 기타,기타불명,기타불명,미분류,기타불명,보행자,남,12세,경상
3789,2018051400100491,2018년 5월 14일 20시,월요일,서울특별시 서초구 방배동,경상사고,0,0,1,0,차대사람 - 횡단중,안전운전불이행,포장 - 건조,맑음,교차로 - 교차로안,승용,남,63세,상해없음,보행자,여,50세,경상
3790,2018051400100525,2018년 5월 14일 21시,월요일,서울특별시 강서구 마곡동,경상사고,0,0,1,0,차대사람 - 기타,안전운전불이행,포장 - 건조,맑음,교차로 - 교차로부근,승용,남,31세,상해없음,보행자,남,52세,경상
3791,2018051400100541,2018년 5월 14일 22시,월요일,서울특별시 송파구 잠실동,경상사고,0,0,1,0,차대사람 - 기타,안전운전불이행,포장 - 건조,맑음,기타 - 기타,승용,남,50세,상해없음,보행자,남,45세,경상
3792,2018051400100542,2018년 5월 14일 22시,월요일,서울특별시 서초구 서초동,중상사고,0,1,0,0,차대사람 - 기타,안전운전불이행,포장 - 건조,맑음,단일로 - 기타,승용,남,48세,상해없음,보행자,남,14세,중상
3793,2018051400100543,2018년 5월 14일 22시,월요일,서울특별시 은평구 진관동,경상사고,0,0,1,0,차대사람 - 보도통행중,기타,포장 - 건조,맑음,단일로 - 기타,기타불명,기타불명,미분류,기타불명,보행자,여,23세,경상
3794,2018051400100561,2018년 5월 14일 23시,월요일,서울특별시 강북구 미아동,경상사고,0,0,1,0,차대사람 - 기타,안전운전불이행,포장 - 건조,맑음,단일로 - 기타,승용,남,34세,상해없음,보행자,남,34세,경상
3795,2018051400100562,2018년 5월 14일 23시,월요일,서울특별시 영등포구 영등포동3가,경상사고,0,0,1,0,차대사람 - 기타,안전운전불이행,포장 - 건조,맑음,단일로 - 기타,승용,남,69세,상해없음,보행자,남,49세,경상
3796,2018051500100011,2018년 5월 15일 01시,화요일,서울특별시 강서구 화곡동,경상사고,0,0,1,0,차대사람 - 기타,불법유턴,포장 - 건조,맑음,기타 - 기타,승용,남,55세,상해없음,보행자,남,42세,경상
3797,2018051500100012,2018년 5월 15일 01시,화요일,서울특별시 강서구 등촌동,중상사고,0,1,2,0,차대사람 - 기타,안전운전불이행,포장 - 건조,맑음,단일로 - 기타,승용,남,38세,상해없음,보행자,남,20세,경상
3798,2018051500100018,2018년 5월 15일 02시,화요일,서울특별시 용산구 동자동,경상사고,0,0,1,0,차대사람 - 기타,안전운전불이행,포장 - 건조,맑음,단일로 - 기타,승용,남,59세,상해없음,보행자,남,33세,경상
3799,2018051500100028,2018년 5월 15일 03시,화요일,서울특별시 영등포구 영등포동1가,경상사고,0,0,1,0,차대사람 - 횡단중,안전운전불이행,포장 - 건조,맑음,단일로 - 기타,승용,남,57세,상해없음,보행자,남,64세,경상
3800,2018051500100090,2018년 5월 15일 08시,화요일,서울특별시 용산구 원효로1가,경상사고,0,0,1,0,차대사람 - 기타,안전운전불이행,포장 - 건조,맑음,교차로 - 교차로안,승용,남,62세,상해없음,보행자,남,7세,경상
3801,2018051500100091,2018년 5월 15일 08시,화요일,서울특별시 동작구 신대방동,경상사고,0,0,3,0,차대사람 - 횡단중,안전운전불이행,포장 - 건조,맑음,단일로 - 기타,승합,남,59세,상해없음,보행자,남,33세,상해없음
3802,2018051500100093,2018년 5월 15일 08시,화요일,서울특별시 성북구 종암동,경상사고,0,0,1,0,차대사람 - 기타,안전운전불이행,포장 - 건조,맑음,단일로 - 기타,화물,남,60세,상해없음,보행자,남,27세,경상
3803,2018051500100096,2018년 5월 15일 08시,화요일,서울특별시 강남구 대치동,경상사고,0,0,1,0,차대사람 - 길가장자리구역통행중,안전운전불이행,포장 - 건조,맑음,단일로 - 기타,승용,여,30세,상해없음,보행자,여,33세,경상
3804,2018051500100164,2018년 5월 15일 10시,화요일,서울특별시 강북구 수유동,중상사고,0,1,0,0,차대사람 - 보도통행중,보행자보호의무위반,포장 - 건조,맑음,교차로 - 교차로안,화물,남,51세,상해없음,보행자,여,45세,중상
3805,2018051500100197,2018년 5월 15일 11시,화요일,서울특별시 양천구 신월동,중상사고,0,1,0,0,차대사람 - 기타,안전운전불이행,포장 - 건조,맑음,교차로 - 교차로안,승합,남,45세,상해없음,보행자,남,87세,중상
3806,2018051500100218,2018년 5월 15일 12시,화요일,서울특별시 종로구 필운동,경상사고,0,0,1,0,차대사람 - 차도통행중,안전운전불이행,포장 - 건조,맑음,교차로 - 교차로부근,승용,남,76세,상해없음,보행자,남,47세,경상
3807,2018051500100239,2018년 5월 15일 13시,화요일,서울특별시 성동구 마장동,중상사고,0,1,0,0,차대사람 - 기타,안전운전불이행,포장 - 건조,맑음,단일로 - 기타,기타불명,기타불명,미분류,기타불명,보행자,여,88세,중상
3808,2018051500100240,2018년 5월 15일 13시,화요일,서울특별시 강남구 논현동,중상사고,0,1,0,0,차대사람 - 길가장자리구역통행중,안전운전불이행,포장 - 건조,맑음,단일로 - 기타,승용,남,81세,상해없음,보행자,남,52세,중상
3809,2018051500100272,2018년 5월 15일 14시,화요일,서울특별시 송파구 석촌동,중상사고,0,1,0,0,차대사람 - 기타,안전운전불이행,포장 - 건조,맑음,단일로 - 기타,화물,남,32세,상해없음,보행자,여,54세,중상
3810,2018051500100273,2018년 5월 15일 14시,화요일,서울특별시 송파구 송파동,경상사고,0,0,1,0,차대사람 - 기타,안전운전불이행,포장 - 건조,맑음,교차로 - 교차로안,건설기계,남,45세,상해없음,보행자,남,77세,경상
3811,2018051500100301,2018년 5월 15일 15시,화요일,서울특별시 마포구 동교동,경상사고,0,0,1,0,차대사람 - 길가장자리구역통행중,안전운전불이행,포장 - 건조,맑음,단일로 - 기타,승용,남,33세,상해없음,보행자,여,42세,경상
3812,2018051500100302,2018년 5월 15일 15시,화요일,서울특별시 강남구 논현동,경상사고,0,0,1,0,차대사람 - 보도통행중,기타,포장 - 건조,맑음,단일로 - 기타,승용,남,27세,상해없음,보행자,남,49세,경상
3813,2018051500100303,2018년 5월 15일 15시,화요일,서울특별시 성북구 하월곡동,경상사고,0,0,1,0,차대사람 - 차도통행중,안전운전불이행,포장 - 건조,맑음,단일로 - 기타,승용,남,69세,상해없음,보행자,남,43세,경상
3814,2018051500100346,2018년 5월 15일 16시,화요일,서울특별시 동대문구 이문동,경상사고,0,0,1,0,차대사람 - 기타,안전운전불이행,포장 - 건조,맑음,단일로 - 기타,승용,여,61세,상해없음,보행자,여,21세,경상
3815,2018051500100350,2018년 5월 15일 16시,화요일,서울특별시 관악구 봉천동,중상사고,0,1,0,0,차대사람 - 기타,안전운전불이행,포장 - 기타,기타,단일로 - 기타,승용,남,74세,상해없음,보행자,여,90세 이상,중상
3816,2018051500100387,2018년 5월 15일 17시,화요일,서울특별시 도봉구 창동,중상사고,0,1,0,0,차대사람 - 기타,안전운전불이행,포장 - 건조,맑음,기타 - 기타,화물,남,57세,상해없음,보행자,여,53세,중상
3817,2018051500100459,2018년 5월 15일 19시,화요일,서울특별시 강동구 길동,경상사고,0,0,1,0,차대사람 - 기타,안전운전불이행,포장 - 건조,맑음,단일로 - 기타,자전거,기타불명,미분류,기타불명,보행자,여,52세,경상
3818,2018051500100490,2018년 5월 15일 20시,화요일,서울특별시 성동구 응봉동,중상사고,0,2,0,0,차대사람 - 횡단중,안전운전불이행,포장 - 건조,맑음,교차로 - 교차로안,원동기,남,57세,중상,보행자,여,78세,중상
3819,2018051500100516,2018년 5월 15일 21시,화요일,서울특별시 노원구 상계동,중상사고,0,1,0,0,차대사람 - 보도통행중,보행자보호의무위반,포장 - 건조,맑음,교차로 - 교차로횡단보도내,승용,여,35세,상해없음,보행자,여,67세,중상
3820,2018051500100545,2018년 5월 15일 22시,화요일,서울특별시 중구 태평로1가,경상사고,0,0,1,0,차대사람 - 차도통행중,안전운전불이행,포장 - 건조,맑음,단일로 - 기타,승용,여,44세,상해없음,보행자,남,48세,경상
3821,2018051500100546,2018년 5월 15일 22시,화요일,서울특별시 강북구 미아동,부상신고사고,0,0,0,1,차대사람 - 횡단중,보행자보호의무위반,포장 - 건조,맑음,교차로 - 교차로안,승용,남,55세,상해없음,보행자,남,42세,부상신고
3822,2018051500100565,2018년 5월 15일 23시,화요일,서울특별시 강남구 신사동,경상사고,0,0,1,0,차대사람 - 길가장자리구역통행중,안전운전불이행,포장 - 기타,맑음,단일로 - 기타,승용,여,30세,상해없음,보행자,남,53세,경상