,사고번호,사고일시,요일,시군구,사고내용,사망자수,중상자수,경상자수,부상신고자수,사고유형,법규위반,노면상태,기상상태,도로형태,가해운전자 차종,가해운전자 성별,가해운전자 연령,가해운전자 상해정도,피해운전자 차종,피해운전자 성별,피해운전자 연령,피해운전자 상해정도
4270,2018053100100568,2018년 5월 31일 19시,목요일,서울특별시 구로구 개봉동,중상사고,0,1,0,0,차대사람 - 기타,안전운전불이행,포장 - 건조,맑음,단일로 - 기타,승용,남,37세,상해없음,보행자,남,5세,중상
4271,2018053100100592,2018년 5월 31일 20시,목요일,서울특별시 마포구 아현동,경상사고,0,0,1,0,차대사람 - 횡단중,안전운전불이행,포장 - 건조,맑음,단일로 - 기타,승용,남,59세,상해없음,보행자,여,63세,경상
4272,2018053100100594,2018년 5월 31일 20시,목요일,서울특별시 중랑구 면목동,경상사고,0,0,1,0,차대사람 - 횡단중,안전운전불이행,포장 - 건조,맑음,단일로 - 기타,이륜,남,39세,상해없음,보행자,여,58세,경상
4273,2018053100100631,2018년 5월 31일 21시,목요일,서울특별시 용산구 이촌동,사망사고,1,0,0,0,차대사람 - 차도통행중,안전운전불이행,포장 - 건조,맑음,단일로 - 기타,이륜,남,32세,상해없음,보행자,여,79세,사망
4274,2018053100100654,2018년 5월 31일 22시,목요일,서울특별시 중구 흥인동,경상사고,0,0,1,0,차대사람 - 횡단중,신호위반,포장 - 건조,흐림,교차로 - 교차로횡단보도내,자전거,남,24세,상해없음,보행자,여,65세,경상
4275,2018053100100655,2018년 5월 31일 22시,목요일,서울특별시 중구 태평로2가,경상사고,0,0,1,0,차대사람 - 기타,기타,포장 - 건조,맑음,기타 - 기타,자전거,기타불명,미분류,기타불명,보행자,남,33세,경상
4276,2018053100100657,2018년 5월 31일 22시,목요일,서울특별시 용산구 용산동2가,중상사고,0,1,0,0,차대사람 - 기타,안전운전불이행,포장 - 건조,맑음,단일로 - 기타,승합,남,70세,상해없음,보행자,남,58세,중상
4277,2018053100100658,2018년 5월 31일 22시,목요일,서울특별시 동작구 상도동,경상사고,0,0,1,0,차대사람 - 길가장자리구역통행중,안전운전불이행,포장 - 건조,맑음,단일로 - 기타,승합,남,59세,상해없음,보행자,남,14세,경상
4278,2018053100100680,2018년 5월 31일 23시,목요일,서울특별시 종로구 종로1가,중상사고,0,1,0,0,차대사람 - 횡단중,안전운전불이행,포장 - 건조,맑음,교차로 - 교차로안,승용,여,61세,상해없음,보행자,남,46세,중상
4279,2018060100100021,2018년 6월 1일 01시,금요일,서울특별시 송파구 가락동,경상사고,0,0,1,0,차대사람 - 기타,안전운전불이행,포장 - 건조,맑음,교차로 - 교차로안,화물,남,56세,상해없음,보행자,남,56세,경상
4280,2018060100100023,2018년 6월 1일 01시,금요일,서울특별시 강남구 대치동,부상신고사고,0,0,0,1,차대사람 - 횡단중,안전운전불이행,포장 - 건조,맑음,교차로 - 교차로안,건설기계,남,64세,상해없음,보행자,여,18세,부상신고
4281,2018060100100034,2018년 6월 1일 02시,금요일,서울특별시 은평구 녹번동,중상사고,0,1,0,0,차대사람 - 기타,안전운전불이행,포장 - 건조,맑음,단일로 - 기타,승용,남,47세,상해없음,보행자,남,22세,중상
4282,2018060100100064,2018년 6월 1일 05시,금요일,서울특별시 관악구 봉천동,중상사고,0,1,0,0,차대사람 - 횡단중,보행자보호의무위반,포장 - 건조,맑음,단일로 - 기타,승용,남,60세,상해없음,보행자,남,77세,중상
4283,2018060100100086,2018년 6월 1일 07시,금요일,서울특별시 구로구 개봉동,중상사고,0,1,0,0,차대사람 - 횡단중,보행자보호의무위반,포장 - 건조,맑음,교차로 - 교차로부근,승용,여,53세,상해없음,보행자,남,41세,중상
4284,2018060100100108,2018년 6월 1일 08시,금요일,서울특별시 성북구 하월곡동,경상사고,0,0,1,0,차대사람 - 횡단중,보행자보호의무위반,포장 - 건조,맑음,단일로 - 기타,승용,여,44세,상해없음,보행자,여,77세,경상
4285,2018060100100159,2018년 6월 1일 09시,금요일,서울특별시 영등포구 신길동,중상사고,0,1,0,0,차대사람 - 기타,안전운전불이행,포장 - 건조,맑음,교차로 - 교차로부근,건설기계,남,59세,상해없음,보행자,남,46세,중상
4286,2018060100100164,2018년 6월 1일 09시,금요일,서울특별시 강남구 대치동,경상사고,0,0,1,0,차대사람 - 기타,보행자보호의무위반,포장 - 건조,맑음,교차로 - 교차로횡단보도내,승용,여,52세,상해없음,보행자,여,22세,경상
4287,2018060100100196,2018년 6월 1일 10시,금요일,서울특별시 용산구 갈월동,경상사고,0,0,1,0,차대사람 - 횡단중,신호위반,포장 - 건조,맑음,교차로 - 교차로안,승용,남,69세,상해없음,보행자,여,20세,경상
4288,2018060100100229,2018년 6월 1일 11시,금요일,서울특별시 동대문구 제기동,중상사고,0,1,0,0,차대사람 - 기타,안전운전불이행,포장 - 건조,맑음,단일로 - 기타,건설기계,남,39세,상해없음,보행자,남,71세,중상
4289,2018060100100266,2018년 6월 1일 12시,금요일,서울특별시 강남구 논현동,중상사고,0,1,0,0,차대사람 - 횡단중,안전운전불이행,포장 - 건조,맑음,교차로 - 교차로횡단보도내,화물,남,35세,상해없음,보행자,남,30세,중상
4290,2018060100100268,2018년 6월 1일 12시,금요일,서울특별시 강남구 삼성동,경상사고,0,0,1,0,차대사람 - 길가장자리구역통행중,안전운전불이행,포장 - 건조,맑음,단일로 - 기타,화물,남,37세,기타불명,보행자,남,22세,경상
4291,2018060100100298,2018년 6월 1일 13시,금요일,서울특별시 성북구 길음동,경상사고,0,0,1,0,차대사람 - 횡단중,보행자보호의무위반,포장 - 건조,맑음,단일로 - 기타,승용,남,26세,상해없음,보행자,남,29세,경상
4292,2018060100100327,2018년 6월 1일 14시,금요일,서울특별시 양천구 목동,부상신고사고,0,0,0,1,차대사람 - 차도통행중,안전운전불이행,포장 - 건조,맑음,교차로 - 교차로부근,승용,남,24세,상해없음,보행자,남,9세,부상신고
4293,2018060100100366,2018년 6월 1일 15시,금요일,서울특별시 서대문구 창천동,중상사고,0,1,0,0,차대사람 - 기타,안전운전불이행,포장 - 건조,맑음,단일로 - 기타,승용,남,58세,상해없음,보행자,남,48세,중상
4294,2018060100100367,2018년 6월 1일 15시,금요일,서울특별시 용산구 이태원동,중상사고,0,1,0,0,차대사람 - 기타,안전운전불이행,포장 - 건조,맑음,단일로 - 기타,승용,남,80세,기타불명,보행자,여,34세,중상
4295,2018060100100370,2018년 6월 1일 15시,금요일,서울특별시 송파구 삼전동,경상사고,0,0,1,0,차대사람 - 기타,안전운전불이행,포장 - 건조,맑음,단일로 - 기타,승용,남,53세,상해없음,보행자,남,35세,경상
4296,2018060100100407,2018년 6월 1일 16시,금요일,서울특별시 종로구 신교동,경상사고,0,0,1,0,차대사람 - 차도통행중,안전운전불이행,포장 - 건조,맑음,단일로 - 기타,승용,남,50세,상해없음,보행자,남,65세,경상
4297,2018060100100409,2018년 6월 1일 16시,금요일,서울특별시 은평구 응암동,경상사고,0,0,1,0,차대사람 - 횡단중,보행자보호의무위반,포장 - 건조,맑음,교차로 - 교차로안,승용,남,71세,상해없음,보행자,여,12세,경상
4298,2018060100100410,2018년 6월 1일 16시,금요일,서울특별시 동대문구 용두동,중상사고,0,1,0,0,차대사람 - 횡단중,보행자보호의무위반,포장 - 건조,맑음,교차로 - 교차로횡단보도내,승용,남,42세,상해없음,보행자,남,54세,중상
4299,2018060100100454,2018년 6월 1일 17시,금요일,서울특별시 은평구 역촌동,경상사고,0,0,1,0,차대사람 - 기타,안전운전불이행,포장 - 건조,맑음,단일로 - 기타,승용,남,71세,상해없음,보행자,남,8세,경상
4300,2018060100100501,2018년 6월 1일 18시,금요일,서울특별시 강남구 신사동,중상사고,0,1,0,0,차대사람 - 기타,안전운전불이행,포장 - 건조,맑음,교차로 - 교차로부근,승합,남,53세,상해없음,보행자,여,20세,중상
4301,2018060100100502,2018년 6월 1일 18시,금요일,서울특별시 강동구 천호동,중상사고,0,1,0,0,차대사람 - 기타,안전운전불이행,포장 - 건조,맑음,단일로 - 기타,이륜,남,22세,상해없음,보행자,여,65세,중상
4302,2018060100100588,2018년 6월 1일 20시,금요일,서울특별시 성북구 동선동1가,경상사고,0,0,1,0,차대사람 - 횡단중,안전운전불이행,포장 - 건조,맑음,단일로 - 기타,승용,남,24세,상해없음,보행자,여,21세,경상
4303,2018060100100589,2018년 6월 1일 20시,금요일,서울특별시 광진구 중곡동,중상사고,0,1,1,0,차대사람 - 횡단중,안전운전불이행,포장 - 건조,맑음,교차로 - 교차로횡단보도내,원동기,남,21세,경상,보행자,남,59세,중상
4304,2018060100100591,2018년 6월 1일 20시,금요일,서울특별시 마포구 서교동,경상사고,0,0,1,0,차대사람 - 기타,안전운전불이행,포장 - 건조,맑음,단일로 - 기타,승용,남,46세,상해없음,보행자,여,29세,경상
4305,2018060100100594,2018년 6월 1일 20시,금요일,서울특별시 강서구 방화동,경상사고,0,0,1,0,차대사람 - 차도통행중,안전운전불이행,포장 - 건조,맑음,단일로 - 기타,승용,여,61세,상해없음,보행자,여,77세,경상
4306,2018060100100596,2018년 6월 1일 20시,금요일,서울특별시 성북구 장위동,중상사고,0,1,0,0,차대사람 - 횡단중,보행자보호의무위반,포장 - 건조,맑음,교차로 - 교차로안,승용,여,35세,상해없음,보행자,여,77세,중상
4307,2018060100100598,2018년 6월 1일 20시,금요일,서울특별시 도봉구 도봉동,경상사고,0,0,1,0,차대사람 - 기타,안전운전불이행,포장 - 건조,맑음,단일로 - 기타,승용,여,19세,상해없음,보행자,남,63세,경상
4308,2018060100100626,2018년 6월 1일 21시,금요일,서울특별시 양천구 신정동,중상사고,0,1,0,0,차대사람 - 길가장자리구역통행중,안전운전불이행,포장 - 건조,맑음,단일로 - 기타,승용,여,62세,상해없음,보행자,여,32세,중상
4309,2018060100100661,2018년 6월 1일 22시,금요일,서울특별시 동대문구 용두동,중상사고,0,1,0,0,차대사람 - 횡단중,안전운전불이행,포장 - 건조,맑음,교차로 - 교차로안,승용,남,60세,상해없음,보행자,남,52세,중상
4310,2018060100100662,2018년 6월 1일 22시,금요일,서울특별시 마포구 도화동,중상사고,0,1,1,0,차대사람 - 횡단중,보행자보호의무위반,포장 - 건조,맑음,단일로 - 기타,승용,여,51세,상해없음,보행자,남,51세,경상
4311,2018060100100663,2018년 6월 1일 22시,금요일,서울특별시 송파구 가락동,부상신고사고,0,0,0,1,차대사람 - 기타,안전운전불이행,포장 - 건조,맑음,단일로 - 기타,승용,남,33세,상해없음,보행자,남,60세,부상신고
4312,2018060100100665,2018년 6월 1일 22시,금요일,서울특별시 양천구 목동,경상사고,0,0,1,0,차대사람 - 기타,안전운전불이행,포장 - 건조,맑음,단일로 - 기타,이륜,남,15세,상해없음,보행자,여,7세,경상
4313,2018060100100697,2018년 6월 1일 23시,금요일,서울특별시 강북구 미아동,중상사고,0,1,0,0,차대사람 - 기타,안전운전불이행,포장 - 건조,흐림,교차로 - 교차로안,승용,남,56세,상해없음,보행자,여,63세,중상
4314,2018060100100703,2018년 6월 1일 23시,금요일,서울특별시 중랑구 상봉동,중상사고,0,1,0,0,차대사람 - 횡단중,안전운전불이행,포장 - 건조,맑음,단일로 - 기타,승용,여,57세,상해없음,보행자,여,20세,중상
4315,2018060100100704,2018년 6월 1일 23시,금요일,서울특별시 강서구 화곡동,경상사고,0,0,2,0,차대사람 - 기타,안전운전불이행,포장 - 건조,맑음,교차로 - 교차로부근,승용,남,33세,상해없음,보행자,여,63세,경상
4316,2018060100100706,2018년 6월 1일 23시,금요일,서울특별시 강남구 역삼동,경상사고,0,0,1,0,차대사람 - 기타,안전운전불이행,포장 - 건조,맑음,단일로 - 기타,승용,남,54세,상해없음,보행자,남,46세,경상
4317,2018060200100143,2018년 6월 2일 09시,토요일,서울특별시 송파구 신천동,중상사고,0,1,0,0,차대사람 - 횡단중,중앙선침범,포장 - 건조,맑음,단일로 - 기타,승용,남,65세,상해없음,보행자,남,2세,중상
4318,2018060200100144,2018년 6월 2일 09시,토요일,서울특별시 양천구 목동,경상사고,0,0,1,0,차대사람 - 기타,기타,포장 - 건조,맑음,단일로 - 기타,승용,남,50세,상해없음,보행자,남,36세,경상
4319,2018060200100146,2018년 6월 2일 09시,토요일,서울특별시 은평구 불광동,경상사고,0,0,1,0,차대사람 - 기타,안전운전불이행,포장 - 건조,맑음,단일로 - 기타,화물,남,44세,상해없음,보행자,여,60세,경상
4320,2018060200100166,2018년 6월 2일 10시,토요일,서울특별시 중랑구 상봉동,경상사고,0,0,1,0,차대사람 - 횡단중,안전운전불이행,포장 - 건조,맑음,단일로 - 기타,승용,여,44세,상해없음,보행자,여,58세,경상
4321,2018060200100168,2018년 6월 2일 10시,토요일,서울특별시 송파구 마천동,중상사고,0,1,0,0,차대사람 - 차도통행중,안전운전불이행,포장 - 건조,맑음,교차로 - 교차로안,승용,여,49세,상해없음,보행자,여,58세,중상
4322,2018060200100172,2018년 6월 2일 10시,토요일,서울특별시 노원구 중계동,경상사고,0,0,1,0,차대사람 - 횡단중,신호위반,포장 - 건조,맑음,교차로 - 교차로횡단보도내,자전거,남,17세,상해없음,보행자,여,54세,경상
4323,2018060200100302,2018년 6월 2일 13시,토요일,서울특별시 도봉구 쌍문동,경상사고,0,0,1,0,차대사람 - 기타,안전운전불이행,포장 - 건조,맑음,단일로 - 기타,승용,남,60세,상해없음,보행자,여,44세,경상
4324,2018060200100385,2018년 6월 2일 15시,토요일,서울특별시 구로구 구로동,경상사고,0,0,1,0,차대사람 - 횡단중,신호위반,포장 - 건조,맑음,교차로 - 교차로횡단보도내,승용,남,67세,상해없음,보행자,남,23세,경상
4325,2018060200100427,2018년 6월 2일 16시,토요일,서울특별시 노원구 중계동,경상사고,0,0,1,0,차대사람 - 횡단중,신호위반,포장 - 건조,맑음,교차로 - 교차로횡단보도내,승용,여,36세,상해없음,보행자,여,73세,경상
4326,2018060200100484,2018년 6월 2일 17시,토요일,서울특별시 도봉구 창동,중상사고,0,1,0,0,차대사람 - 보도통행중,기타,포장 - 건조,맑음,단일로 - 기타,승용,남,49세,상해없음,보행자,남,43세,중상
4327,2018060200100534,2018년 6월 2일 18시,토요일,서울특별시 광진구 중곡동,경상사고,0,0,1,0,차대사람 - 횡단중,안전운전불이행,포장 - 건조,맑음,단일로 - 기타,승용,남,69세,상해없음,보행자,여,71세,경상
4328,2018060200100537,2018년 6월 2일 18시,토요일,서울특별시 중랑구 면목동,경상사고,0,0,1,0,차대사람 - 기타,안전운전불이행,포장 - 건조,맑음,교차로 - 교차로부근,승용,남,58세,상해없음,보행자,남,39세,경상
4329,2018060200100541,2018년 6월 2일 18시,토요일,서울특별시 은평구 진관동,중상사고,0,1,0,0,차대사람 - 횡단중,신호위반,포장 - 건조,맑음,교차로 - 교차로안,승용,여,49세,상해없음,보행자,여,65세,중상
4330,2018060200100604,2018년 6월 2일 20시,토요일,서울특별시 광진구 자양동,경상사고,0,0,1,0,차대사람 - 기타,안전운전불이행,포장 - 건조,맑음,단일로 - 기타,승용,남,59세,상해없음,보행자,남,67세,경상
4331,2018060200100607,2018년 6월 2일 20시,토요일,서울특별시 강동구 천호동,경상사고,0,0,2,0,차대사람 - 기타,안전운전불이행,포장 - 건조,맑음,단일로 - 기타,승용,남,50세,상해없음,보행자,여,60세,경상
4332,2018060200100608,2018년 6월 2일 20시,토요일,서울특별시 양천구 신월동,경상사고,0,0,1,0,차대사람 - 기타,안전운전불이행,포장 - 건조,맑음,단일로 - 기타,화물,남,55세,상해없음,보행자,남,63세,경상
4333,2018060200100630,2018년 6월 2일 21시,토요일,서울특별시 종로구 신영동,중상사고,0,1,0,0,차대사람 - 기타,안전운전불이행,포장 - 건조,맑음,단일로 - 기타,승합,남,61세,상해없음,보행자,여,62세,중상
4334,2018060200100631,2018년 6월 2일 21시,토요일,서울특별시 강서구 공항동,경상사고,0,0,1,0,차대사람 - 기타,안전운전불이행,포장 - 건조,맑음,기타 - 기타,승용,남,63세,상해없음,보행자,남,59세,경상
4335,2018060200100634,2018년 6월 2일 21시,토요일,서울특별시 서초구 서초동,경상사고,0,0,1,0,차대사람 - 기타,안전운전불이행,포장 - 건조,맑음,기타 - 기타,승용,남,57세,상해없음,보행자,남,20세,경상
4336,2018060200100635,2018년 6월 2일 21시,토요일,서울특별시 서초구 서초동,경상사고,0,0,1,0,차대사람 - 보도통행중,신호위반,포장 - 건조,맑음,단일로 - 기타,승용,남,61세,상해없음,보행자,남,50세,경상
4337,2018060200100660,2018년 6월 2일 22시,토요일,서울특별시 마포구 서교동,중상사고,0,1,0,0,차대사람 - 횡단중,안전운전불이행,포장 - 건조,맑음,단일로 - 기타,승용,남,64세,상해없음,보행자,여,20세,중상
4338,2018060200100662,2018년 6월 2일 22시,토요일,서울특별시 금천구 독산동,부상신고사고,0,0,0,1,차대사람 - 기타,기타,포장 - 건조,맑음,교차로 - 교차로안,승용,남,60세,상해없음,보행자,남,34세,부상신고
4339,2018060200100694,2018년 6월 2일 23시,토요일,서울특별시 동작구 상도동,경상사고,0,0,1,0,차대사람 - 기타,안전운전불이행,포장 - 건조,맑음,단일로 - 기타,승용,남,67세,상해없음,보행자,남,45세,경상
4340,2018060200100696,2018년 6월 2일 23시,토요일,서울특별시 강서구 화곡동,중상사고,0,1,0,0,차대사람 - 기타,안전운전불이행,포장 - 건조,맑음,단일로 - 기타,승합,남,53세,상해없음,보행자,남,61세,중상
4341,2018060200100697,2018년 6월 2일 23시,토요일,서울특별시 노원구 상계동,중상사고,0,1,0,0,차대사람 - 차도통행중,안전운전불이행,포장 - 건조,흐림,단일로 - 기타,이륜,남,23세,상해없음,보행자,여,43세,중상
4342,2018060300100015,2018년 6월 3일 01시,일요일,서울특별시 관악구 신림동,경상사고,0,0,1,0,차대사람 - 기타,안전운전불이행,포장 - 건조,맑음,단일로 - 기타,승용,남,35세,상해없음,보행자,남,25세,경상
4343,2018060300100061,2018년 6월 3일 05시,일요일,서울특별시 동작구 사당동,경상사고,0,0,1,0,차대사람 - 기타,기타,포장 - 건조,맑음,기타 - 기타,승합,남,48세,상해없음,보행자,남,26세,경상
4344,2018060300100075,2018년 6월 3일 06시,일요일,서울특별시 관악구 봉천동,중상사고,0,1,0,0,차대사람 - 기타,안전거리미확보,포장 - 건조,맑음,단일로 - 기타,승용,남,63세,상해없음,보행자,남,22세,중상
4345,2018060300100083,2018년 6월 3일 07시,일요일,서울특별시 용산구 이태원동,경상사고,0,0,1,0,차대사람 - 기타,기타,포장 - 건조,맑음,단일로 - 기타,승용,남,74세,상해없음,보행자,남,22세,경상
4346,2018060300100093,2018년 6월 3일 08시,일요일,서울특별시 서대문구 연희동,중상사고,0,2,0,0,차대사람 - 길가장자리구역통행중,안전운전불이행,포장 - 건조,맑음,단일로 - 기타,자전거,남,33세,중상,보행자,남,22세,중상
4347,2018060300100129,2018년 6월 3일 10시,일요일,서울특별시 중랑구 망우동,경상사고,0,0,1,0,차대사람 - 기타,보행자보호의무위반,포장 - 건조,맑음,교차로 - 교차로부근,승합,남,55세,상해없음,보행자,여,45세,경상
4348,2018060300100149,2018년 6월 3일 11시,일요일,서울특별시 종로구 창신동,중상사고,0,1,0,0,차대사람 - 기타,안전운전불이행,포장 - 건조,맑음,단일로 - 기타,승용,남,61세,상해없음,보행자,여,62세,중상
4349,2018060300100150,2018년 6월 3일 11시,일요일,서울특별시 강북구 미아동,경상사고,0,0,1,0,차대사람 - 차도통행중,안전운전불이행,포장 - 건조,맑음,단일로 - 기타,기타불명,기타불명,미분류,기타불명,보행자,여,41세,경상
4350,2018060300100151,2018년 6월 3일 11시,일요일,서울특별시 광진구 구의동,경상사고,0,0,1,0,차대사람 - 기타,안전운전불이행,포장 - 건조,맑음,단일로 - 기타,승용,여,25세,상해없음,보행자,남,12세,경상
4351,2018060300100175,2018년 6월 3일 12시,일요일,서울특별시 광진구 중곡동,경상사고,0,0,1,0,차대사람 - 기타,안전운전불이행,포장 - 건조,맑음,단일로 - 기타,승용,남,54세,상해없음,보행자,남,34세,경상
4352,2018060300100200,2018년 6월 3일 13시,일요일,서울특별시 마포구 합정동,경상사고,0,0,1,0,차대사람 - 기타,안전운전불이행,포장 - 건조,맑음,단일로 - 기타,승용,남,56세,상해없음,보행자,남,54세,경상
4353,2018060300100262,2018년 6월 3일 15시,일요일,서울특별시 성북구 성북동,중상사고,0,1,0,0,차대사람 - 기타,안전운전불이행,포장 - 건조,맑음,단일로 - 기타,승용,여,56세,상해없음,보행자,남,71세,중상
4354,2018060300100265,2018년 6월 3일 15시,일요일,서울특별시 강남구 삼성동,중상사고,0,1,0,0,차대사람 - 횡단중,신호위반,포장 - 건조,맑음,단일로 - 기타,승용,남,58세,상해없음,보행자,여,28세,중상
4355,2018060300100267,2018년 6월 3일 15시,일요일,서울특별시 송파구 장지동,경상사고,0,0,1,0,차대사람 - 차도통행중,안전운전불이행,포장 - 건조,맑음,단일로 - 기타,화물,남,26세,상해없음,보행자,여,60세,경상
4356,2018060300100331,2018년 6월 3일 17시,일요일,서울특별시 서초구 서초동,경상사고,0,0,1,0,차대사람 - 기타,안전운전불이행,포장 - 건조,맑음,기타 - 기타,승용,남,42세,상해없음,보행자,여,25세,경상
4357,2018060300100366,2018년 6월 3일 18시,일요일,서울특별시 동대문구 장안동,경상사고,0,0,1,0,차대사람 - 횡단중,안전운전불이행,포장 - 건조,맑음,단일로 - 기타,자전거,남,46세,상해없음,보행자,여,47세,경상
4358,2018060300100418,2018년 6월 3일 20시,일요일,서울특별시 금천구 시흥동,경상사고,0,0,1,0,차대사람 - 보도통행중,기타,포장 - 건조,맑음,기타 - 기타,자전거,여,46세,상해없음,보행자,여,53세,경상
4359,2018060300100457,2018년 6월 3일 21시,일요일,서울특별시 송파구 풍납동,중상사고,0,1,0,0,차대사람 - 기타,안전운전불이행,포장 - 건조,맑음,단일로 - 기타,승용,여,55세,상해없음,보행자,남,56세,중상
4360,2018060400100006,2018년 6월 4일 01시,월요일,서울특별시 동대문구 장안동,경상사고,0,0,1,0,차대사람 - 차도통행중,기타,포장 - 건조,맑음,기타 - 기타,승용,남,60세,상해없음,보행자,남,65세,경상
4361,2018060400100021,2018년 6월 4일 04시,월요일,서울특별시 마포구 서교동,중상사고,0,1,0,0,차대사람 - 기타,안전운전불이행,포장 - 건조,맑음,교차로 - 교차로부근,승용,남,67세,상해없음,보행자,남,19세,중상
4362,2018060400100030,2018년 6월 4일 05시,월요일,서울특별시 성북구 종암동,경상사고,0,0,1,0,차대사람 - 기타,안전운전불이행,포장 - 건조,맑음,단일로 - 기타,이륜,남,24세,상해없음,보행자,여,64세,경상
4363,2018060400100032,2018년 6월 4일 05시,월요일,서울특별시 은평구 갈현동,경상사고,0,0,1,0,차대사람 - 기타,안전운전불이행,포장 - 건조,맑음,교차로 - 교차로안,승용,남,65세,상해없음,보행자,남,71세,경상
4364,2018060400100065,2018년 6월 4일 07시,월요일,서울특별시 송파구 가락동,경상사고,0,0,1,0,차대사람 - 차도통행중,교차로운행방법위반,포장 - 건조,맑음,교차로 - 교차로안,승용,남,59세,상해없음,보행자,여,30세,경상
4365,2018060400100113,2018년 6월 4일 08시,월요일,서울특별시 송파구 송파동,경상사고,0,0,1,0,차대사람 - 횡단중,안전운전불이행,포장 - 건조,맑음,교차로 - 교차로안,승용,남,43세,상해없음,보행자,남,10세,경상
4366,2018060400100157,2018년 6월 4일 09시,월요일,서울특별시 강북구 미아동,중상사고,0,1,0,0,차대사람 - 횡단중,보행자보호의무위반,포장 - 건조,맑음,교차로 - 교차로횡단보도내,승용,남,49세,상해없음,보행자,여,70세,중상
4367,2018060400100162,2018년 6월 4일 09시,월요일,서울특별시 성북구 상월곡동,사망사고,1,0,0,0,차대사람 - 횡단중,안전운전불이행,포장 - 건조,맑음,교차로 - 교차로안,승합,남,65세,상해없음,보행자,여,71세,사망
4368,2018060400100199,2018년 6월 4일 10시,월요일,서울특별시 강북구 미아동,경상사고,0,0,1,0,차대사람 - 횡단중,안전운전불이행,포장 - 건조,맑음,단일로 - 기타,이륜,남,53세,상해없음,보행자,여,85세,경상
4369,2018060400100200,2018년 6월 4일 10시,월요일,서울특별시 동작구 상도동,중상사고,0,1,0,0,차대사람 - 기타,기타,포장 - 건조,맑음,교차로 - 교차로부근,승합,남,64세,상해없음,보행자,남,77세,중상
4370,2018060400100201,2018년 6월 4일 10시,월요일,서울특별시 강서구 방화동,경상사고,0,0,1,0,차대사람 - 보도통행중,안전운전불이행,포장 - 건조,맑음,단일로 - 기타,자전거,기타불명,미분류,기타불명,보행자,남,80세,경상
4371,2018060400100202,2018년 6월 4일 10시,월요일,서울특별시 송파구 신천동,부상신고사고,0,0,0,1,차대사람 - 기타,안전운전불이행,포장 - 건조,맑음,단일로 - 기타,자전거,남,59세,상해없음,보행자,여,58세,부상신고
4372,2018060400100228,2018년 6월 4일 11시,월요일,서울특별시 관악구 신림동,중상사고,0,1,0,0,차대사람 - 기타,안전운전불이행,포장 - 기타,기타,단일로 - 기타,승합,남,66세,상해없음,보행자,남,23세,중상
4373,2018060400100229,2018년 6월 4일 11시,월요일,서울특별시 강동구 천호동,중상사고,0,1,0,0,차대사람 - 기타,안전운전불이행,포장 - 건조,흐림,단일로 - 기타,승용,남,60세,상해없음,보행자,남,79세,중상
4374,2018060400100231,2018년 6월 4일 11시,월요일,서울특별시 서초구 반포동,경상사고,0,0,1,0,차대사람 - 기타,안전운전불이행,포장 - 건조,맑음,단일로 - 기타,승용,여,44세,상해없음,보행자,남,22세,경상
4375,2018060400100260,2018년 6월 4일 12시,월요일,서울특별시 서초구 서초동,부상신고사고,0,0,0,1,차대사람 - 보도통행중,안전거리미확보,포장 - 건조,맑음,기타 - 기타,기타불명,기타불명,미분류,기타불명,보행자,남,28세,부상신고
4376,2018060400100290,2018년 6월 4일 13시,월요일,서울특별시 강북구 미아동,경상사고,0,0,1,0,차대사람 - 기타,안전운전불이행,포장 - 건조,맑음,기타 - 기타,특수,남,20세,상해없음,보행자,여,77세,경상
4377,2018060400100291,2018년 6월 4일 13시,월요일,서울특별시 동대문구 이문동,경상사고,0,0,1,0,차대사람 - 길가장자리구역통행중,안전운전불이행,포장 - 건조,맑음,단일로 - 기타,승용,남,62세,상해없음,보행자,여,24세,경상
4378,2018060400100330,2018년 6월 4일 14시,월요일,서울특별시 서초구 반포동,경상사고,0,0,1,0,차대사람 - 기타,기타,포장 - 건조,맑음,기타 - 기타,승용,남,62세,상해없음,보행자,남,31세,경상
4379,2018060400100360,2018년 6월 4일 15시,월요일,서울특별시 도봉구 창동,중상사고,0,1,0,0,차대사람 - 기타,신호위반,포장 - 기타,맑음,교차로 - 교차로안,승용,남,48세,상해없음,보행자,남,76세,중상
4380,2018060400100361,2018년 6월 4일 15시,월요일,서울특별시 강남구 도곡동,경상사고,0,0,1,0,차대사람 - 기타,안전운전불이행,포장 - 건조,맑음,단일로 - 기타,승용,여,48세,상해없음,보행자,여,54세,경상
4381,2018060400100391,2018년 6월 4일 16시,월요일,서울특별시 서대문구 홍은동,경상사고,0,0,1,0,차대사람 - 차도통행중,안전운전불이행,포장 - 건조,맑음,단일로 - 기타,화물,남,55세,상해없음,보행자,남,22세,경상
4382,2018060400100392,2018년 6월 4일 16시,월요일,서울특별시 마포구 대흥동,경상사고,0,0,1,0,차대사람 - 횡단중,안전운전불이행,포장 - 건조,맑음,단일로 - 기타,승용,여,61세,상해없음,보행자,남,8세,경상
4383,2018060400100434,2018년 6월 4일 17시,월요일,서울특별시 마포구 동교동,중상사고,0,1,0,0,차대사람 - 기타,안전운전불이행,포장 - 건조,맑음,단일로 - 기타,화물,남,53세,상해없음,보행자,남,78세,중상