,사고번호,사고일시,요일,시군구,사고내용,사망자수,중상자수,경상자수,부상신고자수,사고유형,법규위반,노면상태,기상상태,도로형태,가해운전자 차종,가해운전자 성별,가해운전자 연령,가해운전자 상해정도,피해운전자 차종,피해운전자 성별,피해운전자 연령,피해운전자 상해정도
4497,2018060900100161,2018년 6월 9일 10시,토요일,서울특별시 강서구 화곡동,중상사고,0,1,0,0,차대사람 - 차도통행중,안전운전불이행,포장 - 건조,맑음,교차로 - 교차로부근,승용,여,46세,상해없음,보행자,남,75세,중상
4498,2018060900100197,2018년 6월 9일 11시,토요일,서울특별시 서대문구 홍제동,중상사고,0,1,0,0,차대사람 - 기타,안전운전불이행,포장 - 건조,맑음,교차로 - 교차로횡단보도내,승용,남,68세,상해없음,보행자,남,66세,중상
4499,2018060900100198,2018년 6월 9일 11시,토요일,서울특별시 동대문구 장안동,경상사고,0,0,1,0,차대사람 - 기타,안전운전불이행,포장 - 건조,맑음,단일로 - 기타,승용,남,43세,상해없음,보행자,여,6세,경상
4500,2018060900100202,2018년 6월 9일 11시,토요일,서울특별시 송파구 송파동,경상사고,0,0,1,0,차대사람 - 횡단중,안전운전불이행,포장 - 건조,맑음,교차로 - 교차로부근,건설기계,남,56세,상해없음,보행자,여,24세,경상
4501,2018060900100237,2018년 6월 9일 12시,토요일,서울특별시 중랑구 면목동,중상사고,0,1,0,0,차대사람 - 기타,안전운전불이행,포장 - 건조,맑음,단일로 - 기타,승용,여,42세,상해없음,보행자,여,30세,중상
4502,2018060900100238,2018년 6월 9일 12시,토요일,서울특별시 관악구 봉천동,경상사고,0,0,1,0,차대사람 - 횡단중,신호위반,포장 - 건조,맑음,단일로 - 기타,이륜,남,24세,상해없음,보행자,남,46세,경상
4503,2018060900100270,2018년 6월 9일 13시,토요일,서울특별시 서대문구 홍제동,중상사고,0,1,0,0,차대사람 - 횡단중,신호위반,포장 - 건조,맑음,교차로 - 교차로횡단보도내,화물,남,36세,상해없음,보행자,여,78세,중상
4504,2018060900100272,2018년 6월 9일 13시,토요일,서울특별시 관악구 봉천동,경상사고,0,0,1,0,차대사람 - 횡단중,안전운전불이행,포장 - 건조,맑음,교차로 - 교차로횡단보도내,승용,남,69세,상해없음,보행자,남,38세,경상
4505,2018060900100274,2018년 6월 9일 13시,토요일,서울특별시 강남구 역삼동,부상신고사고,0,0,0,1,차대사람 - 기타,안전거리미확보,포장 - 건조,흐림,주차장 - 주차장,승용,남,47세,상해없음,보행자,남,25세,부상신고
4506,2018060900100308,2018년 6월 9일 14시,토요일,서울특별시 노원구 중계동,중상사고,0,1,0,0,차대사람 - 횡단중,보행자보호의무위반,포장 - 건조,맑음,교차로 - 교차로부근,승합,남,53세,상해없음,보행자,남,67세,중상
4507,2018060900100343,2018년 6월 9일 15시,토요일,서울특별시 성북구 석관동,경상사고,0,0,1,0,차대사람 - 기타,기타,포장 - 건조,맑음,단일로 - 기타,이륜,남,56세,기타불명,보행자,남,76세,경상
4508,2018060900100372,2018년 6월 9일 16시,토요일,서울특별시 서대문구 홍은동,경상사고,0,0,1,0,차대사람 - 기타,안전운전불이행,포장 - 건조,맑음,교차로 - 교차로안,승용,여,63세,상해없음,보행자,남,17세,경상
4509,2018060900100404,2018년 6월 9일 17시,토요일,서울특별시 강남구 청담동,경상사고,0,0,1,0,차대사람 - 기타,안전운전불이행,포장 - 건조,흐림,단일로 - 기타,자전거,남,15세,상해없음,보행자,여,67세,경상
4510,2018060900100487,2018년 6월 9일 19시,토요일,서울특별시 중랑구 중화동,경상사고,0,0,1,0,차대사람 - 기타,안전운전불이행,포장 - 건조,맑음,단일로 - 기타,승합,남,58세,상해없음,보행자,남,64세,경상
4511,2018060900100528,2018년 6월 9일 20시,토요일,서울특별시 강동구 둔촌동,중상사고,0,1,0,0,차대사람 - 횡단중,안전운전불이행,포장 - 건조,맑음,단일로 - 기타,승용,남,60세,상해없음,보행자,여,73세,중상
4512,2018060900100563,2018년 6월 9일 21시,토요일,서울특별시 영등포구 신길동,경상사고,0,0,1,0,차대사람 - 기타,안전운전불이행,포장 - 젖음/습기,비,기타 - 기타,화물,남,49세,상해없음,보행자,남,51세,경상
4513,2018060900100618,2018년 6월 9일 23시,토요일,서울특별시 영등포구 당산동1가,경상사고,0,0,2,0,차대사람 - 보도통행중,신호위반,포장 - 젖음/습기,흐림,단일로 - 기타,승용,여,58세,상해없음,보행자,남,43세,경상
4514,2018060900100619,2018년 6월 9일 23시,토요일,서울특별시 성북구 석관동,경상사고,0,0,1,0,차대사람 - 기타,기타,포장 - 젖음/습기,비,단일로 - 기타,승합,남,44세,상해없음,보행자,남,63세,경상
4515,2018061000100028,2018년 6월 10일 01시,일요일,서울특별시 광진구 화양동,경상사고,0,0,1,0,차대사람 - 횡단중,보행자보호의무위반,포장 - 젖음/습기,비,교차로 - 교차로횡단보도내,승용,남,67세,상해없음,보행자,여,24세,경상
4516,2018061000100030,2018년 6월 10일 01시,일요일,서울특별시 강남구 역삼동,경상사고,0,0,1,0,차대사람 - 차도통행중,안전운전불이행,포장 - 건조,맑음,단일로 - 기타,승용,남,24세,상해없음,보행자,여,20세,경상
4517,2018061000100043,2018년 6월 10일 02시,일요일,서울특별시 영등포구 영등포동3가,중상사고,0,1,0,0,차대사람 - 기타,안전운전불이행,포장 - 젖음/습기,비,기타 - 기타,승용,남,62세,상해없음,보행자,남,65세,중상
4518,2018061000100080,2018년 6월 10일 05시,일요일,서울특별시 관악구 신림동,경상사고,0,0,1,0,차대사람 - 기타,안전운전불이행,포장 - 건조,맑음,단일로 - 기타,기타불명,기타불명,미분류,기타불명,보행자,남,25세,경상
4519,2018061000100086,2018년 6월 10일 06시,일요일,서울특별시 송파구 송파동,경상사고,0,0,1,0,차대사람 - 횡단중,안전운전불이행,포장 - 건조,흐림,단일로 - 기타,승용,남,49세,상해없음,보행자,여,63세,경상
4520,2018061000100095,2018년 6월 10일 07시,일요일,서울특별시 강남구 논현동,경상사고,0,0,1,0,차대사람 - 길가장자리구역통행중,안전운전불이행,포장 - 건조,맑음,주차장 - 주차장,승용,남,31세,상해없음,보행자,남,27세,경상
4521,2018061000100096,2018년 6월 10일 07시,일요일,서울특별시 강남구 삼성동,중상사고,0,1,0,0,차대사람 - 기타,기타,포장 - 건조,맑음,단일로 - 기타,승합,남,55세,상해없음,보행자,여,58세,중상
4522,2018061000100105,2018년 6월 10일 08시,일요일,서울특별시 성북구 길음동,중상사고,0,1,0,0,차대사람 - 횡단중,안전운전불이행,포장 - 건조,맑음,단일로 - 기타,승용,남,66세,상해없음,보행자,남,20세,중상
4523,2018061000100106,2018년 6월 10일 08시,일요일,서울특별시 마포구 합정동,경상사고,0,0,1,0,차대사람 - 기타,기타,포장 - 건조,맑음,단일로 - 기타,승용,남,55세,상해없음,보행자,여,51세,경상
4524,2018061000100120,2018년 6월 10일 09시,일요일,서울특별시 구로구 구로동,경상사고,0,0,1,0,차대사람 - 보도통행중,안전운전불이행,포장 - 건조,맑음,단일로 - 기타,자전거,남,75세,상해없음,보행자,여,53세,경상
4525,2018061000100183,2018년 6월 10일 12시,일요일,서울특별시 종로구 숭인동,중상사고,0,1,0,0,차대사람 - 길가장자리구역통행중,안전운전불이행,포장 - 건조,맑음,단일로 - 기타,화물,남,53세,상해없음,보행자,여,30세,중상
4526,2018061000100186,2018년 6월 10일 12시,일요일,서울특별시 영등포구 양평동3가,경상사고,0,0,1,0,차대사람 - 횡단중,안전운전불이행,포장 - 건조,맑음,단일로 - 기타,승용,여,50세,상해없음,보행자,남,3세,경상
4527,2018061000100208,2018년 6월 10일 13시,일요일,서울특별시 은평구 불광동,경상사고,0,0,1,0,차대사람 - 기타,안전운전불이행,포장 - 건조,맑음,교차로 - 교차로안,승용,남,46세,상해없음,보행자,남,60세,경상
4528,2018061000100241,2018년 6월 10일 14시,일요일,서울특별시 구로구 고척동,경상사고,0,0,1,0,차대사람 - 횡단중,안전운전불이행,포장 - 건조,맑음,단일로 - 기타,승용,남,29세,상해없음,보행자,여,17세,경상
4529,2018061000100264,2018년 6월 10일 15시,일요일,서울특별시 광진구 화양동,부상신고사고,0,0,0,1,차대사람 - 횡단중,안전운전불이행,포장 - 건조,맑음,교차로 - 교차로부근,자전거,여,53세,부상신고,보행자,남,20세,상해없음
4530,2018061000100297,2018년 6월 10일 16시,일요일,서울특별시 중랑구 망우동,경상사고,0,0,1,0,차대사람 - 횡단중,중앙선침범,포장 - 건조,흐림,단일로 - 기타,이륜,남,23세,상해없음,보행자,여,4세,경상
4531,2018061000100407,2018년 6월 10일 20시,일요일,서울특별시 은평구 불광동,중상사고,0,1,0,0,차대사람 - 기타,안전운전불이행,포장 - 건조,맑음,단일로 - 기타,승용,여,27세,상해없음,보행자,여,53세,중상
4532,2018061000100440,2018년 6월 10일 21시,일요일,서울특별시 관악구 신림동,중상사고,0,1,0,0,차대사람 - 기타,안전운전불이행,포장 - 건조,맑음,단일로 - 기타,승용,남,56세,상해없음,보행자,여,61세,중상
4533,2018061000100444,2018년 6월 10일 21시,일요일,서울특별시 송파구 잠실동,중상사고,0,1,0,0,차대사람 - 기타,기타,포장 - 건조,맑음,단일로 - 기타,승용,남,60세,상해없음,보행자,여,56세,중상
4534,2018061000100445,2018년 6월 10일 21시,일요일,서울특별시 서초구 반포동,경상사고,0,0,1,0,차대사람 - 기타,안전운전불이행,포장 - 건조,맑음,단일로 - 기타,자전거,남,38세,상해없음,보행자,여,38세,경상
4535,2018061000100460,2018년 6월 10일 22시,일요일,서울특별시 광진구 자양동,경상사고,0,0,1,0,차대사람 - 횡단중,안전운전불이행,포장 - 건조,맑음,단일로 - 기타,자전거,남,49세,상해없음,보행자,여,58세,경상
4536,2018061000100461,2018년 6월 10일 22시,일요일,서울특별시 중랑구 중화동,부상신고사고,0,0,0,1,차대사람 - 횡단중,안전운전불이행,포장 - 건조,맑음,단일로 - 기타,이륜,남,13세,상해없음,보행자,남,60세,부상신고
4537,2018061000100464,2018년 6월 10일 22시,일요일,서울특별시 서초구 잠원동,경상사고,0,0,1,0,차대사람 - 기타,기타,포장 - 건조,맑음,기타 - 기타,승용,남,62세,상해없음,보행자,남,34세,경상
4538,2018061000100480,2018년 6월 10일 23시,일요일,서울특별시 구로구 구로동,경상사고,0,0,1,0,차대사람 - 보도통행중,보행자보호의무위반,포장 - 건조,맑음,교차로 - 교차로횡단보도내,승합,남,65세,상해없음,보행자,남,65세,경상
4539,2018061100100085,2018년 6월 11일 08시,월요일,서울특별시 서대문구 북가좌동,경상사고,0,0,1,0,차대사람 - 횡단중,기타,포장 - 건조,맑음,단일로 - 기타,사륜오토바이(ATV),남,78세,상해없음,보행자,여,8세,경상
4540,2018061100100092,2018년 6월 11일 08시,월요일,서울특별시 노원구 상계동,중상사고,0,1,0,0,차대사람 - 횡단중,안전운전불이행,포장 - 건조,맑음,단일로 - 지하차도(도로)내,승용,여,65세,상해없음,보행자,여,14세,중상
4541,2018061100100093,2018년 6월 11일 08시,월요일,서울특별시 도봉구 창동,중상사고,0,1,0,0,차대사람 - 횡단중,안전운전불이행,포장 - 건조,맑음,교차로 - 교차로안,승용,여,50세,상해없음,보행자,여,72세,중상
4542,2018061100100130,2018년 6월 11일 09시,월요일,서울특별시 중랑구 묵동,중상사고,0,1,0,0,차대사람 - 차도통행중,안전운전불이행,포장 - 건조,맑음,교차로 - 교차로안,승용,여,44세,상해없음,보행자,남,90세 이상,중상
4543,2018061100100158,2018년 6월 11일 10시,월요일,서울특별시 용산구 한강로2가,경상사고,0,0,1,0,차대사람 - 횡단중,보행자보호의무위반,포장 - 건조,맑음,단일로 - 기타,승용,남,72세,상해없음,보행자,여,45세,경상
4544,2018061100100159,2018년 6월 11일 10시,월요일,서울특별시 강북구 미아동,경상사고,0,0,1,0,차대사람 - 길가장자리구역통행중,안전운전불이행,포장 - 건조,맑음,교차로 - 교차로안,승용,남,69세,상해없음,보행자,여,17세,경상
4545,2018061100100192,2018년 6월 11일 11시,월요일,서울특별시 종로구 연건동,경상사고,0,0,1,0,차대사람 - 기타,안전운전불이행,포장 - 건조,맑음,단일로 - 기타,승합,남,37세,상해없음,보행자,남,90세 이상,경상
4546,2018061100100223,2018년 6월 11일 12시,월요일,서울특별시 용산구 효창동,경상사고,0,0,1,0,차대사람 - 횡단중,보행자보호의무위반,포장 - 건조,맑음,교차로 - 교차로부근,승용,남,69세,상해없음,보행자,여,38세,경상
4547,2018061100100224,2018년 6월 11일 12시,월요일,서울특별시 용산구 청파동2가,중상사고,0,1,0,0,차대사람 - 횡단중,안전운전불이행,포장 - 건조,맑음,단일로 - 기타,승용,남,36세,상해없음,보행자,남,54세,중상
4548,2018061100100227,2018년 6월 11일 12시,월요일,서울특별시 노원구 월계동,중상사고,0,1,0,0,차대사람 - 횡단중,보행자보호의무위반,포장 - 건조,맑음,기타 - 기타,승용,남,57세,상해없음,보행자,여,85세,중상
4549,2018061100100259,2018년 6월 11일 13시,월요일,서울특별시 동작구 노량진동,중상사고,0,1,0,0,차대사람 - 기타,안전운전불이행,포장 - 건조,맑음,단일로 - 기타,승용,남,22세,상해없음,보행자,남,27세,중상
4550,2018061100100291,2018년 6월 11일 14시,월요일,서울특별시 구로구 개봉동,중상사고,0,1,0,0,차대사람 - 횡단중,안전운전불이행,포장 - 건조,맑음,교차로 - 교차로안,화물,남,59세,상해없음,보행자,여,77세,중상
4551,2018061100100325,2018년 6월 11일 15시,월요일,서울특별시 동작구 대방동,중상사고,0,1,0,0,차대사람 - 기타,안전운전불이행,포장 - 건조,맑음,단일로 - 기타,화물,남,60세,상해없음,보행자,남,3세,중상
4552,2018061100100356,2018년 6월 11일 16시,월요일,서울특별시 서대문구 창천동,중상사고,0,1,0,0,차대사람 - 횡단중,안전운전불이행,포장 - 젖음/습기,흐림,단일로 - 기타,승합,남,33세,상해없음,보행자,남,14세,중상
4553,2018061100100360,2018년 6월 11일 16시,월요일,서울특별시 중랑구 면목동,경상사고,0,0,1,0,차대사람 - 차도통행중,안전운전불이행,포장 - 건조,맑음,교차로 - 교차로안,화물,남,53세,상해없음,보행자,여,85세,경상
4554,2018061100100363,2018년 6월 11일 16시,월요일,서울특별시 도봉구 도봉동,중상사고,0,1,0,0,차대사람 - 횡단중,안전운전불이행,포장 - 건조,맑음,교차로 - 교차로횡단보도내,승용,남,56세,상해없음,보행자,여,14세,중상
4555,2018061100100364,2018년 6월 11일 16시,월요일,서울특별시 강남구 대치동,경상사고,0,0,1,0,차대사람 - 길가장자리구역통행중,안전운전불이행,포장 - 건조,맑음,단일로 - 기타,승용,여,37세,상해없음,보행자,남,20세,경상
4556,2018061100100398,2018년 6월 11일 17시,월요일,서울특별시 동작구 노량진동,경상사고,0,0,1,0,차대사람 - 차도통행중,안전운전불이행,포장 - 건조,맑음,단일로 - 기타,승용,여,20세,상해없음,보행자,여,22세,경상
4557,2018061100100402,2018년 6월 11일 17시,월요일,서울특별시 노원구 상계동,경상사고,0,0,1,0,차대사람 - 기타,안전운전불이행,포장 - 건조,맑음,기타 - 기타,기타불명,기타불명,미분류,기타불명,보행자,남,59세,경상
4558,2018061100100431,2018년 6월 11일 18시,월요일,서울특별시 동대문구 장안동,부상신고사고,0,0,0,1,차대사람 - 횡단중,보행자보호의무위반,포장 - 건조,맑음,단일로 - 기타,이륜,남,21세,상해없음,보행자,남,8세,부상신고
4559,2018061100100472,2018년 6월 11일 19시,월요일,서울특별시 영등포구 문래동3가,중상사고,0,1,0,0,차대사람 - 보도통행중,안전운전불이행,포장 - 젖음/습기,흐림,기타 - 기타,승용,남,75세,상해없음,보행자,여,59세,중상
4560,2018061100100538,2018년 6월 11일 21시,월요일,서울특별시 용산구 동자동,경상사고,0,0,1,0,차대사람 - 기타,안전운전불이행,포장 - 건조,흐림,교차로 - 교차로안,승용,여,52세,상해없음,보행자,여,23세,경상
4561,2018061100100570,2018년 6월 11일 22시,월요일,서울특별시 강남구 청담동,경상사고,0,0,1,0,차대사람 - 기타,안전운전불이행,포장 - 건조,맑음,교차로 - 교차로안,화물,남,47세,상해없음,보행자,남,30세,경상
4562,2018061100100572,2018년 6월 11일 22시,월요일,서울특별시 강서구 내발산동,경상사고,0,0,1,0,차대사람 - 횡단중,보행자보호의무위반,포장 - 젖음/습기,비,교차로 - 교차로횡단보도내,기타불명,기타불명,미분류,기타불명,보행자,여,20세,경상
4563,2018061100100604,2018년 6월 11일 23시,월요일,서울특별시 성동구 마장동,중상사고,0,1,0,0,차대사람 - 기타,안전운전불이행,포장 - 건조,맑음,교차로 - 교차로부근,승용,남,61세,상해없음,보행자,남,71세,중상
4564,2018061200100024,2018년 6월 12일 02시,화요일,서울특별시 강서구 화곡동,중상사고,0,1,0,0,차대사람 - 횡단중,안전운전불이행,포장 - 젖음/습기,비,단일로 - 기타,승용,남,71세,상해없음,보행자,남,58세,중상
4565,2018061200100044,2018년 6월 12일 06시,화요일,서울특별시 은평구 수색동,경상사고,0,0,1,0,차대사람 - 횡단중,보행자보호의무위반,포장 - 건조,맑음,교차로 - 교차로부근,승용,남,50세,상해없음,보행자,남,16세,경상
4566,2018061200100045,2018년 6월 12일 06시,화요일,서울특별시 강서구 화곡동,중상사고,0,1,0,0,차대사람 - 기타,안전운전불이행,포장 - 건조,맑음,기타 - 기타,승용,남,43세,상해없음,보행자,여,56세,중상
4567,2018061200100092,2018년 6월 12일 08시,화요일,서울특별시 영등포구 여의도동,경상사고,0,0,1,0,차대사람 - 횡단중,안전운전불이행,포장 - 건조,맑음,교차로 - 교차로안,승용,남,30세,상해없음,보행자,남,36세,경상
4568,2018061200100136,2018년 6월 12일 09시,화요일,서울특별시 영등포구 영등포동,경상사고,0,0,1,0,차대사람 - 기타,안전운전불이행,포장 - 건조,맑음,기타 - 기타,화물,남,61세,상해없음,보행자,남,57세,경상
4569,2018061200100169,2018년 6월 12일 10시,화요일,서울특별시 강북구 수유동,경상사고,0,0,1,0,차대사람 - 기타,신호위반,포장 - 건조,맑음,교차로 - 교차로안,승용,남,57세,상해없음,보행자,여,76세,경상
4570,2018061200100171,2018년 6월 12일 10시,화요일,서울특별시 강서구 화곡동,경상사고,0,0,1,0,차대사람 - 횡단중,보행자보호의무위반,포장 - 건조,맑음,교차로 - 교차로횡단보도내,화물,남,55세,상해없음,보행자,남,58세,경상
4571,2018061200100212,2018년 6월 12일 11시,화요일,서울특별시 중랑구 중화동,경상사고,0,0,1,0,차대사람 - 기타,불법유턴,포장 - 건조,맑음,주차장 - 주차장,승용,남,78세,상해없음,보행자,남,18세,경상
4572,2018061200100216,2018년 6월 12일 11시,화요일,서울특별시 노원구 공릉동,경상사고,0,0,1,0,차대사람 - 횡단중,안전운전불이행,포장 - 건조,맑음,기타 - 기타,자전거,남,22세,상해없음,보행자,여,71세,경상
4573,2018061200100239,2018년 6월 12일 12시,화요일,서울특별시 종로구 낙원동,중상사고,0,1,0,0,차대사람 - 횡단중,보행자보호의무위반,포장 - 건조,맑음,교차로 - 교차로횡단보도내,화물,남,66세,상해없음,보행자,남,79세,중상
4574,2018061200100273,2018년 6월 12일 13시,화요일,서울특별시 영등포구 당산동2가,경상사고,0,0,1,0,차대사람 - 길가장자리구역통행중,안전운전불이행,포장 - 건조,맑음,단일로 - 기타,승용,여,51세,상해없음,보행자,여,25세,경상
4575,2018061200100274,2018년 6월 12일 13시,화요일,서울특별시 송파구 마천동,경상사고,0,0,1,0,차대사람 - 횡단중,안전운전불이행,포장 - 건조,맑음,교차로 - 교차로안,화물,남,51세,상해없음,보행자,여,48세,경상
4576,2018061200100298,2018년 6월 12일 14시,화요일,서울특별시 서대문구 홍제동,경상사고,0,0,1,0,차대사람 - 기타,안전운전불이행,포장 - 건조,맑음,단일로 - 기타,이륜,남,56세,상해없음,보행자,남,41세,경상
4577,2018061200100337,2018년 6월 12일 15시,화요일,서울특별시 송파구 삼전동,중상사고,0,1,0,0,차대사람 - 보도통행중,기타,포장 - 건조,맑음,기타 - 기타,화물,남,44세,상해없음,보행자,남,65세,중상
4578,2018061200100340,2018년 6월 12일 15시,화요일,서울특별시 은평구 진관동,경상사고,0,0,1,0,차대사람 - 횡단중,보행자보호의무위반,포장 - 건조,맑음,교차로 - 교차로부근,승용,남,24세,상해없음,보행자,남,67세,경상
4579,2018061200100367,2018년 6월 12일 16시,화요일,서울특별시 금천구 시흥동,중상사고,0,1,0,0,차대사람 - 기타,안전운전불이행,포장 - 건조,맑음,단일로 - 기타,승용,남,50세,상해없음,보행자,여,65세,중상
4580,2018061200100369,2018년 6월 12일 16시,화요일,서울특별시 강서구 가양동,경상사고,0,0,1,0,차대사람 - 차도통행중,안전운전불이행,포장 - 기타,기타,교차로 - 교차로안,승합,남,53세,기타불명,보행자,남,62세,경상
4581,2018061200100407,2018년 6월 12일 17시,화요일,서울특별시 동작구 상도1동,중상사고,0,1,0,0,차대사람 - 기타,안전운전불이행,포장 - 건조,맑음,교차로 - 교차로안,이륜,남,17세,상해없음,보행자,남,5세,중상
4582,2018061200100409,2018년 6월 12일 17시,화요일,서울특별시 양천구 신정동,경상사고,0,0,1,0,차대사람 - 횡단중,신호위반,포장 - 건조,맑음,교차로 - 교차로횡단보도내,승합,남,61세,상해없음,보행자,여,7세,경상
4583,2018061200100507,2018년 6월 12일 19시,화요일,서울특별시 강북구 수유동,경상사고,0,0,1,0,차대사람 - 차도통행중,안전운전불이행,포장 - 건조,맑음,단일로 - 기타,승용,남,34세,상해없음,보행자,여,26세,경상
4584,2018061200100508,2018년 6월 12일 19시,화요일,서울특별시 금천구 가산동,경상사고,0,0,1,0,차대사람 - 횡단중,안전운전불이행,포장 - 건조,맑음,단일로 - 기타,승합,여,59세,상해없음,보행자,남,67세,경상
4585,2018061200100510,2018년 6월 12일 19시,화요일,서울특별시 송파구 석촌동,경상사고,0,0,1,0,차대사람 - 횡단중,보행자보호의무위반,포장 - 건조,맑음,교차로 - 교차로횡단보도내,화물,남,63세,상해없음,보행자,남,65세,경상
4586,2018061200100558,2018년 6월 12일 20시,화요일,서울특별시 도봉구 쌍문동,중상사고,0,1,0,0,차대사람 - 차도통행중,안전운전불이행,포장 - 건조,맑음,단일로 - 기타,승용,남,52세,상해없음,보행자,여,66세,중상
4587,2018061200100584,2018년 6월 12일 21시,화요일,서울특별시 종로구 종로3가,중상사고,0,1,0,0,차대사람 - 횡단중,안전운전불이행,포장 - 젖음/습기,맑음,교차로 - 교차로횡단보도내,승용,남,37세,상해없음,보행자,남,54세,중상
4588,2018061200100585,2018년 6월 12일 21시,화요일,서울특별시 동대문구 제기동,중상사고,0,1,0,0,차대사람 - 기타,안전운전불이행,포장 - 건조,맑음,단일로 - 기타,승용,남,50세,상해없음,보행자,남,63세,중상
4589,2018061200100587,2018년 6월 12일 21시,화요일,서울특별시 성동구 하왕십리동,중상사고,0,1,0,0,차대사람 - 기타,안전운전불이행,포장 - 건조,맑음,기타 - 기타,승용,남,62세,상해없음,보행자,여,27세,중상
4590,2018061200100649,2018년 6월 12일 23시,화요일,서울특별시 마포구 서교동,중상사고,0,1,0,0,차대사람 - 차도통행중,안전운전불이행,포장 - 건조,맑음,단일로 - 기타,이륜,남,25세,기타불명,보행자,남,44세,중상
4591,2018061300100021,2018년 6월 13일 01시,수요일,서울특별시 마포구 창전동,중상사고,0,1,0,0,차대사람 - 횡단중,신호위반,포장 - 건조,맑음,교차로 - 교차로횡단보도내,승용,남,35세,상해없음,보행자,남,47세,중상
4592,2018061300100023,2018년 6월 13일 01시,수요일,서울특별시 강남구 논현동,중상사고,0,1,0,0,차대사람 - 횡단중,신호위반,포장 - 기타,맑음,기타 - 기타,승용,여,52세,상해없음,보행자,남,46세,중상
4593,2018061300100024,2018년 6월 13일 01시,수요일,서울특별시 노원구 하계동,사망사고,1,0,0,1,차대사람 - 횡단중,안전운전불이행,포장 - 건조,맑음,단일로 - 지하차도(도로)내,승용,남,62세,상해없음,보행자,남,28세,사망
4594,2018061300100037,2018년 6월 13일 02시,수요일,서울특별시 강남구 신사동,중상사고,0,1,0,0,차대사람 - 횡단중,신호위반,포장 - 건조,맑음,교차로 - 교차로횡단보도내,승용,여,32세,상해없음,보행자,여,16세,중상
4595,2018061300100052,2018년 6월 13일 03시,수요일,서울특별시 성북구 동선동4가,부상신고사고,0,0,0,1,차대사람 - 횡단중,안전운전불이행,포장 - 건조,맑음,단일로 - 기타,승용,남,67세,상해없음,보행자,여,60세,부상신고
4596,2018061300100054,2018년 6월 13일 03시,수요일,서울특별시 중랑구 면목동,경상사고,0,0,1,0,차대사람 - 횡단중,기타,포장 - 건조,맑음,교차로 - 교차로횡단보도내,기타불명,기타불명,미분류,기타불명,보행자,남,22세,경상
4597,2018061300100055,2018년 6월 13일 03시,수요일,서울특별시 노원구 상계동,경상사고,0,0,1,0,차대사람 - 기타,안전운전불이행,포장 - 건조,맑음,단일로 - 기타,승용,남,61세,상해없음,보행자,남,51세,경상
4598,2018061300100102,2018년 6월 13일 07시,수요일,서울특별시 용산구 동자동,부상신고사고,0,0,0,1,차대사람 - 기타,안전운전불이행,포장 - 건조,맑음,기타 - 기타,기타불명,기타불명,미분류,기타불명,보행자,남,43세,부상신고
4599,2018061300100104,2018년 6월 13일 07시,수요일,서울특별시 강남구 역삼동,중상사고,0,1,0,0,차대사람 - 기타,안전운전불이행,포장 - 건조,맑음,단일로 - 기타,승용,남,27세,상해없음,보행자,여,70세,중상
4600,2018061300100131,2018년 6월 13일 08시,수요일,서울특별시 금천구 가산동,경상사고,0,0,1,0,차대사람 - 횡단중,안전운전불이행,포장 - 건조,맑음,단일로 - 기타,승용,남,71세,상해없음,보행자,여,25세,경상
4601,2018061300100191,2018년 6월 13일 11시,수요일,서울특별시 서대문구 충정로3가,경상사고,0,0,1,0,차대사람 - 길가장자리구역통행중,안전운전불이행,포장 - 건조,맑음,단일로 - 기타,승용,남,43세,상해없음,보행자,남,78세,경상
4602,2018061300100192,2018년 6월 13일 11시,수요일,서울특별시 동대문구 제기동,부상신고사고,0,0,0,1,차대사람 - 기타,안전운전불이행,포장 - 건조,맑음,단일로 - 기타,승용,남,47세,상해없음,보행자,여,52세,부상신고
4603,2018061300100224,2018년 6월 13일 12시,수요일,서울특별시 동대문구 답십리동,중상사고,0,1,0,0,차대사람 - 길가장자리구역통행중,안전운전불이행,포장 - 건조,맑음,단일로 - 기타,승용,남,69세,상해없음,보행자,여,79세,중상
4604,2018061300100226,2018년 6월 13일 12시,수요일,서울특별시 관악구 봉천동,중상사고,0,1,0,0,차대사람 - 차도통행중,안전운전불이행,포장 - 건조,맑음,단일로 - 기타,승용,남,36세,상해없음,보행자,남,63세,중상
4605,2018061300100227,2018년 6월 13일 12시,수요일,서울특별시 송파구 가락동,부상신고사고,0,0,0,1,차대사람 - 기타,기타,포장 - 건조,맑음,단일로 - 기타,승합,남,54세,상해없음,보행자,여,78세,부상신고
4606,2018061300100289,2018년 6월 13일 14시,수요일,서울특별시 영등포구 영등포동4가,중상사고,0,1,0,0,차대사람 - 횡단중,신호위반,포장 - 건조,맑음,교차로 - 교차로부근,화물,남,67세,상해없음,보행자,남,81세,중상
4607,2018061300100293,2018년 6월 13일 14시,수요일,서울특별시 송파구 신천동,중상사고,0,1,0,0,차대사람 - 기타,안전운전불이행,포장 - 건조,맑음,단일로 - 기타,승용,여,54세,상해없음,보행자,남,17세,중상
4608,2018061300100294,2018년 6월 13일 14시,수요일,서울특별시 노원구 상계동,중상사고,0,1,0,0,차대사람 - 길가장자리구역통행중,안전운전불이행,포장 - 건조,맑음,교차로 - 교차로부근,승합,남,43세,상해없음,보행자,여,66세,중상