,사고번호,사고일시,요일,시군구,사고내용,사망자수,중상자수,경상자수,부상신고자수,사고유형,법규위반,노면상태,기상상태,도로형태,가해운전자 차종,가해운전자 성별,가해운전자 연령,가해운전자 상해정도,피해운전자 차종,피해운전자 성별,피해운전자 연령,피해운전자 상해정도
4946,2018062600100166,2018년 6월 26일 09시,화요일,서울특별시 서대문구 영천동,중상사고,0,1,0,0,차대사람 - 횡단중,보행자보호의무위반,포장 - 젖음/습기,비,단일로 - 기타,승합,남,69세,상해없음,보행자,여,89세,중상
4947,2018062600100168,2018년 6월 26일 09시,화요일,서울특별시 광진구 자양동,경상사고,0,0,1,0,차대사람 - 기타,안전운전불이행,포장 - 젖음/습기,비,교차로 - 교차로부근,화물,남,52세,상해없음,보행자,여,24세,경상
4948,2018062600100202,2018년 6월 26일 10시,화요일,서울특별시 용산구 한강로2가,경상사고,0,0,1,0,차대사람 - 횡단중,보행자보호의무위반,포장 - 젖음/습기,비,교차로 - 교차로부근,화물,남,48세,상해없음,보행자,남,38세,경상
4949,2018062600100291,2018년 6월 26일 13시,화요일,서울특별시 동대문구 장안동,중상사고,0,1,0,0,차대사람 - 기타,안전운전불이행,포장 - 젖음/습기,비,단일로 - 기타,승합,남,42세,상해없음,보행자,남,66세,중상
4950,2018062600100292,2018년 6월 26일 13시,화요일,서울특별시 관악구 신림동,중상사고,0,1,0,0,차대사람 - 보도통행중,안전운전불이행,포장 - 젖음/습기,비,단일로 - 기타,승용,남,57세,상해없음,보행자,여,86세,중상
4951,2018062600100314,2018년 6월 26일 14시,화요일,서울특별시 동대문구 장안동,경상사고,0,0,1,0,차대사람 - 보도통행중,신호위반,비포장 - 젖음/습기,비,교차로 - 교차로횡단보도내,승용,여,34세,상해없음,보행자,남,44세,경상
4952,2018062600100319,2018년 6월 26일 14시,화요일,서울특별시 송파구 방이동,중상사고,0,1,0,0,차대사람 - 차도통행중,안전운전불이행,포장 - 젖음/습기,비,교차로 - 교차로안,화물,남,51세,상해없음,보행자,여,72세,중상
4953,2018062600100341,2018년 6월 26일 15시,화요일,서울특별시 광진구 군자동,경상사고,0,0,1,0,차대사람 - 기타,안전운전불이행,포장 - 건조,맑음,단일로 - 기타,승용,남,50세,상해없음,보행자,남,58세,경상
4954,2018062600100346,2018년 6월 26일 15시,화요일,서울특별시 구로구 구로동,경상사고,0,0,1,0,차대사람 - 횡단중,보행자보호의무위반,포장 - 건조,맑음,단일로 - 기타,승용,여,35세,상해없음,보행자,여,50세,경상
4955,2018062600100382,2018년 6월 26일 16시,화요일,서울특별시 성북구 동선동5가,경상사고,0,0,1,0,차대사람 - 횡단중,신호위반,포장 - 젖음/습기,비,교차로 - 교차로횡단보도내,승용,여,50세,상해없음,보행자,남,7세,경상
4956,2018062600100383,2018년 6월 26일 16시,화요일,서울특별시 성북구 돈암동,경상사고,0,0,1,0,차대사람 - 횡단중,안전운전불이행,포장 - 젖음/습기,비,기타 - 기타,승용,여,62세,상해없음,보행자,여,35세,경상
4957,2018062600100386,2018년 6월 26일 16시,화요일,서울특별시 강서구 등촌동,경상사고,0,0,1,0,차대사람 - 횡단중,보행자보호의무위반,포장 - 젖음/습기,맑음,단일로 - 기타,승용,여,52세,상해없음,보행자,여,61세,경상
4958,2018062600100424,2018년 6월 26일 17시,화요일,서울특별시 서초구 우면동,중상사고,0,1,0,0,차대사람 - 횡단중,안전운전불이행,포장 - 건조,맑음,교차로 - 교차로안,승용,여,37세,상해없음,보행자,남,14세,중상
4959,2018062600100426,2018년 6월 26일 17시,화요일,서울특별시 양천구 목동,경상사고,0,0,1,0,차대사람 - 횡단중,보행자보호의무위반,포장 - 젖음/습기,비,교차로 - 교차로횡단보도내,승합,남,73세,상해없음,보행자,여,5세,경상
4960,2018062600100497,2018년 6월 26일 19시,화요일,서울특별시 양천구 신월동,중상사고,0,1,0,0,차대사람 - 횡단중,보행자보호의무위반,포장 - 젖음/습기,비,단일로 - 기타,승용,남,61세,상해없음,보행자,여,52세,중상
4961,2018062600100533,2018년 6월 26일 20시,화요일,서울특별시 도봉구 창동,경상사고,0,0,1,0,차대사람 - 횡단중,안전운전불이행,포장 - 젖음/습기,비,교차로 - 교차로안,승용,여,57세,상해없음,보행자,남,67세,경상
4962,2018062600100564,2018년 6월 26일 21시,화요일,서울특별시 종로구 창신동,부상신고사고,0,0,0,1,차대사람 - 길가장자리구역통행중,안전운전불이행,포장 - 건조,맑음,단일로 - 기타,승용,남,58세,기타불명,보행자,남,33세,부상신고
4963,2018062600100565,2018년 6월 26일 21시,화요일,서울특별시 동대문구 전농동,중상사고,0,1,1,0,차대사람 - 기타,신호위반,포장 - 젖음/습기,비,교차로 - 교차로안,이륜,남,59세,경상,보행자,여,26세,중상
4964,2018062600100566,2018년 6월 26일 21시,화요일,서울특별시 광진구 구의동,중상사고,0,1,0,0,차대사람 - 횡단중,안전운전불이행,포장 - 젖음/습기,비,교차로 - 교차로부근,승용,여,51세,상해없음,보행자,남,17세,중상
4965,2018062600100571,2018년 6월 26일 21시,화요일,서울특별시 도봉구 방학동,경상사고,0,0,1,0,차대사람 - 기타,안전운전불이행,포장 - 젖음/습기,비,단일로 - 기타,승용,남,67세,상해없음,보행자,남,50세,경상
4966,2018062700100007,2018년 6월 27일 00시,수요일,서울특별시 은평구 대조동,경상사고,0,0,1,0,차대사람 - 차도통행중,안전운전불이행,포장 - 건조,맑음,단일로 - 기타,원동기,남,35세,상해없음,보행자,남,31세,경상
4967,2018062700100063,2018년 6월 27일 06시,수요일,서울특별시 관악구 봉천동,경상사고,0,0,1,0,차대사람 - 횡단중,신호위반,포장 - 건조,맑음,단일로 - 기타,승용,남,43세,상해없음,보행자,남,37세,경상
4968,2018062700100095,2018년 6월 27일 08시,수요일,서울특별시 중구 신당동,중상사고,0,1,0,0,차대사람 - 횡단중,안전운전불이행,포장 - 건조,맑음,교차로 - 교차로안,승용,여,44세,상해없음,보행자,남,83세,중상
4969,2018062700100097,2018년 6월 27일 08시,수요일,서울특별시 영등포구 영등포동7가,경상사고,0,0,1,0,차대사람 - 횡단중,보행자보호의무위반,포장 - 건조,맑음,교차로 - 교차로안,승용,남,25세,상해없음,보행자,여,62세,경상
4970,2018062700100100,2018년 6월 27일 08시,수요일,서울특별시 송파구 마천동,부상신고사고,0,0,0,1,차대사람 - 기타,안전운전불이행,포장 - 건조,맑음,기타 - 기타,기타불명,기타불명,미분류,기타불명,보행자,여,24세,부상신고
4971,2018062700100161,2018년 6월 27일 10시,수요일,서울특별시 성북구 길음동,경상사고,0,0,1,0,차대사람 - 차도통행중,안전운전불이행,포장 - 건조,맑음,단일로 - 기타,승용,여,42세,상해없음,보행자,여,39세,경상
4972,2018062700100184,2018년 6월 27일 11시,수요일,서울특별시 송파구 장지동,경상사고,0,0,1,0,차대사람 - 횡단중,신호위반,포장 - 젖음/습기,흐림,교차로 - 교차로부근,화물,남,52세,상해없음,보행자,남,75세,경상
4973,2018062700100206,2018년 6월 27일 12시,수요일,서울특별시 도봉구 쌍문동,경상사고,0,0,1,0,차대사람 - 차도통행중,기타,포장 - 건조,맑음,단일로 - 기타,승용,남,62세,상해없음,보행자,남,68세,경상
4974,2018062700100248,2018년 6월 27일 14시,수요일,서울특별시 성동구 용답동,경상사고,0,0,1,0,차대사람 - 기타,안전운전불이행,포장 - 건조,맑음,단일로 - 기타,화물,남,47세,기타불명,보행자,남,43세,경상
4975,2018062700100309,2018년 6월 27일 16시,수요일,서울특별시 은평구 신사동,경상사고,0,0,1,0,차대사람 - 차도통행중,안전운전불이행,포장 - 건조,맑음,교차로 - 교차로안,승용,여,62세,상해없음,보행자,남,17세,경상
4976,2018062700100311,2018년 6월 27일 16시,수요일,서울특별시 마포구 동교동,경상사고,0,0,1,0,차대사람 - 기타,안전운전불이행,포장 - 건조,맑음,단일로 - 기타,승용,남,32세,상해없음,보행자,남,19세,경상
4977,2018062700100312,2018년 6월 27일 16시,수요일,서울특별시 강남구 청담동,중상사고,0,1,0,0,차대사람 - 보도통행중,기타,포장 - 건조,흐림,기타 - 기타,승용,여,41세,상해없음,보행자,남,31세,중상
4978,2018062700100342,2018년 6월 27일 17시,수요일,서울특별시 강북구 번동,경상사고,0,0,1,0,차대사람 - 기타,안전운전불이행,포장 - 건조,맑음,단일로 - 기타,승용,남,56세,상해없음,보행자,여,44세,경상
4979,2018062700100343,2018년 6월 27일 17시,수요일,서울특별시 영등포구 양평동5가,중상사고,0,1,0,0,차대사람 - 횡단중,안전운전불이행,포장 - 건조,맑음,교차로 - 교차로안,승용,남,52세,상해없음,보행자,여,73세,중상
4980,2018062700100348,2018년 6월 27일 17시,수요일,서울특별시 강남구 대치동,중상사고,0,1,0,1,차대사람 - 기타,안전운전불이행,포장 - 건조,맑음,단일로 - 기타,승용,여,46세,부상신고,보행자,남,18세,중상
4981,2018062700100406,2018년 6월 27일 18시,수요일,서울특별시 송파구 잠실동,경상사고,0,0,1,0,차대사람 - 기타,안전운전불이행,포장 - 건조,맑음,단일로 - 기타,승용,남,26세,상해없음,보행자,남,28세,경상
4982,2018062700100407,2018년 6월 27일 18시,수요일,서울특별시 노원구 중계동,경상사고,0,0,1,0,차대사람 - 차도통행중,안전운전불이행,포장 - 건조,흐림,단일로 - 기타,승용,여,45세,상해없음,보행자,남,53세,경상
4983,2018062700100408,2018년 6월 27일 18시,수요일,서울특별시 강남구 개포동,중상사고,0,1,1,0,차대사람 - 횡단중,보행자보호의무위반,포장 - 건조,맑음,교차로 - 교차로횡단보도내,승용,남,41세,상해없음,보행자,남,47세,경상
4984,2018062700100434,2018년 6월 27일 19시,수요일,서울특별시 동작구 상도동,부상신고사고,0,0,0,1,차대사람 - 기타,안전운전불이행,포장 - 건조,맑음,단일로 - 기타,승용,여,47세,상해없음,보행자,남,64세,부상신고
4985,2018062700100458,2018년 6월 27일 20시,수요일,서울특별시 종로구 서린동,경상사고,0,0,1,0,차대사람 - 기타,안전운전불이행,포장 - 건조,맑음,단일로 - 기타,승합,남,44세,상해없음,보행자,남,55세,경상
4986,2018062700100462,2018년 6월 27일 20시,수요일,서울특별시 송파구 방이동,경상사고,0,0,1,0,차대사람 - 기타,안전운전불이행,포장 - 건조,맑음,기타 - 기타,승용,남,67세,상해없음,보행자,남,29세,경상
4987,2018062700100490,2018년 6월 27일 21시,수요일,서울특별시 성동구 도선동,경상사고,0,0,1,0,차대사람 - 횡단중,중앙선침범,포장 - 건조,맑음,교차로 - 교차로부근,승용,남,47세,상해없음,보행자,여,53세,경상
4988,2018062700100491,2018년 6월 27일 21시,수요일,서울특별시 동작구 흑석동,부상신고사고,0,0,0,1,차대사람 - 차도통행중,안전운전불이행,포장 - 건조,흐림,단일로 - 기타,승용,남,49세,부상신고,보행자,남,43세,상해없음
4989,2018062700100525,2018년 6월 27일 22시,수요일,서울특별시 중랑구 면목동,중상사고,0,1,0,0,차대사람 - 기타,안전운전불이행,포장 - 건조,맑음,교차로 - 교차로부근,승용,남,43세,상해없음,보행자,남,47세,중상
4990,2018062700100527,2018년 6월 27일 22시,수요일,서울특별시 은평구 대조동,중상사고,0,1,0,0,차대사람 - 횡단중,안전운전불이행,포장 - 건조,맑음,단일로 - 기타,승용,남,61세,상해없음,보행자,여,66세,중상
4991,2018062700100555,2018년 6월 27일 23시,수요일,서울특별시 은평구 녹번동,중상사고,0,1,0,0,차대사람 - 기타,안전운전불이행,포장 - 건조,맑음,교차로 - 교차로안,승용,남,62세,상해없음,보행자,남,45세,중상
4992,2018062700100556,2018년 6월 27일 23시,수요일,서울특별시 송파구 송파동,경상사고,0,0,1,0,차대사람 - 횡단중,안전운전불이행,포장 - 건조,맑음,교차로 - 교차로안,승용,남,57세,상해없음,보행자,여,23세,경상
4993,2018062800100001,2018년 6월 28일 00시,목요일,서울특별시 중구 봉래동2가,중상사고,0,1,0,0,차대사람 - 횡단중,보행자보호의무위반,포장 - 건조,맑음,단일로 - 기타,승용,남,76세,상해없음,보행자,여,69세,중상
4994,2018062800100014,2018년 6월 28일 01시,목요일,서울특별시 관악구 봉천동,중상사고,0,1,0,0,차대사람 - 횡단중,안전운전불이행,포장 - 건조,맑음,단일로 - 기타,승용,남,70세,상해없음,보행자,여,47세,중상
4995,2018062800100044,2018년 6월 28일 03시,목요일,서울특별시 서초구 방배동,경상사고,0,0,1,0,차대사람 - 횡단중,기타,포장 - 건조,맑음,미분류 - 미분류,승용,남,57세,상해없음,보행자,여,42세,경상
4996,2018062800100068,2018년 6월 28일 06시,목요일,서울특별시 양천구 신월동,경상사고,0,0,1,0,차대사람 - 기타,안전운전불이행,포장 - 건조,맑음,단일로 - 기타,승용,남,56세,상해없음,보행자,남,44세,경상
4997,2018062800100086,2018년 6월 28일 07시,목요일,서울특별시 강남구 논현동,경상사고,0,0,1,0,차대사람 - 기타,안전운전불이행,포장 - 젖음/습기,비,단일로 - 기타,승용,남,32세,상해없음,보행자,남,22세,경상
4998,2018062800100152,2018년 6월 28일 09시,목요일,서울특별시 마포구 성산동,중상사고,0,1,0,0,차대사람 - 횡단중,보행자보호의무위반,포장 - 건조,맑음,교차로 - 교차로횡단보도내,자전거,남,86세,상해없음,보행자,여,72세,중상
4999,2018062800100156,2018년 6월 28일 09시,목요일,서울특별시 도봉구 방학동,경상사고,0,0,1,0,차대사람 - 기타,안전운전불이행,포장 - 기타,맑음,단일로 - 기타,승용,남,76세,상해없음,보행자,여,37세,경상
5000,2018062800100180,2018년 6월 28일 10시,목요일,서울특별시 중구 명동1가,중상사고,0,1,0,0,차대사람 - 기타,안전운전불이행,포장 - 건조,맑음,단일로 - 기타,승용,남,64세,상해없음,보행자,여,35세,중상
5001,2018062800100181,2018년 6월 28일 10시,목요일,서울특별시 광진구 능동,경상사고,0,0,1,0,차대사람 - 횡단중,신호위반,포장 - 건조,맑음,단일로 - 기타,기타불명,기타불명,미분류,기타불명,보행자,여,32세,경상
5002,2018062800100237,2018년 6월 28일 12시,목요일,서울특별시 마포구 연남동,경상사고,0,0,1,0,차대사람 - 횡단중,안전운전불이행,포장 - 건조,맑음,교차로 - 교차로안,이륜,남,56세,상해없음,보행자,여,34세,경상
5003,2018062800100286,2018년 6월 28일 14시,목요일,서울특별시 동작구 대방동,경상사고,0,0,1,0,차대사람 - 기타,안전운전불이행,포장 - 건조,맑음,교차로 - 교차로부근,승합,남,34세,상해없음,보행자,여,70세,경상
5004,2018062800100287,2018년 6월 28일 14시,목요일,서울특별시 중랑구 면목동,경상사고,0,0,1,0,차대사람 - 기타,안전운전불이행,포장 - 건조,맑음,기타 - 기타,승용,남,40세,상해없음,보행자,여,22세,경상
5005,2018062800100330,2018년 6월 28일 16시,목요일,서울특별시 용산구 원효로1가,중상사고,0,1,0,0,차대사람 - 횡단중,안전운전불이행,포장 - 건조,맑음,단일로 - 지하차도(도로)내,승용,남,30세,상해없음,보행자,여,83세,중상
5006,2018062800100331,2018년 6월 28일 16시,목요일,서울특별시 영등포구 대림동,중상사고,0,1,1,0,차대사람 - 길가장자리구역통행중,안전운전불이행,포장 - 건조,맑음,단일로 - 기타,화물,남,50세,기타불명,보행자,남,70세,경상
5007,2018062800100334,2018년 6월 28일 16시,목요일,서울특별시 성동구 금호동4가,경상사고,0,0,1,0,차대사람 - 기타,안전운전불이행,포장 - 젖음/습기,비,기타 - 기타,승합,남,78세,상해없음,보행자,남,7세,경상
5008,2018062800100336,2018년 6월 28일 16시,목요일,서울특별시 노원구 월계동,경상사고,0,0,1,0,차대사람 - 횡단중,안전운전불이행,포장 - 젖음/습기,비,교차로 - 교차로안,화물,남,53세,상해없음,보행자,여,56세,경상
5009,2018062800100337,2018년 6월 28일 16시,목요일,서울특별시 도봉구 창동,경상사고,0,0,1,0,차대사람 - 횡단중,안전운전불이행,포장 - 젖음/습기,흐림,교차로 - 교차로부근,화물,남,51세,상해없음,보행자,여,17세,경상
5010,2018062800100373,2018년 6월 28일 17시,목요일,서울특별시 관악구 신림동,경상사고,0,0,1,0,차대사람 - 기타,안전운전불이행,포장 - 기타,맑음,단일로 - 기타,승용,남,52세,상해없음,보행자,여,58세,경상
5011,2018062800100421,2018년 6월 28일 18시,목요일,서울특별시 서초구 반포동,경상사고,0,0,1,0,차대사람 - 기타,안전운전불이행,포장 - 젖음/습기,비,단일로 - 기타,승용,남,79세,상해없음,보행자,남,49세,경상
5012,2018062800100459,2018년 6월 28일 19시,목요일,서울특별시 금천구 독산동,경상사고,0,0,2,0,차대사람 - 횡단중,안전운전불이행,포장 - 젖음/습기,비,단일로 - 기타,이륜,남,35세,경상,보행자,남,45세,경상
5013,2018062800100489,2018년 6월 28일 20시,목요일,서울특별시 광진구 화양동,경상사고,0,0,1,0,차대사람 - 기타,안전운전불이행,포장 - 건조,맑음,교차로 - 교차로안,승합,남,46세,상해없음,보행자,남,46세,경상
5014,2018062800100556,2018년 6월 28일 22시,목요일,서울특별시 서초구 서초동,부상신고사고,0,0,0,1,차대사람 - 기타,안전운전불이행,포장 - 건조,맑음,단일로 - 기타,승용,여,56세,기타불명,보행자,남,21세,부상신고
5015,2018062800100577,2018년 6월 28일 23시,목요일,서울특별시 종로구 종로6가,경상사고,0,0,1,0,차대사람 - 기타,안전운전불이행,포장 - 건조,맑음,교차로 - 교차로부근,기타불명,기타불명,미분류,기타불명,보행자,남,53세,경상
5016,2018062800100578,2018년 6월 28일 23시,목요일,서울특별시 종로구 숭인동,경상사고,0,0,1,0,차대사람 - 기타,안전운전불이행,포장 - 건조,맑음,단일로 - 기타,이륜,남,25세,상해없음,보행자,남,32세,경상
5017,2018062800100580,2018년 6월 28일 23시,목요일,서울특별시 강서구 마곡동,경상사고,0,0,1,0,차대사람 - 횡단중,보행자보호의무위반,포장 - 건조,맑음,교차로 - 교차로부근,승합,남,50세,상해없음,보행자,남,36세,경상
5018,2018062800100582,2018년 6월 28일 23시,목요일,서울특별시 송파구 방이동,경상사고,0,0,1,0,차대사람 - 횡단중,안전운전불이행,포장 - 건조,맑음,단일로 - 기타,승용,남,27세,상해없음,보행자,남,30세,경상
5019,2018062800100583,2018년 6월 28일 23시,목요일,서울특별시 서초구 방배동,경상사고,0,0,1,0,차대사람 - 횡단중,안전운전불이행,포장 - 건조,맑음,교차로 - 교차로안,승용,여,58세,상해없음,보행자,여,29세,경상
5020,2018062900100005,2018년 6월 29일 00시,금요일,서울특별시 노원구 중계동,중상사고,0,1,0,0,차대사람 - 횡단중,신호위반,포장 - 건조,맑음,교차로 - 교차로횡단보도내,승용,여,56세,상해없음,보행자,여,48세,중상
5021,2018062900100021,2018년 6월 29일 01시,금요일,서울특별시 강동구 천호동,경상사고,0,0,1,0,차대사람 - 보도통행중,교차로운행방법위반,포장 - 젖음/습기,비,교차로 - 교차로안,승용,여,40세,상해없음,보행자,남,66세,경상
5022,2018062900100041,2018년 6월 29일 04시,금요일,서울특별시 영등포구 양평동1가,경상사고,0,0,1,0,차대사람 - 보도통행중,보행자보호의무위반,포장 - 젖음/습기,흐림,교차로 - 교차로안,승용,남,27세,상해없음,보행자,남,25세,경상
5023,2018062900100142,2018년 6월 29일 09시,금요일,서울특별시 마포구 망원동,중상사고,0,1,0,0,차대사람 - 차도통행중,안전운전불이행,포장 - 건조,맑음,교차로 - 교차로안,화물,남,52세,상해없음,보행자,여,68세,중상
5024,2018062900100165,2018년 6월 29일 10시,금요일,서울특별시 강서구 화곡동,중상사고,0,1,0,0,차대사람 - 차도통행중,안전운전불이행,포장 - 건조,흐림,교차로 - 교차로안,승용,남,46세,기타불명,보행자,남,32세,중상
5025,2018062900100252,2018년 6월 29일 13시,금요일,서울특별시 강북구 미아동,경상사고,0,0,1,0,차대사람 - 기타,기타,포장 - 건조,흐림,단일로 - 기타,화물,남,54세,상해없음,보행자,남,40세,경상
5026,2018062900100255,2018년 6월 29일 13시,금요일,서울특별시 노원구 중계동,경상사고,0,0,1,0,차대사람 - 기타,안전운전불이행,포장 - 건조,맑음,교차로 - 교차로안,승용,여,51세,상해없음,보행자,여,73세,경상
5027,2018062900100284,2018년 6월 29일 14시,금요일,서울특별시 용산구 청파동3가,경상사고,0,0,1,0,차대사람 - 횡단중,안전운전불이행,포장 - 건조,맑음,단일로 - 기타,승용,남,71세,상해없음,보행자,여,18세,경상
5028,2018062900100286,2018년 6월 29일 14시,금요일,서울특별시 광진구 군자동,경상사고,0,0,1,0,차대사람 - 횡단중,보행자보호의무위반,포장 - 건조,맑음,교차로 - 교차로횡단보도내,승용,남,48세,상해없음,보행자,남,11세,경상
5029,2018062900100321,2018년 6월 29일 15시,금요일,서울특별시 노원구 공릉동,중상사고,0,1,0,0,차대사람 - 기타,안전운전불이행,포장 - 젖음/습기,흐림,교차로 - 교차로횡단보도내,승용,남,48세,상해없음,보행자,남,82세,중상
5030,2018062900100322,2018년 6월 29일 15시,금요일,서울특별시 은평구 역촌동,경상사고,0,0,1,0,차대사람 - 기타,안전운전불이행,포장 - 건조,맑음,단일로 - 기타,자전거,남,12세,상해없음,보행자,남,7세,경상
5031,2018062900100358,2018년 6월 29일 16시,금요일,서울특별시 서대문구 대현동,경상사고,0,0,1,0,차대사람 - 기타,안전운전불이행,포장 - 건조,맑음,단일로 - 기타,이륜,남,18세,상해없음,보행자,남,58세,경상
5032,2018062900100361,2018년 6월 29일 16시,금요일,서울특별시 동작구 흑석동,경상사고,0,0,1,0,차대사람 - 보도통행중,기타,포장 - 건조,맑음,단일로 - 기타,승용,여,42세,상해없음,보행자,남,55세,경상
5033,2018062900100364,2018년 6월 29일 16시,금요일,서울특별시 송파구 풍납동,중상사고,0,1,1,0,차대사람 - 길가장자리구역통행중,안전운전불이행,포장 - 건조,맑음,단일로 - 기타,자전거,남,59세,중상,보행자,남,50세,경상
5034,2018062900100404,2018년 6월 29일 17시,금요일,서울특별시 은평구 대조동,경상사고,0,0,1,0,차대사람 - 횡단중,안전운전불이행,포장 - 건조,맑음,교차로 - 교차로안,승용,남,34세,상해없음,보행자,여,54세,경상
5035,2018062900100495,2018년 6월 29일 19시,금요일,서울특별시 영등포구 당산동5가,경상사고,0,0,1,0,차대사람 - 기타,안전운전불이행,포장 - 건조,맑음,단일로 - 기타,승합,남,50세,상해없음,보행자,여,59세,경상
5036,2018062900100497,2018년 6월 29일 19시,금요일,서울특별시 강남구 신사동,경상사고,0,0,1,0,차대사람 - 기타,안전운전불이행,포장 - 건조,맑음,단일로 - 기타,승용,남,32세,상해없음,보행자,남,34세,경상
5037,2018062900100529,2018년 6월 29일 20시,금요일,서울특별시 중랑구 면목동,경상사고,0,0,1,0,차대사람 - 횡단중,보행자보호의무위반,포장 - 건조,맑음,교차로 - 교차로안,승용,남,59세,상해없음,보행자,여,33세,경상
5038,2018062900100531,2018년 6월 29일 20시,금요일,서울특별시 구로구 고척동,경상사고,0,0,1,0,차대사람 - 기타,안전운전불이행,포장 - 건조,맑음,단일로 - 기타,승용,여,50세,상해없음,보행자,남,63세,경상
5039,2018062900100532,2018년 6월 29일 20시,금요일,서울특별시 서초구 서초동,중상사고,0,1,0,0,차대사람 - 차도통행중,안전운전불이행,포장 - 건조,맑음,기타 - 기타,승용,남,74세,상해없음,보행자,남,51세,중상
5040,2018062900100534,2018년 6월 29일 20시,금요일,서울특별시 양천구 신월동,중상사고,0,1,0,0,차대사람 - 기타,안전운전불이행,포장 - 건조,맑음,교차로 - 교차로안,승합,남,68세,상해없음,보행자,남,77세,중상
5041,2018062900100565,2018년 6월 29일 21시,금요일,서울특별시 종로구 이화동,경상사고,0,0,1,0,차대사람 - 기타,안전운전불이행,포장 - 건조,맑음,단일로 - 기타,승용,남,29세,상해없음,보행자,남,61세,경상
5042,2018062900100602,2018년 6월 29일 22시,금요일,서울특별시 서초구 반포동,경상사고,0,0,1,0,차대사람 - 횡단중,신호위반,포장 - 건조,맑음,교차로 - 교차로부근,승용,남,55세,상해없음,보행자,여,18세,경상
5043,2018063000100001,2018년 6월 30일 00시,토요일,서울특별시 동작구 흑석동,경상사고,0,0,1,0,차대사람 - 횡단중,보행자보호의무위반,포장 - 건조,맑음,교차로 - 교차로횡단보도내,승용,남,61세,상해없음,보행자,여,24세,경상
5044,2018063000100003,2018년 6월 30일 00시,토요일,서울특별시 강남구 청담동,중상사고,0,1,0,0,차대사람 - 길가장자리구역통행중,안전운전불이행,포장 - 건조,맑음,단일로 - 기타,승용,남,45세,상해없음,보행자,남,36세,중상
5045,2018063000100046,2018년 6월 30일 02시,토요일,서울특별시 강서구 화곡동,사망사고,1,0,0,0,차대사람 - 기타,안전운전불이행,포장 - 건조,흐림,단일로 - 기타,승용,남,24세,상해없음,보행자,남,28세,사망
5046,2018063000100057,2018년 6월 30일 03시,토요일,서울특별시 강북구 수유동,경상사고,0,0,1,0,차대사람 - 기타,안전운전불이행,포장 - 건조,맑음,단일로 - 기타,승용,남,23세,상해없음,보행자,남,45세,경상
5047,2018063000100085,2018년 6월 30일 06시,토요일,서울특별시 마포구 아현동,부상신고사고,0,0,0,1,차대사람 - 기타,안전운전불이행,포장 - 젖음/습기,비,단일로 - 기타,승용,남,48세,상해없음,보행자,여,15세,부상신고
5048,2018063000100086,2018년 6월 30일 06시,토요일,서울특별시 송파구 잠실동,경상사고,0,0,1,0,차대사람 - 횡단중,안전운전불이행,포장 - 건조,맑음,단일로 - 기타,승용,남,56세,상해없음,보행자,남,24세,경상
5049,2018063000100106,2018년 6월 30일 08시,토요일,서울특별시 은평구 신사동,경상사고,0,0,1,0,차대사람 - 기타,기타,포장 - 건조,맑음,교차로 - 교차로부근,승용,남,62세,상해없음,보행자,여,19세,경상
5050,2018063000100107,2018년 6월 30일 08시,토요일,서울특별시 성북구 길음동,경상사고,0,0,1,0,차대사람 - 횡단중,보행자보호의무위반,포장 - 건조,맑음,단일로 - 기타,승용,여,39세,상해없음,보행자,여,49세,경상
5051,2018063000100125,2018년 6월 30일 09시,토요일,서울특별시 마포구 망원동,경상사고,0,0,1,0,차대사람 - 기타,안전운전불이행,포장 - 건조,맑음,단일로 - 기타,승용,여,53세,상해없음,보행자,남,67세,경상
5052,2018063000100142,2018년 6월 30일 10시,토요일,서울특별시 성동구 금호동1가,경상사고,0,0,1,0,차대사람 - 횡단중,신호위반,포장 - 건조,맑음,단일로 - 기타,승용,남,70세,상해없음,보행자,남,12세,경상
5053,2018063000100171,2018년 6월 30일 11시,토요일,서울특별시 중구 북창동,중상사고,0,1,0,0,차대사람 - 횡단중,보행자보호의무위반,포장 - 젖음/습기,비,단일로 - 기타,승합,남,61세,상해없음,보행자,여,56세,중상
5054,2018063000100174,2018년 6월 30일 11시,토요일,서울특별시 금천구 시흥동,경상사고,0,0,1,0,차대사람 - 횡단중,안전운전불이행,포장 - 건조,흐림,교차로 - 교차로부근,이륜,남,59세,상해없음,보행자,여,57세,경상
5055,2018063000100204,2018년 6월 30일 12시,토요일,서울특별시 강북구 번동,경상사고,0,0,1,0,차대사람 - 기타,안전운전불이행,포장 - 건조,맑음,교차로 - 교차로안,승용,남,65세,상해없음,보행자,남,57세,경상
5056,2018063000100239,2018년 6월 30일 13시,토요일,서울특별시 강남구 청담동,중상사고,0,1,0,0,차대사람 - 기타,안전운전불이행,포장 - 건조,맑음,단일로 - 기타,승용,여,33세,상해없음,보행자,남,52세,중상
5057,2018063000100273,2018년 6월 30일 14시,토요일,서울특별시 중랑구 면목동,경상사고,0,0,1,0,차대사람 - 기타,기타,포장 - 건조,맑음,교차로 - 교차로부근,승용,남,66세,상해없음,보행자,남,79세,경상