,사고번호,사고일시,요일,시군구,사고내용,사망자수,중상자수,경상자수,부상신고자수,사고유형,법규위반,노면상태,기상상태,도로형태,가해운전자 차종,가해운전자 성별,가해운전자 연령,가해운전자 상해정도,피해운전자 차종,피해운전자 성별,피해운전자 연령,피해운전자 상해정도
5283,2018070800100425,2018년 7월 8일 22시,일요일,서울특별시 성북구 동소문동6가,경상사고,0,0,1,0,차대사람 - 횡단중,안전운전불이행,포장 - 건조,흐림,교차로 - 교차로안,승용,남,53세,상해없음,보행자,남,39세,경상
5284,2018070900100015,2018년 7월 9일 01시,월요일,서울특별시 강북구 번동,사망사고,1,0,0,0,차대사람 - 횡단중,신호위반,포장 - 건조,맑음,교차로 - 교차로안,승합,남,59세,상해없음,보행자,남,65세,사망
5285,2018070900100024,2018년 7월 9일 03시,월요일,서울특별시 동대문구 장안동,중상사고,0,1,0,0,차대사람 - 횡단중,신호위반,포장 - 건조,맑음,기타 - 기타,승용,남,67세,상해없음,보행자,남,50세,중상
5286,2018070900100078,2018년 7월 9일 08시,월요일,서울특별시 강동구 둔촌동,경상사고,0,0,1,0,차대사람 - 기타,안전운전불이행,포장 - 건조,맑음,단일로 - 기타,승합,남,51세,상해없음,보행자,남,20세,경상
5287,2018070900100133,2018년 7월 9일 10시,월요일,서울특별시 영등포구 영등포동5가,경상사고,0,0,1,0,차대사람 - 기타,안전운전불이행,포장 - 젖음/습기,비,기타 - 기타,승용,남,33세,상해없음,보행자,여,54세,경상
5288,2018070900100178,2018년 7월 9일 12시,월요일,서울특별시 동대문구 청량리동,경상사고,0,0,1,0,차대사람 - 횡단중,안전운전불이행,포장 - 건조,맑음,단일로 - 기타,이륜,남,37세,상해없음,보행자,남,79세,경상
5289,2018070900100206,2018년 7월 9일 13시,월요일,서울특별시 강동구 길동,중상사고,0,1,0,0,차대사람 - 보도통행중,신호위반,포장 - 젖음/습기,비,교차로 - 교차로횡단보도내,승용,남,55세,상해없음,보행자,남,74세,중상
5290,2018070900100234,2018년 7월 9일 14시,월요일,서울특별시 구로구 고척동,중상사고,0,1,0,0,차대사람 - 횡단중,안전운전불이행,포장 - 젖음/습기,비,교차로 - 교차로횡단보도내,화물,남,63세,상해없음,보행자,남,69세,중상
5291,2018070900100257,2018년 7월 9일 15시,월요일,서울특별시 금천구 시흥동,사망사고,1,0,0,0,차대사람 - 횡단중,보행자보호의무위반,포장 - 젖음/습기,비,교차로 - 교차로횡단보도내,화물,남,43세,상해없음,보행자,여,86세,사망
5292,2018070900100258,2018년 7월 9일 15시,월요일,서울특별시 강남구 신사동,중상사고,0,1,0,0,차대사람 - 기타,보행자보호의무위반,포장 - 건조,맑음,교차로 - 교차로안,승용,여,50세,상해없음,보행자,여,86세,중상
5293,2018070900100260,2018년 7월 9일 15시,월요일,서울특별시 노원구 공릉동,경상사고,0,0,1,0,차대사람 - 횡단중,보행자보호의무위반,포장 - 젖음/습기,비,교차로 - 교차로안,승용,여,38세,상해없음,보행자,여,52세,경상
5294,2018070900100261,2018년 7월 9일 15시,월요일,서울특별시 은평구 진관동,경상사고,0,0,1,0,차대사람 - 횡단중,안전운전불이행,포장 - 젖음/습기,비,교차로 - 교차로부근,원동기,남,16세,상해없음,보행자,여,23세,경상
5295,2018070900100287,2018년 7월 9일 16시,월요일,서울특별시 성북구 정릉동,중상사고,0,1,0,0,차대사람 - 횡단중,안전운전불이행,포장 - 젖음/습기,비,교차로 - 교차로안,승합,남,68세,상해없음,보행자,여,86세,중상
5296,2018070900100323,2018년 7월 9일 17시,월요일,서울특별시 서대문구 북아현동,중상사고,0,1,0,0,차대사람 - 기타,안전운전불이행,포장 - 건조,맑음,교차로 - 교차로부근,승용,남,65세,상해없음,보행자,여,77세,중상
5297,2018070900100363,2018년 7월 9일 18시,월요일,서울특별시 영등포구 당산동,경상사고,0,0,1,0,차대사람 - 보도통행중,기타,포장 - 건조,맑음,단일로 - 기타,승용,여,46세,상해없음,보행자,여,33세,경상
5298,2018070900100366,2018년 7월 9일 18시,월요일,서울특별시 강남구 역삼동,중상사고,0,1,0,0,차대사람 - 길가장자리구역통행중,안전운전불이행,포장 - 젖음/습기,비,기타 - 기타,승용,남,38세,상해없음,보행자,여,57세,중상
5299,2018070900100410,2018년 7월 9일 19시,월요일,서울특별시 구로구 개봉동,중상사고,0,1,0,0,차대사람 - 횡단중,신호위반,포장 - 젖음/습기,비,단일로 - 기타,승용,여,59세,상해없음,보행자,여,15세,중상
5300,2018070900100444,2018년 7월 9일 20시,월요일,서울특별시 양천구 신정동,경상사고,0,0,1,0,차대사람 - 횡단중,보행자보호의무위반,포장 - 건조,맑음,단일로 - 기타,승용,남,62세,상해없음,보행자,남,43세,경상
5301,2018070900100467,2018년 7월 9일 21시,월요일,서울특별시 송파구 잠실동,중상사고,0,1,0,0,차대사람 - 횡단중,신호위반,포장 - 젖음/습기,비,단일로 - 기타,승용,남,59세,상해없음,보행자,남,28세,중상
5302,2018070900100498,2018년 7월 9일 22시,월요일,서울특별시 중구 저동1가,중상사고,0,1,0,0,차대사람 - 횡단중,안전운전불이행,포장 - 젖음/습기,비,교차로 - 교차로횡단보도내,승용,남,68세,상해없음,보행자,남,43세,중상
5303,2018070900100499,2018년 7월 9일 22시,월요일,서울특별시 종로구 청진동,경상사고,0,0,1,0,차대사람 - 횡단중,중앙선침범,포장 - 젖음/습기,비,단일로 - 기타,승용,여,58세,상해없음,보행자,남,33세,경상
5304,2018070900100500,2018년 7월 9일 22시,월요일,서울특별시 용산구 한남동,경상사고,0,0,1,0,차대사람 - 차도통행중,안전운전불이행,포장 - 젖음/습기,비,단일로 - 기타,승용,남,47세,상해없음,보행자,여,26세,경상
5305,2018070900100503,2018년 7월 9일 22시,월요일,서울특별시 구로구 개봉동,경상사고,0,0,1,0,차대사람 - 기타,안전운전불이행,포장 - 젖음/습기,비,단일로 - 기타,승용,남,70세,상해없음,보행자,남,51세,경상
5306,2018071000100001,2018년 7월 10일 00시,화요일,서울특별시 금천구 독산동,경상사고,0,0,1,0,차대사람 - 횡단중,신호위반,포장 - 젖음/습기,비,단일로 - 기타,이륜,남,39세,상해없음,보행자,여,27세,경상
5307,2018071000100037,2018년 7월 10일 02시,화요일,서울특별시 동대문구 제기동,경상사고,0,0,1,0,차대사람 - 기타,안전운전불이행,포장 - 젖음/습기,비,단일로 - 기타,승용,남,57세,상해없음,보행자,남,40세,경상
5308,2018071000100107,2018년 7월 10일 08시,화요일,서울특별시 영등포구 영등포동7가,경상사고,0,0,1,0,차대사람 - 횡단중,보행자보호의무위반,포장 - 건조,맑음,교차로 - 교차로부근,승용,남,53세,상해없음,보행자,남,27세,경상
5309,2018071000100109,2018년 7월 10일 08시,화요일,서울특별시 송파구 문정동,경상사고,0,0,1,0,차대사람 - 기타,안전운전불이행,포장 - 건조,맑음,단일로 - 기타,승용,남,54세,상해없음,보행자,여,71세,경상
5310,2018071000100136,2018년 7월 10일 09시,화요일,서울특별시 동대문구 장안동,경상사고,0,0,1,0,차대사람 - 기타,안전운전불이행,포장 - 건조,흐림,단일로 - 기타,승용,남,56세,상해없음,보행자,남,70세,경상
5311,2018071000100138,2018년 7월 10일 09시,화요일,서울특별시 영등포구 양평동3가,중상사고,0,1,0,0,차대사람 - 횡단중,안전운전불이행,포장 - 젖음/습기,흐림,교차로 - 교차로부근,승합,남,58세,상해없음,보행자,여,75세,중상
5312,2018071000100157,2018년 7월 10일 10시,화요일,서울특별시 강북구 수유동,중상사고,0,1,0,0,차대사람 - 기타,안전운전불이행,포장 - 건조,맑음,단일로 - 기타,승합,남,60세,상해없음,보행자,여,60세,중상
5313,2018071000100186,2018년 7월 10일 11시,화요일,서울특별시 용산구 동자동,중상사고,0,1,0,0,차대사람 - 기타,안전운전불이행,포장 - 건조,맑음,교차로 - 교차로안,승합,남,48세,상해없음,보행자,남,64세,중상
5314,2018071000100187,2018년 7월 10일 11시,화요일,서울특별시 성북구 정릉동,경상사고,0,0,1,0,차대사람 - 차도통행중,안전운전불이행,포장 - 건조,맑음,단일로 - 기타,이륜,남,51세,상해없음,보행자,남,64세,경상
5315,2018071000100188,2018년 7월 10일 11시,화요일,서울특별시 강북구 미아동,중상사고,0,1,0,0,차대사람 - 기타,안전운전불이행,포장 - 건조,맑음,단일로 - 기타,승용,여,72세,상해없음,보행자,여,75세,중상
5316,2018071000100216,2018년 7월 10일 12시,화요일,서울특별시 종로구 돈의동,경상사고,0,0,1,0,차대사람 - 보도통행중,기타,포장 - 건조,맑음,단일로 - 기타,승용,남,46세,상해없음,보행자,여,28세,경상
5317,2018071000100217,2018년 7월 10일 12시,화요일,서울특별시 송파구 거여동,부상신고사고,0,0,0,1,차대사람 - 차도통행중,안전운전불이행,포장 - 건조,흐림,교차로 - 교차로안,승용,여,56세,상해없음,보행자,남,72세,부상신고
5318,2018071000100237,2018년 7월 10일 13시,화요일,서울특별시 강남구 논현동,중상사고,0,1,0,0,차대사람 - 횡단중,안전운전불이행,포장 - 건조,맑음,교차로 - 교차로횡단보도내,승용,남,70세,상해없음,보행자,남,48세,중상
5319,2018071000100273,2018년 7월 10일 14시,화요일,서울특별시 구로구 구로동,경상사고,0,0,1,0,차대사람 - 보도통행중,보행자보호의무위반,포장 - 건조,맑음,교차로 - 교차로횡단보도내,화물,남,77세,상해없음,보행자,남,58세,경상
5320,2018071000100302,2018년 7월 10일 15시,화요일,서울특별시 용산구 이촌동,경상사고,0,0,1,0,차대사람 - 기타,안전운전불이행,포장 - 건조,맑음,단일로 - 교량,이륜,남,19세,상해없음,보행자,남,27세,경상
5321,2018071000100308,2018년 7월 10일 15시,화요일,서울특별시 도봉구 도봉동,중상사고,0,1,0,0,차대사람 - 횡단중,신호위반,포장 - 기타,맑음,교차로 - 교차로안,승합,남,64세,상해없음,보행자,여,57세,중상
5322,2018071000100344,2018년 7월 10일 16시,화요일,서울특별시 동작구 대방동,경상사고,0,0,1,0,차대사람 - 기타,기타,포장 - 건조,맑음,단일로 - 기타,승합,남,50세,상해없음,보행자,남,47세,경상
5323,2018071000100456,2018년 7월 10일 19시,화요일,서울특별시 서대문구 신촌동,중상사고,0,1,0,0,차대사람 - 횡단중,신호위반,비포장 - 젖음/습기,비,단일로 - 기타,승합,남,59세,상해없음,보행자,여,61세,중상
5324,2018071000100459,2018년 7월 10일 19시,화요일,서울특별시 동작구 신대방동,중상사고,0,1,0,0,차대사람 - 횡단중,안전운전불이행,포장 - 젖음/습기,비,교차로 - 교차로부근,승용,여,65세,상해없음,보행자,남,67세,중상
5325,2018071000100460,2018년 7월 10일 19시,화요일,서울특별시 구로구 구로동,경상사고,0,0,1,0,차대사람 - 기타,안전운전불이행,포장 - 건조,맑음,단일로 - 기타,기타불명,기타불명,미분류,기타불명,보행자,남,59세,경상
5326,2018071000100516,2018년 7월 10일 21시,화요일,서울특별시 성북구 돈암동,중상사고,0,1,0,0,차대사람 - 기타,기타,포장 - 젖음/습기,비,단일로 - 기타,승합,남,43세,상해없음,보행자,여,73세,중상
5327,2018071000100517,2018년 7월 10일 21시,화요일,서울특별시 광진구 능동,경상사고,0,0,1,0,차대사람 - 기타,안전운전불이행,포장 - 젖음/습기,비,단일로 - 기타,승용,남,28세,상해없음,보행자,남,63세,경상
5328,2018071000100546,2018년 7월 10일 22시,화요일,서울특별시 영등포구 여의도동,경상사고,0,0,1,0,차대사람 - 횡단중,안전운전불이행,포장 - 젖음/습기,비,단일로 - 기타,승용,남,35세,상해없음,보행자,남,35세,경상
5329,2018071000100551,2018년 7월 10일 22시,화요일,서울특별시 서초구 서초동,경상사고,0,0,1,0,차대사람 - 기타,안전운전불이행,포장 - 젖음/습기,비,단일로 - 기타,승용,남,33세,상해없음,보행자,남,43세,경상
5330,2018071000100586,2018년 7월 10일 23시,화요일,서울특별시 동대문구 휘경동,경상사고,0,0,1,0,차대사람 - 차도통행중,안전운전불이행,포장 - 젖음/습기,비,교차로 - 교차로부근,승용,남,56세,상해없음,보행자,여,29세,경상
5331,2018071000100590,2018년 7월 10일 23시,화요일,서울특별시 강동구 명일동,중상사고,0,1,0,0,차대사람 - 횡단중,안전운전불이행,포장 - 젖음/습기,비,단일로 - 기타,승용,남,61세,상해없음,보행자,남,47세,중상
5332,2018071100100017,2018년 7월 11일 01시,수요일,서울특별시 성북구 안암동5가,중상사고,0,1,0,0,차대사람 - 횡단중,안전운전불이행,포장 - 젖음/습기,비,단일로 - 기타,승용,남,48세,상해없음,보행자,남,82세,중상
5333,2018071100100018,2018년 7월 11일 01시,수요일,서울특별시 광진구 자양동,사망사고,1,0,0,0,차대사람 - 차도통행중,안전운전불이행,포장 - 젖음/습기,비,기타 - 기타,승용,남,70세,상해없음,보행자,남,64세,사망
5334,2018071100100031,2018년 7월 11일 02시,수요일,서울특별시 강남구 대치동,중상사고,0,1,0,0,차대사람 - 기타,안전운전불이행,포장 - 건조,맑음,교차로 - 교차로부근,화물,남,42세,상해없음,보행자,여,20세,중상
5335,2018071100100059,2018년 7월 11일 06시,수요일,서울특별시 관악구 신림동,경상사고,0,0,1,0,차대사람 - 기타,안전운전불이행,포장 - 건조,맑음,단일로 - 기타,승용,남,21세,상해없음,보행자,여,75세,경상
5336,2018071100100210,2018년 7월 11일 11시,수요일,서울특별시 서대문구 북아현동,경상사고,0,0,1,0,차대사람 - 보도통행중,기타,포장 - 건조,맑음,단일로 - 기타,승용,남,36세,상해없음,보행자,여,62세,경상
5337,2018071100100237,2018년 7월 11일 12시,수요일,서울특별시 도봉구 방학동,중상사고,0,1,0,0,차대사람 - 횡단중,안전운전불이행,포장 - 건조,맑음,단일로 - 기타,승합,남,61세,상해없음,보행자,남,57세,중상
5338,2018071100100263,2018년 7월 11일 13시,수요일,서울특별시 서초구 방배동,중상사고,0,1,0,0,차대사람 - 횡단중,신호위반,포장 - 건조,맑음,단일로 - 기타,승용,남,82세,상해없음,보행자,여,73세,중상
5339,2018071100100264,2018년 7월 11일 13시,수요일,서울특별시 서초구 방배동,중상사고,0,1,0,0,차대사람 - 횡단중,안전운전불이행,포장 - 건조,맑음,단일로 - 기타,승용,남,70세,기타불명,보행자,남,15세,중상
5340,2018071100100293,2018년 7월 11일 14시,수요일,서울특별시 성북구 하월곡동,경상사고,0,0,1,0,차대사람 - 기타,보행자보호의무위반,포장 - 건조,맑음,기타 - 기타,승용,남,74세,상해없음,보행자,여,69세,경상
5341,2018071100100295,2018년 7월 11일 14시,수요일,서울특별시 도봉구 도봉동,중상사고,0,1,0,0,차대사람 - 횡단중,보행자보호의무위반,포장 - 건조,맑음,교차로 - 교차로안,승용,여,62세,상해없음,보행자,여,67세,중상
5342,2018071100100342,2018년 7월 11일 15시,수요일,서울특별시 강남구 역삼동,경상사고,0,0,1,0,차대사람 - 길가장자리구역통행중,안전운전불이행,포장 - 건조,맑음,단일로 - 기타,승합,남,57세,상해없음,보행자,남,58세,경상
5343,2018071100100343,2018년 7월 11일 15시,수요일,서울특별시 송파구 장지동,중상사고,0,1,0,0,차대사람 - 차도통행중,안전운전불이행,포장 - 건조,맑음,단일로 - 기타,승합,여,57세,상해없음,보행자,여,14세,중상
5344,2018071100100400,2018년 7월 11일 17시,수요일,서울특별시 용산구 청파동3가,경상사고,0,0,1,0,차대사람 - 횡단중,안전운전불이행,포장 - 건조,맑음,교차로 - 교차로안,승용,여,46세,상해없음,보행자,여,20세,경상
5345,2018071100100401,2018년 7월 11일 17시,수요일,서울특별시 동대문구 장안동,경상사고,0,0,1,0,차대사람 - 기타,안전운전불이행,포장 - 건조,맑음,단일로 - 기타,승합,여,55세,상해없음,보행자,여,85세,경상
5346,2018071100100407,2018년 7월 11일 17시,수요일,서울특별시 도봉구 도봉동,경상사고,0,0,1,0,차대사람 - 기타,안전운전불이행,포장 - 건조,맑음,교차로 - 교차로안,승용,남,61세,상해없음,보행자,여,6세,경상
5347,2018071100100497,2018년 7월 11일 19시,수요일,서울특별시 도봉구 도봉동,중상사고,0,1,0,0,차대사람 - 기타,안전운전불이행,포장 - 건조,맑음,단일로 - 기타,원동기,남,31세,상해없음,보행자,여,82세,중상
5348,2018071100100498,2018년 7월 11일 19시,수요일,서울특별시 서초구 방배동,중상사고,0,1,0,0,차대사람 - 기타,안전운전불이행,포장 - 기타,맑음,단일로 - 기타,승용,남,44세,상해없음,보행자,여,31세,중상
5349,2018071100100527,2018년 7월 11일 20시,수요일,서울특별시 강북구 미아동,경상사고,0,0,1,0,차대사람 - 기타,안전운전불이행,포장 - 건조,흐림,단일로 - 기타,승용,남,80세,기타불명,보행자,남,25세,경상
5350,2018071100100583,2018년 7월 11일 22시,수요일,서울특별시 종로구 종로2가,경상사고,0,0,1,0,차대사람 - 차도통행중,안전운전불이행,포장 - 건조,맑음,단일로 - 지하차도(도로)내,기타불명,기타불명,미분류,기타불명,보행자,남,38세,경상
5351,2018071100100614,2018년 7월 11일 23시,수요일,서울특별시 강남구 삼성동,경상사고,0,0,1,0,차대사람 - 횡단중,안전운전불이행,포장 - 건조,맑음,단일로 - 기타,승용,남,59세,상해없음,보행자,남,41세,경상
5352,2018071200100005,2018년 7월 12일 00시,목요일,서울특별시 영등포구 신길동,중상사고,0,1,0,0,차대사람 - 차도통행중,안전운전불이행,포장 - 건조,맑음,단일로 - 기타,승용,남,50세,상해없음,보행자,남,28세,중상
5353,2018071200100033,2018년 7월 12일 01시,목요일,서울특별시 강동구 길동,경상사고,0,0,1,0,차대사람 - 횡단중,안전운전불이행,포장 - 건조,맑음,교차로 - 교차로부근,승용,남,59세,상해없음,보행자,여,27세,경상
5354,2018071200100039,2018년 7월 12일 02시,목요일,서울특별시 동대문구 장안동,중상사고,0,1,0,0,차대사람 - 기타,안전운전불이행,포장 - 건조,맑음,단일로 - 기타,승용,여,34세,상해없음,보행자,남,28세,중상
5355,2018071200100053,2018년 7월 12일 04시,목요일,서울특별시 광진구 화양동,중상사고,0,1,0,0,차대사람 - 길가장자리구역통행중,안전운전불이행,포장 - 건조,맑음,단일로 - 기타,승용,남,26세,상해없음,보행자,여,67세,중상
5356,2018071200100067,2018년 7월 12일 06시,목요일,서울특별시 관악구 봉천동,경상사고,0,0,1,0,차대사람 - 기타,안전운전불이행,포장 - 건조,맑음,단일로 - 기타,승합,남,59세,상해없음,보행자,남,44세,경상
5357,2018071200100100,2018년 7월 12일 08시,목요일,서울특별시 동대문구 이문동,중상사고,0,1,0,0,차대사람 - 기타,안전운전불이행,포장 - 건조,맑음,단일로 - 기타,승합,남,74세,상해없음,보행자,여,73세,중상
5358,2018071200100101,2018년 7월 12일 08시,목요일,서울특별시 광진구 구의동,경상사고,0,0,1,0,차대사람 - 차도통행중,안전운전불이행,포장 - 건조,흐림,단일로 - 기타,화물,여,64세,상해없음,보행자,남,34세,경상
5359,2018071200100102,2018년 7월 12일 08시,목요일,서울특별시 영등포구 신길동,부상신고사고,0,0,0,1,차대사람 - 길가장자리구역통행중,안전운전불이행,포장 - 건조,맑음,단일로 - 기타,기타불명,기타불명,미분류,기타불명,보행자,남,35세,부상신고
5360,2018071200100103,2018년 7월 12일 08시,목요일,서울특별시 동작구 사당동,중상사고,0,1,0,0,차대사람 - 횡단중,안전운전불이행,포장 - 건조,맑음,단일로 - 기타,승용,여,34세,상해없음,보행자,여,12세,중상
5361,2018071200100104,2018년 7월 12일 08시,목요일,서울특별시 동작구 흑석동,부상신고사고,0,0,0,1,차대사람 - 기타,안전운전불이행,포장 - 건조,흐림,단일로 - 기타,기타불명,기타불명,미분류,기타불명,보행자,남,71세,부상신고
5362,2018071200100144,2018년 7월 12일 09시,목요일,서울특별시 동작구 대방동,사망사고,1,0,0,0,차대사람 - 차도통행중,기타,포장 - 건조,맑음,단일로 - 기타,화물,남,71세,상해없음,보행자,남,77세,사망
5363,2018071200100173,2018년 7월 12일 10시,목요일,서울특별시 동대문구 전농동,중상사고,0,1,0,0,차대사람 - 기타,안전운전불이행,포장 - 건조,맑음,단일로 - 기타,승용,여,52세,상해없음,보행자,여,77세,중상
5364,2018071200100197,2018년 7월 12일 11시,목요일,서울특별시 마포구 망원동,경상사고,0,0,1,0,차대사람 - 기타,안전운전불이행,포장 - 건조,맑음,단일로 - 기타,특수,남,36세,상해없음,보행자,여,80세,경상
5365,2018071200100232,2018년 7월 12일 12시,목요일,서울특별시 강동구 천호동,중상사고,0,1,0,0,차대사람 - 기타,안전운전불이행,포장 - 건조,맑음,단일로 - 기타,승용,남,33세,상해없음,보행자,여,77세,중상
5366,2018071200100291,2018년 7월 12일 14시,목요일,서울특별시 광진구 구의동,중상사고,0,1,0,0,차대사람 - 횡단중,안전운전불이행,포장 - 건조,맑음,기타 - 기타,자전거,남,14세,상해없음,보행자,여,48세,중상
5367,2018071200100294,2018년 7월 12일 14시,목요일,서울특별시 도봉구 도봉동,중상사고,0,1,0,0,차대사람 - 횡단중,보행자보호의무위반,포장 - 건조,맑음,교차로 - 교차로횡단보도내,화물,남,73세,상해없음,보행자,여,55세,중상
5368,2018071200100295,2018년 7월 12일 14시,목요일,서울특별시 은평구 갈현동,경상사고,0,0,1,0,차대사람 - 길가장자리구역통행중,안전운전불이행,포장 - 건조,맑음,단일로 - 기타,승용,남,35세,상해없음,보행자,남,12세,경상
5369,2018071200100329,2018년 7월 12일 15시,목요일,서울특별시 성북구 정릉동,중상사고,0,1,0,0,차대사람 - 횡단중,안전운전불이행,포장 - 건조,맑음,교차로 - 교차로부근,화물,남,52세,상해없음,보행자,여,72세,중상
5370,2018071200100330,2018년 7월 12일 15시,목요일,서울특별시 동대문구 청량리동,중상사고,0,1,0,0,차대사람 - 기타,안전운전불이행,포장 - 건조,맑음,단일로 - 기타,화물,남,44세,상해없음,보행자,여,83세,중상
5371,2018071200100333,2018년 7월 12일 15시,목요일,서울특별시 구로구 개봉동,경상사고,0,0,1,0,차대사람 - 횡단중,보행자보호의무위반,포장 - 건조,맑음,교차로 - 교차로횡단보도내,화물,남,48세,상해없음,보행자,여,72세,경상
5372,2018071200100337,2018년 7월 12일 15시,목요일,서울특별시 양천구 목동,경상사고,0,0,1,0,차대사람 - 기타,안전운전불이행,포장 - 건조,맑음,단일로 - 기타,승합,남,31세,상해없음,보행자,여,58세,경상
5373,2018071200100338,2018년 7월 12일 15시,목요일,서울특별시 노원구 월계동,경상사고,0,0,1,0,차대사람 - 기타,안전운전불이행,포장 - 건조,맑음,단일로 - 기타,기타불명,기타불명,미분류,기타불명,보행자,여,75세,경상
5374,2018071200100363,2018년 7월 12일 16시,목요일,서울특별시 중랑구 망우동,중상사고,0,1,0,0,차대사람 - 횡단중,보행자보호의무위반,포장 - 건조,맑음,교차로 - 교차로안,승용,남,66세,상해없음,보행자,여,17세,중상
5375,2018071200100368,2018년 7월 12일 16시,목요일,서울특별시 구로구 고척동,경상사고,0,0,1,0,차대사람 - 차도통행중,안전운전불이행,포장 - 건조,맑음,단일로 - 기타,승용,여,54세,상해없음,보행자,여,65세,경상
5376,2018071200100370,2018년 7월 12일 16시,목요일,서울특별시 도봉구 쌍문동,경상사고,0,0,1,0,차대사람 - 횡단중,신호위반,포장 - 건조,맑음,교차로 - 교차로횡단보도내,화물,남,51세,상해없음,보행자,남,7세,경상
5377,2018071200100395,2018년 7월 12일 17시,목요일,서울특별시 광진구 구의동,사망사고,2,1,3,2,차대사람 - 길가장자리구역통행중,안전운전불이행,포장 - 건조,맑음,단일로 - 기타,승용,남,72세,상해없음,보행자,여,48세,사망
5378,2018071200100438,2018년 7월 12일 18시,목요일,서울특별시 송파구 마천동,경상사고,0,0,1,1,차대사람 - 횡단중,기타,포장 - 건조,맑음,교차로 - 교차로부근,승합,여,58세,상해없음,보행자,여,33세,경상
5379,2018071200100439,2018년 7월 12일 18시,목요일,서울특별시 서초구 방배동,중상사고,0,1,0,0,차대사람 - 횡단중,안전운전불이행,포장 - 건조,맑음,미분류 - 미분류,승용,여,30세,상해없음,보행자,남,70세,중상
5380,2018071200100484,2018년 7월 12일 19시,목요일,서울특별시 동작구 신대방동,경상사고,0,0,1,1,차대사람 - 길가장자리구역통행중,안전운전불이행,포장 - 건조,맑음,단일로 - 지하차도(도로)내,자전거,남,11세,부상신고,보행자,여,29세,경상
5381,2018071200100485,2018년 7월 12일 19시,목요일,서울특별시 동작구 사당동,중상사고,0,1,0,0,차대사람 - 기타,안전운전불이행,포장 - 건조,맑음,단일로 - 기타,승용,여,55세,상해없음,보행자,남,74세,중상
5382,2018071200100515,2018년 7월 12일 20시,목요일,서울특별시 광진구 자양동,경상사고,0,0,1,0,차대사람 - 기타,안전운전불이행,포장 - 건조,맑음,단일로 - 기타,승용,여,57세,상해없음,보행자,남,11세,경상
5383,2018071200100516,2018년 7월 12일 20시,목요일,서울특별시 마포구 창전동,경상사고,0,0,1,0,차대사람 - 기타,안전운전불이행,포장 - 건조,맑음,단일로 - 기타,승합,남,56세,상해없음,보행자,여,26세,경상
5384,2018071200100519,2018년 7월 12일 20시,목요일,서울특별시 서초구 서초동,경상사고,0,0,1,0,차대사람 - 차도통행중,안전운전불이행,포장 - 건조,맑음,단일로 - 기타,승용,남,28세,상해없음,보행자,남,56세,경상
5385,2018071200100541,2018년 7월 12일 21시,목요일,서울특별시 동대문구 장안동,경상사고,0,0,1,0,차대사람 - 횡단중,보행자보호의무위반,포장 - 건조,맑음,교차로 - 교차로부근,승용,남,45세,상해없음,보행자,남,56세,경상
5386,2018071200100569,2018년 7월 12일 22시,목요일,서울특별시 마포구 대흥동,경상사고,0,0,1,0,차대사람 - 기타,안전운전불이행,포장 - 건조,맑음,단일로 - 기타,자전거,남,24세,상해없음,보행자,여,44세,경상
5387,2018071200100590,2018년 7월 12일 23시,목요일,서울특별시 영등포구 여의도동,중상사고,0,1,0,0,차대사람 - 기타,안전운전불이행,포장 - 건조,맑음,단일로 - 기타,승용,남,54세,상해없음,보행자,남,34세,중상
5388,2018071300100001,2018년 7월 13일 00시,금요일,서울특별시 강동구 성내동,경상사고,0,0,1,0,차대사람 - 횡단중,안전운전불이행,포장 - 건조,맑음,단일로 - 기타,승용,남,56세,상해없음,보행자,남,34세,경상
5389,2018071300100015,2018년 7월 13일 01시,금요일,서울특별시 동작구 흑석동,중상사고,0,1,0,0,차대사람 - 기타,안전운전불이행,포장 - 건조,맑음,단일로 - 기타,승용,여,26세,상해없음,보행자,여,89세,중상
5390,2018071300100023,2018년 7월 13일 02시,금요일,서울특별시 성북구 상월곡동,경상사고,0,0,1,0,차대사람 - 기타,안전운전불이행,포장 - 건조,맑음,단일로 - 기타,승용,남,47세,상해없음,보행자,남,37세,경상
5391,2018071300100056,2018년 7월 13일 06시,금요일,서울특별시 송파구 마천동,경상사고,0,0,1,0,차대사람 - 기타,안전운전불이행,포장 - 건조,맑음,단일로 - 기타,승용,남,37세,상해없음,보행자,남,48세,경상
5392,2018071300100098,2018년 7월 13일 08시,금요일,서울특별시 광진구 구의동,경상사고,0,0,1,0,차대사람 - 길가장자리구역통행중,안전운전불이행,포장 - 건조,맑음,단일로 - 기타,승용,남,51세,상해없음,보행자,여,19세,경상
5393,2018071300100216,2018년 7월 13일 11시,금요일,서울특별시 영등포구 양평동1가,경상사고,0,0,1,0,차대사람 - 차도통행중,안전운전불이행,포장 - 건조,맑음,교차로 - 교차로안,승합,남,30세,상해없음,보행자,여,66세,경상
5394,2018071300100219,2018년 7월 13일 11시,금요일,서울특별시 강남구 역삼동,경상사고,0,0,1,0,차대사람 - 기타,안전운전불이행,포장 - 기타,맑음,기타 - 기타,승용,남,70세,상해없음,보행자,남,60세,경상