,사고번호,사고일시,요일,시군구,사고내용,사망자수,중상자수,경상자수,부상신고자수,사고유형,법규위반,노면상태,기상상태,도로형태,가해운전자 차종,가해운전자 성별,가해운전자 연령,가해운전자 상해정도,피해운전자 차종,피해운전자 성별,피해운전자 연령,피해운전자 상해정도
5395,2018071300100239,2018년 7월 13일 12시,금요일,서울특별시 동작구 상도동,부상신고사고,0,0,0,1,차대사람 - 기타,안전운전불이행,포장 - 건조,맑음,교차로 - 교차로부근,승용,남,25세,상해없음,보행자,여,68세,부상신고
5396,2018071300100293,2018년 7월 13일 14시,금요일,서울특별시 마포구 상수동,경상사고,0,0,1,0,차대사람 - 기타,안전운전불이행,포장 - 건조,맑음,단일로 - 기타,승용,남,57세,상해없음,보행자,남,30세,경상
5397,2018071300100319,2018년 7월 13일 15시,금요일,서울특별시 광진구 중곡동,경상사고,0,0,1,0,차대사람 - 기타,안전운전불이행,포장 - 건조,맑음,단일로 - 기타,승용,남,20세,상해없음,보행자,남,8세,경상
5398,2018071300100324,2018년 7월 13일 15시,금요일,서울특별시 강남구 도곡동,중상사고,0,1,0,0,차대사람 - 기타,안전운전불이행,포장 - 건조,맑음,기타 - 기타,이륜,남,24세,기타불명,보행자,남,46세,중상
5399,2018071300100348,2018년 7월 13일 16시,금요일,서울특별시 성북구 삼선동5가,경상사고,0,0,2,0,차대사람 - 횡단중,보행자보호의무위반,포장 - 건조,맑음,교차로 - 교차로횡단보도내,승용,남,38세,상해없음,보행자,여,38세,경상
5400,2018071300100354,2018년 7월 13일 16시,금요일,서울특별시 양천구 신월동,중상사고,0,1,0,0,차대사람 - 기타,안전운전불이행,포장 - 건조,맑음,단일로 - 기타,승용,여,54세,상해없음,보행자,남,25세,중상
5401,2018071300100385,2018년 7월 13일 17시,금요일,서울특별시 서대문구 남가좌동,부상신고사고,0,0,0,1,차대사람 - 기타,안전운전불이행,포장 - 건조,맑음,단일로 - 기타,건설기계,남,61세,상해없음,보행자,남,49세,부상신고
5402,2018071300100447,2018년 7월 13일 18시,금요일,서울특별시 마포구 성산동,중상사고,0,1,0,0,차대사람 - 기타,안전운전불이행,포장 - 건조,맑음,기타 - 기타,승용,남,37세,상해없음,보행자,남,6세,중상
5403,2018071300100453,2018년 7월 13일 18시,금요일,서울특별시 양천구 신정동,경상사고,0,0,3,0,차대사람 - 횡단중,신호위반,포장 - 건조,맑음,단일로 - 기타,승용,남,70세,상해없음,보행자,여,34세,경상
5404,2018071300100507,2018년 7월 13일 19시,금요일,서울특별시 성동구 금호동1가,부상신고사고,0,0,0,1,차대사람 - 기타,안전운전불이행,포장 - 건조,맑음,기타 - 기타,기타불명,기타불명,미분류,기타불명,보행자,남,44세,부상신고
5405,2018071300100510,2018년 7월 13일 19시,금요일,서울특별시 송파구 잠실동,경상사고,0,0,1,0,차대사람 - 횡단중,보행자보호의무위반,포장 - 건조,맑음,교차로 - 교차로부근,승용,남,61세,상해없음,보행자,남,33세,경상
5406,2018071300100538,2018년 7월 13일 20시,금요일,서울특별시 마포구 서교동,경상사고,0,0,1,0,차대사람 - 횡단중,안전운전불이행,포장 - 건조,맑음,단일로 - 기타,승용,남,50세,상해없음,보행자,남,20세,경상
5407,2018071300100542,2018년 7월 13일 20시,금요일,서울특별시 강남구 논현동,경상사고,0,0,1,0,차대사람 - 기타,안전운전불이행,포장 - 건조,맑음,단일로 - 기타,승용,여,29세,상해없음,보행자,남,11세,경상
5408,2018071300100578,2018년 7월 13일 21시,금요일,서울특별시 광진구 구의동,경상사고,0,0,1,0,차대사람 - 차도통행중,안전운전불이행,포장 - 건조,맑음,단일로 - 기타,개인형이동수단(PM),남,22세,상해없음,보행자,여,24세,경상
5409,2018071300100582,2018년 7월 13일 21시,금요일,서울특별시 성동구 하왕십리동,경상사고,0,0,1,0,차대사람 - 횡단중,보행자보호의무위반,포장 - 건조,맑음,교차로 - 교차로횡단보도내,승합,남,69세,상해없음,보행자,여,21세,경상
5410,2018071300100610,2018년 7월 13일 22시,금요일,서울특별시 광진구 화양동,경상사고,0,0,1,0,차대사람 - 기타,안전운전불이행,포장 - 건조,맑음,단일로 - 기타,승용,남,46세,상해없음,보행자,여,29세,경상
5411,2018071300100611,2018년 7월 13일 22시,금요일,서울특별시 금천구 시흥동,중상사고,0,2,0,0,차대사람 - 횡단중,안전운전불이행,포장 - 건조,맑음,단일로 - 기타,이륜,남,28세,중상,보행자,남,36세,중상
5412,2018071300100636,2018년 7월 13일 23시,금요일,서울특별시 종로구 돈의동,부상신고사고,0,0,0,1,차대사람 - 길가장자리구역통행중,안전운전불이행,포장 - 건조,맑음,단일로 - 기타,승합,남,21세,상해없음,보행자,남,42세,부상신고
5413,2018071300100637,2018년 7월 13일 23시,금요일,서울특별시 서대문구 창천동,부상신고사고,0,0,0,1,차대사람 - 차도통행중,안전운전불이행,포장 - 건조,맑음,단일로 - 터널,승용,남,54세,상해없음,보행자,남,25세,부상신고
5414,2018071400100046,2018년 7월 14일 03시,토요일,서울특별시 광진구 화양동,경상사고,0,0,1,0,차대사람 - 기타,안전운전불이행,포장 - 건조,맑음,교차로 - 교차로안,승용,남,50세,상해없음,보행자,남,19세,경상
5415,2018071400100102,2018년 7월 14일 08시,토요일,서울특별시 성동구 행당동,중상사고,0,1,0,0,차대사람 - 횡단중,보행자보호의무위반,포장 - 건조,맑음,단일로 - 기타,승용,남,38세,상해없음,보행자,여,82세,중상
5416,2018071400100103,2018년 7월 14일 08시,토요일,서울특별시 양천구 신월동,부상신고사고,0,0,0,1,차대사람 - 횡단중,보행자보호의무위반,포장 - 건조,맑음,교차로 - 교차로안,승용,여,60세,상해없음,보행자,남,7세,부상신고
5417,2018071400100234,2018년 7월 14일 12시,토요일,서울특별시 동대문구 휘경동,중상사고,0,1,0,0,차대사람 - 기타,안전운전불이행,포장 - 건조,맑음,단일로 - 기타,화물,남,48세,상해없음,보행자,여,66세,중상
5418,2018071400100269,2018년 7월 14일 13시,토요일,서울특별시 영등포구 영등포동,경상사고,0,0,1,0,차대사람 - 기타,안전운전불이행,포장 - 건조,맑음,단일로 - 기타,승용,남,62세,상해없음,보행자,남,49세,경상
5419,2018071400100270,2018년 7월 14일 13시,토요일,서울특별시 금천구 독산동,중상사고,0,1,0,0,차대사람 - 차도통행중,안전운전불이행,포장 - 건조,맑음,단일로 - 기타,승용,남,61세,상해없음,보행자,여,53세,중상
5420,2018071400100271,2018년 7월 14일 13시,토요일,서울특별시 송파구 가락동,중상사고,0,1,0,0,차대사람 - 횡단중,보행자보호의무위반,포장 - 건조,맑음,교차로 - 교차로횡단보도내,승용,여,46세,상해없음,보행자,남,5세,중상
5421,2018071400100298,2018년 7월 14일 14시,토요일,서울특별시 종로구 청진동,중상사고,0,1,0,0,차대사람 - 횡단중,안전운전불이행,포장 - 건조,맑음,단일로 - 지하차도(도로)내,이륜,남,50세,상해없음,보행자,남,80세,중상
5422,2018071400100340,2018년 7월 14일 15시,토요일,서울특별시 서대문구 창천동,경상사고,0,0,1,0,차대사람 - 횡단중,보행자보호의무위반,포장 - 건조,맑음,단일로 - 기타,승용,남,33세,상해없음,보행자,여,47세,경상
5423,2018071400100342,2018년 7월 14일 15시,토요일,서울특별시 용산구 한남동,중상사고,0,1,0,0,차대사람 - 횡단중,안전운전불이행,포장 - 건조,맑음,교차로 - 교차로부근,승용,여,63세,상해없음,보행자,여,65세,중상
5424,2018071400100378,2018년 7월 14일 16시,토요일,서울특별시 영등포구 대림동,경상사고,0,0,1,0,차대사람 - 보도통행중,기타,포장 - 건조,맑음,단일로 - 기타,이륜,남,51세,상해없음,보행자,남,6세,경상
5425,2018071400100381,2018년 7월 14일 16시,토요일,서울특별시 강남구 역삼동,중상사고,0,1,0,0,차대사람 - 횡단중,보행자보호의무위반,포장 - 건조,맑음,단일로 - 기타,특수,남,40세,상해없음,보행자,여,36세,중상
5426,2018071400100383,2018년 7월 14일 16시,토요일,서울특별시 서초구 방배동,경상사고,0,0,1,0,차대사람 - 보도통행중,안전운전불이행,포장 - 건조,맑음,단일로 - 기타,승용,남,37세,상해없음,보행자,여,43세,경상
5427,2018071400100430,2018년 7월 14일 17시,토요일,서울특별시 관악구 봉천동,경상사고,0,0,1,0,차대사람 - 기타,안전운전불이행,포장 - 건조,맑음,단일로 - 기타,승용,남,67세,상해없음,보행자,남,72세,경상
5428,2018071400100507,2018년 7월 14일 19시,토요일,서울특별시 종로구 원서동,중상사고,0,1,0,0,차대사람 - 보도통행중,안전운전불이행,포장 - 건조,맑음,단일로 - 기타,승용,여,61세,상해없음,보행자,남,76세,중상
5429,2018071400100508,2018년 7월 14일 19시,토요일,서울특별시 금천구 시흥동,경상사고,0,0,1,0,차대사람 - 기타,안전운전불이행,포장 - 건조,맑음,기타 - 기타,승용,남,51세,상해없음,보행자,여,46세,경상
5430,2018071400100582,2018년 7월 14일 21시,토요일,서울특별시 마포구 성산동,부상신고사고,0,0,0,1,차대사람 - 기타,안전운전불이행,포장 - 건조,맑음,단일로 - 기타,승용,남,35세,상해없음,보행자,남,39세,부상신고
5431,2018071400100612,2018년 7월 14일 22시,토요일,서울특별시 영등포구 여의도동,부상신고사고,0,0,0,1,차대사람 - 횡단중,안전운전불이행,포장 - 건조,맑음,단일로 - 기타,자전거,남,13세,상해없음,보행자,남,59세,부상신고
5432,2018071500100005,2018년 7월 15일 00시,일요일,서울특별시 영등포구 신길동,중상사고,0,1,0,0,차대사람 - 횡단중,안전운전불이행,포장 - 건조,맑음,단일로 - 기타,승용,남,61세,상해없음,보행자,남,80세,중상
5433,2018071500100020,2018년 7월 15일 01시,일요일,서울특별시 강북구 미아동,경상사고,0,0,1,0,차대사람 - 기타,안전운전불이행,포장 - 건조,맑음,교차로 - 교차로안,승용,남,50세,상해없음,보행자,여,27세,경상
5434,2018071500100118,2018년 7월 15일 10시,일요일,서울특별시 양천구 목동,중상사고,0,1,0,0,차대사람 - 횡단중,보행자보호의무위반,포장 - 건조,맑음,교차로 - 교차로횡단보도내,승용,남,63세,상해없음,보행자,여,58세,중상
5435,2018071500100167,2018년 7월 15일 12시,일요일,서울특별시 도봉구 쌍문동,경상사고,0,0,1,0,차대사람 - 횡단중,중앙선침범,포장 - 건조,맑음,단일로 - 기타,이륜,남,41세,상해없음,보행자,남,9세,경상
5436,2018071500100168,2018년 7월 15일 12시,일요일,서울특별시 은평구 불광동,중상사고,0,1,0,0,차대사람 - 횡단중,신호위반,포장 - 건조,맑음,단일로 - 기타,승합,남,44세,상해없음,보행자,남,63세,중상
5437,2018071500100196,2018년 7월 15일 13시,일요일,서울특별시 양천구 신월동,경상사고,0,0,1,0,차대사람 - 횡단중,보행자보호의무위반,포장 - 건조,맑음,교차로 - 교차로횡단보도내,승용,여,53세,상해없음,보행자,여,54세,경상
5438,2018071500100222,2018년 7월 15일 14시,일요일,서울특별시 서대문구 북아현동,경상사고,0,0,1,0,차대사람 - 보도통행중,기타,포장 - 건조,맑음,기타 - 기타,승용,남,65세,상해없음,보행자,여,21세,경상
5439,2018071500100256,2018년 7월 15일 15시,일요일,서울특별시 송파구 풍납동,경상사고,0,0,1,0,차대사람 - 길가장자리구역통행중,안전운전불이행,포장 - 건조,맑음,단일로 - 기타,이륜,남,45세,상해없음,보행자,여,48세,경상
5440,2018071500100281,2018년 7월 15일 16시,일요일,서울특별시 강서구 방화동,중상사고,0,1,0,0,차대사람 - 횡단중,안전운전불이행,포장 - 건조,맑음,교차로 - 교차로부근,승용,남,58세,상해없음,보행자,여,56세,중상
5441,2018071500100393,2018년 7월 15일 20시,일요일,서울특별시 중랑구 면목동,경상사고,0,0,2,0,차대사람 - 차도통행중,안전운전불이행,포장 - 건조,맑음,단일로 - 기타,승용,남,27세,상해없음,보행자,여,29세,경상
5442,2018071500100395,2018년 7월 15일 20시,일요일,서울특별시 송파구 잠실동,경상사고,0,0,1,0,차대사람 - 차도통행중,안전운전불이행,포장 - 건조,맑음,단일로 - 기타,승용,여,39세,상해없음,보행자,남,32세,경상
5443,2018071500100421,2018년 7월 15일 21시,일요일,서울특별시 종로구 부암동,경상사고,0,0,1,0,차대사람 - 횡단중,안전운전불이행,포장 - 건조,맑음,단일로 - 기타,승용,여,27세,상해없음,보행자,남,10세,경상
5444,2018071500100463,2018년 7월 15일 23시,일요일,서울특별시 은평구 증산동,중상사고,0,1,0,0,차대사람 - 기타,안전운전불이행,포장 - 건조,맑음,단일로 - 기타,승용,남,47세,상해없음,보행자,남,68세,중상
5445,2018071500100465,2018년 7월 15일 23시,일요일,서울특별시 강동구 암사동,중상사고,0,1,0,0,차대사람 - 기타,안전운전불이행,포장 - 건조,맑음,단일로 - 기타,승용,남,38세,상해없음,보행자,남,73세,중상
5446,2018071600100001,2018년 7월 16일 00시,월요일,서울특별시 강북구 미아동,사망사고,1,0,0,0,차대사람 - 기타,안전운전불이행,포장 - 건조,흐림,교차로 - 교차로횡단보도내,화물,남,72세,상해없음,보행자,남,70세,사망
5447,2018071600100003,2018년 7월 16일 00시,월요일,서울특별시 구로구 고척동,경상사고,0,0,1,0,차대사람 - 기타,안전운전불이행,포장 - 건조,맑음,단일로 - 기타,승용,남,57세,상해없음,보행자,남,50세,경상
5448,2018071600100035,2018년 7월 16일 04시,월요일,서울특별시 서초구 잠원동,중상사고,0,1,0,0,차대사람 - 횡단중,안전운전불이행,포장 - 건조,맑음,기타 - 기타,승합,남,57세,상해없음,보행자,남,27세,중상
5449,2018071600100060,2018년 7월 16일 07시,월요일,서울특별시 강동구 천호동,중상사고,0,1,0,0,차대사람 - 기타,안전운전불이행,포장 - 건조,맑음,교차로 - 교차로부근,승용,남,44세,상해없음,보행자,여,24세,중상
5450,2018071600100090,2018년 7월 16일 08시,월요일,서울특별시 중랑구 망우동,경상사고,0,0,1,0,차대사람 - 횡단중,보행자보호의무위반,포장 - 건조,맑음,교차로 - 교차로횡단보도내,승합,남,39세,상해없음,보행자,여,27세,경상
5451,2018071600100176,2018년 7월 16일 10시,월요일,서울특별시 강북구 미아동,중상사고,0,1,0,0,차대사람 - 횡단중,안전운전불이행,포장 - 건조,맑음,단일로 - 기타,승합,남,48세,상해없음,보행자,여,79세,중상
5452,2018071600100179,2018년 7월 16일 10시,월요일,서울특별시 성북구 종암동,경상사고,0,0,1,0,차대사람 - 횡단중,신호위반,포장 - 건조,맑음,교차로 - 교차로부근,화물,남,60세,상해없음,보행자,여,22세,경상
5453,2018071600100206,2018년 7월 16일 11시,월요일,서울특별시 관악구 신림동,경상사고,0,0,1,0,차대사람 - 횡단중,안전운전불이행,포장 - 건조,맑음,교차로 - 교차로안,승용,남,71세,상해없음,보행자,여,61세,경상
5454,2018071600100250,2018년 7월 16일 12시,월요일,서울특별시 강동구 성내동,경상사고,0,0,1,0,차대사람 - 횡단중,안전운전불이행,포장 - 건조,맑음,교차로 - 교차로부근,승용,남,35세,상해없음,보행자,여,73세,경상
5455,2018071600100273,2018년 7월 16일 13시,월요일,서울특별시 노원구 월계동,중상사고,0,1,0,0,차대사람 - 횡단중,신호위반,포장 - 건조,맑음,교차로 - 교차로안,화물,남,68세,상해없음,보행자,여,29세,중상
5456,2018071600100298,2018년 7월 16일 14시,월요일,서울특별시 서대문구 연희동,경상사고,0,0,1,0,차대사람 - 보도통행중,보행자보호의무위반,포장 - 건조,맑음,교차로 - 교차로부근,승합,남,61세,상해없음,보행자,여,20세,경상
5457,2018071600100303,2018년 7월 16일 14시,월요일,서울특별시 중랑구 신내동,중상사고,0,1,0,0,차대사람 - 횡단중,신호위반,포장 - 건조,맑음,교차로 - 교차로횡단보도내,승용,남,52세,상해없음,보행자,남,64세,중상
5458,2018071600100308,2018년 7월 16일 14시,월요일,서울특별시 성북구 상월곡동,중상사고,0,1,0,0,차대사람 - 횡단중,보행자보호의무위반,포장 - 건조,맑음,교차로 - 교차로횡단보도내,승용,남,32세,상해없음,보행자,여,66세,중상
5459,2018071600100312,2018년 7월 16일 14시,월요일,서울특별시 은평구 진관동,중상사고,0,1,0,0,차대사람 - 기타,안전운전불이행,포장 - 건조,맑음,기타 - 기타,승합,남,60세,상해없음,보행자,남,6세,중상
5460,2018071600100341,2018년 7월 16일 15시,월요일,서울특별시 중랑구 중화동,중상사고,0,1,0,0,차대사람 - 횡단중,보행자보호의무위반,포장 - 건조,맑음,교차로 - 교차로안,승용,남,40세,상해없음,보행자,여,78세,중상
5461,2018071600100344,2018년 7월 16일 15시,월요일,서울특별시 강동구 성내동,부상신고사고,0,0,0,1,차대사람 - 길가장자리구역통행중,안전운전불이행,포장 - 건조,맑음,단일로 - 기타,승합,남,71세,상해없음,보행자,여,80세,부상신고
5462,2018071600100414,2018년 7월 16일 17시,월요일,서울특별시 성동구 성수동2가,경상사고,0,0,1,0,차대사람 - 길가장자리구역통행중,안전운전불이행,포장 - 건조,맑음,교차로 - 교차로부근,화물,남,61세,상해없음,보행자,여,49세,경상
5463,2018071600100418,2018년 7월 16일 17시,월요일,서울특별시 강남구 압구정동,경상사고,0,0,1,0,차대사람 - 보도통행중,안전운전불이행,포장 - 건조,맑음,단일로 - 기타,자전거,남,63세,상해없음,보행자,여,20세,경상
5464,2018071600100469,2018년 7월 16일 18시,월요일,서울특별시 영등포구 여의도동,경상사고,0,0,1,0,차대사람 - 횡단중,안전운전불이행,포장 - 건조,맑음,교차로 - 교차로부근,승용,남,51세,상해없음,보행자,남,40세,경상
5465,2018071600100553,2018년 7월 16일 20시,월요일,서울특별시 동대문구 제기동,경상사고,0,0,1,0,차대사람 - 횡단중,안전운전불이행,포장 - 건조,맑음,교차로 - 교차로안,화물,남,35세,상해없음,보행자,남,49세,경상
5466,2018071600100610,2018년 7월 16일 22시,월요일,서울특별시 성북구 돈암동,경상사고,0,0,1,0,차대사람 - 횡단중,보행자보호의무위반,포장 - 건조,맑음,교차로 - 교차로횡단보도내,승용,남,33세,상해없음,보행자,남,22세,경상
5467,2018071600100612,2018년 7월 16일 22시,월요일,서울특별시 강남구 삼성동,경상사고,0,0,1,0,차대사람 - 횡단중,안전운전불이행,포장 - 건조,맑음,교차로 - 교차로횡단보도내,승용,남,40세,상해없음,보행자,남,33세,경상
5468,2018071600100613,2018년 7월 16일 22시,월요일,서울특별시 강남구 삼성동,중상사고,0,1,0,0,차대사람 - 기타,안전운전불이행,포장 - 건조,맑음,단일로 - 기타,승용,남,48세,상해없음,보행자,여,37세,중상
5469,2018071600100614,2018년 7월 16일 22시,월요일,서울특별시 강남구 대치동,중상사고,0,1,0,1,차대사람 - 기타,신호위반,포장 - 건조,맑음,교차로 - 교차로횡단보도내,승용,여,47세,상해없음,보행자,남,13세,중상
5470,2018071700100001,2018년 7월 17일 00시,화요일,서울특별시 관악구 봉천동,부상신고사고,0,0,0,1,차대사람 - 기타,안전운전불이행,포장 - 건조,기타,단일로 - 기타,기타불명,기타불명,미분류,기타불명,보행자,여,80세,부상신고
5471,2018071700100045,2018년 7월 17일 04시,화요일,서울특별시 관악구 봉천동,경상사고,0,0,1,0,차대사람 - 횡단중,신호위반,포장 - 건조,맑음,교차로 - 교차로횡단보도내,승용,남,79세,상해없음,보행자,여,47세,경상
5472,2018071700100103,2018년 7월 17일 08시,화요일,서울특별시 광진구 자양동,경상사고,0,0,1,0,차대사람 - 기타,안전운전불이행,포장 - 건조,맑음,단일로 - 기타,승용,여,54세,상해없음,보행자,남,31세,경상
5473,2018071700100107,2018년 7월 17일 08시,화요일,서울특별시 강남구 도곡동,중상사고,0,1,0,0,차대사람 - 횡단중,보행자보호의무위반,포장 - 건조,맑음,교차로 - 교차로횡단보도내,승용,남,40세,상해없음,보행자,여,68세,중상
5474,2018071700100191,2018년 7월 17일 10시,화요일,서울특별시 성동구 성수동2가,경상사고,0,0,1,0,차대사람 - 횡단중,안전운전불이행,포장 - 건조,맑음,교차로 - 교차로안,승용,남,61세,상해없음,보행자,여,82세,경상
5475,2018071700100192,2018년 7월 17일 10시,화요일,서울특별시 강남구 논현동,경상사고,0,0,1,0,차대사람 - 횡단중,보행자보호의무위반,포장 - 건조,맑음,교차로 - 교차로횡단보도내,승용,남,51세,상해없음,보행자,남,41세,경상
5476,2018071700100223,2018년 7월 17일 11시,화요일,서울특별시 종로구 동숭동,경상사고,0,0,1,0,차대사람 - 기타,안전운전불이행,포장 - 건조,맑음,단일로 - 기타,화물,남,60세,상해없음,보행자,여,50세,경상
5477,2018071700100224,2018년 7월 17일 11시,화요일,서울특별시 성북구 동선동4가,경상사고,0,0,1,0,차대사람 - 횡단중,신호위반,포장 - 건조,맑음,단일로 - 기타,이륜,남,25세,상해없음,보행자,여,18세,경상
5478,2018071700100225,2018년 7월 17일 11시,화요일,서울특별시 동대문구 청량리동,경상사고,0,0,1,0,차대사람 - 기타,안전운전불이행,포장 - 건조,맑음,단일로 - 기타,승합,남,48세,상해없음,보행자,여,56세,경상
5479,2018071700100226,2018년 7월 17일 11시,화요일,서울특별시 광진구 군자동,중상사고,0,2,0,0,차대사람 - 횡단중,안전운전불이행,포장 - 건조,맑음,단일로 - 기타,승용,남,59세,상해없음,보행자,남,22세,중상
5480,2018071700100265,2018년 7월 17일 12시,화요일,서울특별시 용산구 이촌동,중상사고,0,1,0,0,차대사람 - 차도통행중,안전운전불이행,포장 - 건조,맑음,단일로 - 기타,승용,남,62세,상해없음,보행자,여,77세,중상
5481,2018071700100270,2018년 7월 17일 12시,화요일,서울특별시 송파구 삼전동,경상사고,0,0,1,0,차대사람 - 보도통행중,기타,포장 - 건조,맑음,단일로 - 기타,자전거,여,31세,상해없음,보행자,여,31세,경상
5482,2018071700100302,2018년 7월 17일 13시,화요일,서울특별시 강북구 미아동,중상사고,0,1,0,0,차대사람 - 횡단중,보행자보호의무위반,포장 - 건조,맑음,교차로 - 교차로부근,화물,남,36세,상해없음,보행자,여,75세,중상
5483,2018071700100303,2018년 7월 17일 13시,화요일,서울특별시 동대문구 장안동,경상사고,0,0,1,0,차대사람 - 보도통행중,기타,포장 - 건조,맑음,단일로 - 기타,승용,기타불명,미분류,기타불명,보행자,여,25세,경상
5484,2018071700100332,2018년 7월 17일 14시,화요일,서울특별시 은평구 응암동,중상사고,0,1,0,0,차대사람 - 횡단중,보행자보호의무위반,포장 - 건조,맑음,교차로 - 교차로안,승용,여,39세,상해없음,보행자,남,74세,중상
5485,2018071700100333,2018년 7월 17일 14시,화요일,서울특별시 중랑구 묵동,중상사고,0,1,0,0,차대사람 - 기타,기타,포장 - 건조,맑음,기타 - 기타,자전거,남,74세,상해없음,보행자,여,59세,중상
5486,2018071700100368,2018년 7월 17일 15시,화요일,서울특별시 동대문구 장안동,경상사고,0,0,1,0,차대사람 - 보도통행중,기타,포장 - 건조,맑음,기타 - 기타,승용,여,28세,상해없음,보행자,여,75세,경상
5487,2018071700100369,2018년 7월 17일 15시,화요일,서울특별시 동대문구 청량리동,경상사고,0,0,1,0,차대사람 - 길가장자리구역통행중,안전운전불이행,포장 - 건조,맑음,기타 - 기타,기타불명,남,미분류,상해없음,보행자,남,79세,경상
5488,2018071700100371,2018년 7월 17일 15시,화요일,서울특별시 동작구 대방동,경상사고,0,0,1,0,차대사람 - 기타,안전운전불이행,포장 - 건조,맑음,단일로 - 기타,승합,남,52세,상해없음,보행자,여,60세,경상
5489,2018071700100418,2018년 7월 17일 16시,화요일,서울특별시 영등포구 영등포동,경상사고,0,0,1,0,차대사람 - 기타,안전운전불이행,포장 - 건조,맑음,기타 - 기타,승용,남,61세,상해없음,보행자,남,53세,경상
5490,2018071700100420,2018년 7월 17일 16시,화요일,서울특별시 노원구 하계동,중상사고,0,1,0,0,차대사람 - 횡단중,보행자보호의무위반,포장 - 건조,맑음,단일로 - 기타,승합,남,31세,상해없음,보행자,여,10세,중상
5491,2018071700100460,2018년 7월 17일 17시,화요일,서울특별시 동대문구 장안동,경상사고,0,0,1,0,차대사람 - 기타,기타,포장 - 건조,맑음,기타 - 기타,승용,남,43세,상해없음,보행자,여,28세,경상
5492,2018071700100465,2018년 7월 17일 17시,화요일,서울특별시 송파구 장지동,경상사고,0,0,1,0,차대사람 - 보도통행중,기타,포장 - 건조,맑음,기타 - 기타,승용,남,52세,상해없음,보행자,여,26세,경상
5493,2018071700100466,2018년 7월 17일 17시,화요일,서울특별시 양천구 목동,경상사고,0,0,1,0,차대사람 - 기타,안전운전불이행,포장 - 건조,맑음,교차로 - 교차로부근,승용,남,51세,상해없음,보행자,여,66세,경상
5494,2018071700100512,2018년 7월 17일 18시,화요일,서울특별시 금천구 시흥동,경상사고,0,0,1,0,차대사람 - 길가장자리구역통행중,안전운전불이행,포장 - 건조,맑음,교차로 - 교차로부근,승용,남,47세,상해없음,보행자,여,27세,경상
5495,2018071700100516,2018년 7월 17일 18시,화요일,서울특별시 도봉구 방학동,중상사고,0,1,0,0,차대사람 - 보도통행중,안전운전불이행,포장 - 건조,맑음,단일로 - 기타,기타불명,기타불명,미분류,기타불명,보행자,남,39세,중상
5496,2018071700100553,2018년 7월 17일 19시,화요일,서울특별시 강북구 미아동,경상사고,0,0,1,0,차대사람 - 보도통행중,기타,포장 - 건조,맑음,단일로 - 기타,원동기,남,25세,상해없음,보행자,남,18세,경상
5497,2018071700100585,2018년 7월 17일 20시,화요일,서울특별시 성동구 옥수동,경상사고,0,0,1,0,차대사람 - 기타,기타,포장 - 건조,맑음,기타 - 기타,승용,남,55세,상해없음,보행자,남,50세,경상
5498,2018071700100586,2018년 7월 17일 20시,화요일,서울특별시 동작구 상도동,부상신고사고,0,0,0,1,차대사람 - 보도통행중,기타,포장 - 건조,맑음,단일로 - 기타,기타불명,기타불명,미분류,기타불명,보행자,여,29세,부상신고
5499,2018071700100590,2018년 7월 17일 20시,화요일,서울특별시 강남구 일원동,경상사고,0,0,1,0,차대사람 - 길가장자리구역통행중,안전운전불이행,포장 - 건조,맑음,단일로 - 기타,승용,남,56세,상해없음,보행자,남,18세,경상
5500,2018071700100650,2018년 7월 17일 22시,화요일,서울특별시 종로구 관철동,경상사고,0,0,1,0,차대사람 - 차도통행중,안전운전불이행,포장 - 건조,맑음,교차로 - 교차로안,승용,남,47세,상해없음,보행자,남,34세,경상
5501,2018071700100674,2018년 7월 17일 23시,화요일,서울특별시 종로구 동숭동,중상사고,0,1,0,0,차대사람 - 길가장자리구역통행중,안전운전불이행,포장 - 건조,맑음,단일로 - 기타,자전거,남,35세,상해없음,보행자,여,26세,중상
5502,2018071800100021,2018년 7월 18일 01시,수요일,서울특별시 송파구 삼전동,사망사고,1,0,1,0,차대사람 - 차도통행중,안전운전불이행,포장 - 건조,흐림,교차로 - 교차로부근,승용,남,21세,상해없음,보행자,남,30세,사망
5503,2018071800100031,2018년 7월 18일 02시,수요일,서울특별시 강동구 천호동,경상사고,0,0,1,0,차대사람 - 기타,안전운전불이행,포장 - 건조,맑음,단일로 - 기타,승용,남,64세,상해없음,보행자,여,46세,경상
5504,2018071800100037,2018년 7월 18일 03시,수요일,서울특별시 은평구 대조동,중상사고,0,1,0,0,차대사람 - 길가장자리구역통행중,안전운전불이행,포장 - 건조,맑음,단일로 - 기타,승용,남,28세,상해없음,보행자,남,60세,중상
5505,2018071800100058,2018년 7월 18일 06시,수요일,서울특별시 동대문구 전농동,중상사고,0,1,0,0,차대사람 - 기타,안전운전불이행,포장 - 건조,맑음,단일로 - 기타,승용,남,66세,상해없음,보행자,남,42세,중상
5506,2018071800100105,2018년 7월 18일 08시,수요일,서울특별시 성동구 옥수동,경상사고,0,0,1,0,차대사람 - 보도통행중,보행자보호의무위반,포장 - 건조,맑음,교차로 - 교차로부근,승용,여,52세,상해없음,보행자,여,75세,경상