,사고번호,사고일시,요일,시군구,사고내용,사망자수,중상자수,경상자수,부상신고자수,사고유형,법규위반,노면상태,기상상태,도로형태,가해운전자 차종,가해운전자 성별,가해운전자 연령,가해운전자 상해정도,피해운전자 차종,피해운전자 성별,피해운전자 연령,피해운전자 상해정도
5619,2018072200100177,2018년 7월 22일 12시,일요일,서울특별시 양천구 목동,경상사고,0,0,1,0,차대사람 - 횡단중,안전운전불이행,포장 - 건조,맑음,단일로 - 기타,승용,남,54세,상해없음,보행자,남,15세,경상
5620,2018072200100237,2018년 7월 22일 14시,일요일,서울특별시 은평구 응암동,중상사고,0,1,0,0,차대사람 - 횡단중,보행자보호의무위반,포장 - 건조,맑음,교차로 - 교차로부근,승합,남,58세,상해없음,보행자,여,71세,중상
5621,2018072200100270,2018년 7월 22일 15시,일요일,서울특별시 금천구 독산동,경상사고,0,0,1,0,차대사람 - 횡단중,신호위반,포장 - 건조,맑음,교차로 - 교차로횡단보도내,이륜,남,23세,상해없음,보행자,여,66세,경상
5622,2018072200100327,2018년 7월 22일 17시,일요일,서울특별시 강남구 신사동,중상사고,0,1,0,0,차대사람 - 기타,안전운전불이행,포장 - 건조,맑음,교차로 - 교차로안,승용,남,48세,상해없음,보행자,여,34세,중상
5623,2018072200100363,2018년 7월 22일 18시,일요일,서울특별시 동대문구 청량리동,경상사고,0,0,1,0,차대사람 - 기타,신호위반,포장 - 건조,맑음,단일로 - 기타,이륜,남,21세,상해없음,보행자,남,5세,경상
5624,2018072200100364,2018년 7월 22일 18시,일요일,서울특별시 관악구 신림동,경상사고,0,0,1,0,차대사람 - 기타,안전운전불이행,포장 - 건조,맑음,교차로 - 교차로부근,승용,여,34세,상해없음,보행자,남,62세,경상
5625,2018072200100394,2018년 7월 22일 19시,일요일,서울특별시 성북구 삼선동2가,경상사고,0,0,1,0,차대사람 - 차도통행중,안전운전불이행,포장 - 건조,맑음,단일로 - 기타,승용,여,40세,상해없음,보행자,여,76세,경상
5626,2018072200100397,2018년 7월 22일 19시,일요일,서울특별시 동작구 사당동,경상사고,0,0,1,0,차대사람 - 횡단중,안전운전불이행,포장 - 건조,맑음,단일로 - 기타,승용,여,33세,상해없음,보행자,여,38세,경상
5627,2018072200100423,2018년 7월 22일 20시,일요일,서울특별시 강북구 수유동,사망사고,1,0,0,0,차대사람 - 횡단중,보행자보호의무위반,포장 - 건조,맑음,교차로 - 교차로안,승합,남,71세,상해없음,보행자,여,60세,사망
5628,2018072200100424,2018년 7월 22일 20시,일요일,서울특별시 동대문구 용두동,경상사고,0,0,1,0,차대사람 - 기타,안전운전불이행,포장 - 건조,맑음,단일로 - 교량,이륜,남,23세,상해없음,보행자,남,50세,경상
5629,2018072200100426,2018년 7월 22일 20시,일요일,서울특별시 관악구 신림동,경상사고,0,0,1,0,차대사람 - 차도통행중,안전운전불이행,포장 - 건조,맑음,단일로 - 기타,이륜,남,69세,상해없음,보행자,여,62세,경상
5630,2018072200100485,2018년 7월 22일 22시,일요일,서울특별시 영등포구 대림동,경상사고,0,0,1,1,차대사람 - 보도통행중,보행자보호의무위반,포장 - 건조,맑음,교차로 - 교차로안,이륜,남,27세,부상신고,보행자,남,56세,상해없음
5631,2018072200100487,2018년 7월 22일 22시,일요일,서울특별시 중랑구 면목동,중상사고,0,1,0,0,차대사람 - 기타,안전운전불이행,포장 - 건조,맑음,기타 - 기타,승용,여,26세,상해없음,보행자,남,66세,중상
5632,2018072200100502,2018년 7월 22일 23시,일요일,서울특별시 영등포구 영등포동6가,부상신고사고,0,0,0,1,차대사람 - 기타,안전운전불이행,포장 - 건조,맑음,단일로 - 기타,승합,남,42세,상해없음,보행자,여,67세,부상신고
5633,2018072300100001,2018년 7월 23일 00시,월요일,서울특별시 영등포구 대림동,경상사고,0,0,1,0,차대사람 - 횡단중,안전운전불이행,포장 - 건조,맑음,단일로 - 기타,승용,남,52세,상해없음,보행자,여,31세,경상
5634,2018072300100013,2018년 7월 23일 01시,월요일,서울특별시 서대문구 홍제동,경상사고,0,0,1,0,차대사람 - 기타,보행자보호의무위반,포장 - 건조,맑음,단일로 - 기타,승용,남,55세,상해없음,보행자,남,40세,경상
5635,2018072300100033,2018년 7월 23일 04시,월요일,서울특별시 종로구 숭인동,중상사고,0,1,0,0,차대사람 - 기타,안전운전불이행,포장 - 건조,맑음,교차로 - 교차로안,화물,남,48세,상해없음,보행자,남,60세,중상
5636,2018072300100034,2018년 7월 23일 04시,월요일,서울특별시 동대문구 이문동,중상사고,0,1,0,0,차대사람 - 기타,안전운전불이행,포장 - 건조,맑음,기타 - 기타,승합,남,59세,상해없음,보행자,남,54세,중상
5637,2018072300100162,2018년 7월 23일 10시,월요일,서울특별시 종로구 연건동,중상사고,0,1,0,0,차대사람 - 횡단중,안전운전불이행,포장 - 건조,흐림,단일로 - 기타,승용,남,65세,상해없음,보행자,여,56세,중상
5638,2018072300100164,2018년 7월 23일 10시,월요일,서울특별시 동대문구 제기동,중상사고,0,1,0,0,차대사람 - 기타,안전운전불이행,포장 - 건조,맑음,교차로 - 교차로안,화물,남,52세,상해없음,보행자,남,63세,중상
5639,2018072300100165,2018년 7월 23일 10시,월요일,서울특별시 강서구 화곡동,경상사고,0,0,1,0,차대사람 - 횡단중,안전운전불이행,포장 - 건조,맑음,단일로 - 기타,이륜,남,21세,상해없음,보행자,여,65세,경상
5640,2018072300100166,2018년 7월 23일 10시,월요일,서울특별시 강서구 내발산동,중상사고,0,1,0,0,차대사람 - 기타,안전운전불이행,포장 - 건조,맑음,단일로 - 기타,승용,남,65세,상해없음,보행자,남,71세,중상
5641,2018072300100197,2018년 7월 23일 11시,월요일,서울특별시 종로구 연건동,중상사고,0,1,0,0,차대사람 - 횡단중,안전운전불이행,포장 - 건조,맑음,단일로 - 기타,승용,남,68세,상해없음,보행자,남,49세,중상
5642,2018072300100234,2018년 7월 23일 12시,월요일,서울특별시 중구 충무로1가,경상사고,0,0,1,0,차대사람 - 보도통행중,안전운전불이행,포장 - 건조,맑음,단일로 - 기타,기타불명,남,미분류,기타불명,보행자,남,47세,경상
5643,2018072300100260,2018년 7월 23일 13시,월요일,서울특별시 동대문구 휘경동,경상사고,0,0,1,0,차대사람 - 횡단중,보행자보호의무위반,포장 - 건조,맑음,교차로 - 교차로횡단보도내,승용,남,74세,상해없음,보행자,남,20세,경상
5644,2018072300100263,2018년 7월 23일 13시,월요일,서울특별시 성북구 종암동,경상사고,0,0,1,0,차대사람 - 횡단중,보행자보호의무위반,포장 - 건조,맑음,교차로 - 교차로안,화물,남,53세,상해없음,보행자,남,47세,경상
5645,2018072300100301,2018년 7월 23일 14시,월요일,서울특별시 서초구 잠원동,경상사고,0,0,1,0,차대사람 - 횡단중,안전운전불이행,포장 - 건조,맑음,교차로 - 교차로부근,화물,남,50세,상해없음,보행자,남,13세,경상
5646,2018072300100329,2018년 7월 23일 15시,월요일,서울특별시 금천구 시흥동,경상사고,0,0,1,0,차대사람 - 기타,안전운전불이행,포장 - 건조,맑음,교차로 - 교차로부근,화물,남,51세,상해없음,보행자,남,58세,경상
5647,2018072300100413,2018년 7월 23일 17시,월요일,서울특별시 중랑구 중화동,경상사고,0,0,1,0,차대사람 - 기타,안전운전불이행,포장 - 건조,맑음,교차로 - 교차로부근,화물,남,70세,상해없음,보행자,남,76세,경상
5648,2018072300100418,2018년 7월 23일 17시,월요일,서울특별시 양천구 신정동,중상사고,0,1,0,0,차대사람 - 기타,안전운전불이행,포장 - 건조,맑음,단일로 - 기타,이륜,남,64세,상해없음,보행자,여,46세,중상
5649,2018072300100460,2018년 7월 23일 18시,월요일,서울특별시 양천구 신월동,중상사고,0,1,0,0,차대사람 - 차도통행중,안전운전불이행,포장 - 건조,맑음,단일로 - 기타,승용,여,53세,상해없음,보행자,여,14세,중상
5650,2018072300100505,2018년 7월 23일 19시,월요일,서울특별시 서대문구 남가좌동,경상사고,0,0,1,0,차대사람 - 기타,안전운전불이행,포장 - 건조,맑음,단일로 - 기타,승용,남,41세,기타불명,보행자,남,20세,경상
5651,2018072300100508,2018년 7월 23일 19시,월요일,서울특별시 관악구 봉천동,경상사고,0,0,1,0,차대사람 - 횡단중,안전운전불이행,포장 - 건조,맑음,단일로 - 기타,화물,남,70세,기타불명,보행자,여,35세,경상
5652,2018072300100512,2018년 7월 23일 19시,월요일,서울특별시 양천구 신정동,경상사고,0,0,1,0,차대사람 - 기타,안전운전불이행,포장 - 건조,맑음,단일로 - 기타,승용,남,36세,기타불명,보행자,남,13세,경상
5653,2018072300100540,2018년 7월 23일 20시,월요일,서울특별시 용산구 용산동2가,경상사고,0,0,1,0,차대사람 - 횡단중,안전운전불이행,포장 - 건조,맑음,단일로 - 기타,기타불명,기타불명,미분류,기타불명,보행자,남,27세,경상
5654,2018072300100543,2018년 7월 23일 20시,월요일,서울특별시 영등포구 대림동,중상사고,0,1,0,0,차대사람 - 횡단중,신호위반,포장 - 건조,맑음,교차로 - 교차로안,원동기,남,19세,상해없음,보행자,여,52세,중상
5655,2018072300100573,2018년 7월 23일 21시,월요일,서울특별시 강서구 화곡동,중상사고,0,1,0,0,차대사람 - 횡단중,신호위반,포장 - 건조,맑음,교차로 - 교차로부근,승용,남,62세,상해없음,보행자,남,36세,중상
5656,2018072300100575,2018년 7월 23일 21시,월요일,서울특별시 노원구 상계동,경상사고,0,0,1,0,차대사람 - 횡단중,안전운전불이행,포장 - 건조,맑음,단일로 - 기타,이륜,남,17세,상해없음,보행자,남,9세,경상
5657,2018072300100576,2018년 7월 23일 21시,월요일,서울특별시 도봉구 창동,경상사고,0,0,2,0,차대사람 - 기타,안전운전불이행,포장 - 건조,맑음,교차로 - 교차로안,승용,여,40세,상해없음,보행자,남,52세,경상
5658,2018072300100595,2018년 7월 23일 22시,월요일,서울특별시 종로구 운니동,경상사고,0,0,1,0,차대사람 - 횡단중,보행자보호의무위반,포장 - 건조,맑음,교차로 - 교차로안,승용,남,66세,상해없음,보행자,여,14세,경상
5659,2018072300100597,2018년 7월 23일 22시,월요일,서울특별시 광진구 구의동,경상사고,0,0,1,0,차대사람 - 기타,안전운전불이행,포장 - 건조,맑음,교차로 - 교차로안,승용,여,20세,상해없음,보행자,남,66세,경상
5660,2018072300100602,2018년 7월 23일 22시,월요일,서울특별시 강동구 성내동,사망사고,1,0,0,0,차대사람 - 기타,안전운전불이행,포장 - 건조,맑음,단일로 - 기타,승용,남,57세,상해없음,보행자,남,62세,사망
5661,2018072300100622,2018년 7월 23일 23시,월요일,서울특별시 종로구 종로2가,중상사고,0,1,0,0,차대사람 - 차도통행중,안전운전불이행,포장 - 건조,맑음,교차로 - 교차로안,승합,남,57세,상해없음,보행자,남,65세,중상
5662,2018072300100624,2018년 7월 23일 23시,월요일,서울특별시 성북구 길음동,경상사고,0,0,1,0,차대사람 - 기타,안전운전불이행,포장 - 건조,맑음,기타 - 기타,승용,남,59세,상해없음,보행자,여,60세,경상
5663,2018072300100628,2018년 7월 23일 23시,월요일,서울특별시 동작구 흑석동,부상신고사고,0,0,0,1,차대사람 - 길가장자리구역통행중,안전운전불이행,포장 - 건조,맑음,교차로 - 교차로부근,승용,여,54세,상해없음,보행자,남,23세,부상신고
5664,2018072300100631,2018년 7월 23일 23시,월요일,서울특별시 노원구 월계동,경상사고,0,0,1,0,차대사람 - 기타,신호위반,포장 - 건조,맑음,교차로 - 교차로횡단보도내,이륜,남,22세,상해없음,보행자,여,48세,경상
5665,2018072400100001,2018년 7월 24일 00시,화요일,서울특별시 성동구 홍익동,중상사고,0,1,0,0,차대사람 - 횡단중,보행자보호의무위반,포장 - 건조,맑음,교차로 - 교차로횡단보도내,승용,남,55세,상해없음,보행자,남,59세,중상
5666,2018072400100023,2018년 7월 24일 02시,화요일,서울특별시 광진구 화양동,경상사고,0,0,1,0,차대사람 - 횡단중,신호위반,포장 - 건조,맑음,단일로 - 기타,승용,남,54세,상해없음,보행자,여,32세,경상
5667,2018072400100042,2018년 7월 24일 05시,화요일,서울특별시 중랑구 중화동,중상사고,0,1,0,0,차대사람 - 기타,안전운전불이행,포장 - 건조,맑음,기타 - 기타,승용,남,70세,상해없음,보행자,남,64세,중상
5668,2018072400100043,2018년 7월 24일 05시,화요일,서울특별시 송파구 잠실동,부상신고사고,0,0,0,1,차대사람 - 기타,안전운전불이행,포장 - 건조,맑음,단일로 - 기타,승용,남,79세,상해없음,보행자,남,38세,부상신고
5669,2018072400100098,2018년 7월 24일 08시,화요일,서울특별시 강북구 번동,경상사고,0,0,1,0,차대사람 - 횡단중,보행자보호의무위반,포장 - 건조,맑음,교차로 - 교차로횡단보도내,화물,남,62세,상해없음,보행자,여,12세,경상
5670,2018072400100105,2018년 7월 24일 08시,화요일,서울특별시 도봉구 창동,중상사고,0,1,0,0,차대사람 - 횡단중,신호위반,포장 - 건조,맑음,교차로 - 교차로안,이륜,남,21세,상해없음,보행자,여,46세,중상
5671,2018072400100147,2018년 7월 24일 09시,화요일,서울특별시 송파구 신천동,경상사고,0,0,1,0,차대사람 - 기타,안전운전불이행,포장 - 건조,맑음,교차로 - 교차로안,원동기,남,53세,상해없음,보행자,여,37세,경상
5672,2018072400100148,2018년 7월 24일 09시,화요일,서울특별시 양천구 신정동,중상사고,0,1,0,0,차대사람 - 횡단중,안전운전불이행,포장 - 건조,맑음,교차로 - 교차로안,승용,남,34세,상해없음,보행자,여,50세,중상
5673,2018072400100233,2018년 7월 24일 11시,화요일,서울특별시 성동구 성수동2가,경상사고,0,0,1,0,차대사람 - 길가장자리구역통행중,안전운전불이행,포장 - 건조,맑음,단일로 - 기타,승용,남,61세,상해없음,보행자,남,45세,경상
5674,2018072400100259,2018년 7월 24일 12시,화요일,서울특별시 영등포구 대림동,중상사고,0,1,1,0,차대사람 - 횡단중,신호위반,포장 - 건조,맑음,교차로 - 교차로안,승용,여,29세,상해없음,보행자,남,63세,중상
5675,2018072400100288,2018년 7월 24일 13시,화요일,서울특별시 영등포구 양평동3가,경상사고,0,0,1,0,차대사람 - 횡단중,보행자보호의무위반,포장 - 건조,맑음,교차로 - 교차로횡단보도내,승용,여,54세,상해없음,보행자,여,8세,경상
5676,2018072400100328,2018년 7월 24일 14시,화요일,서울특별시 용산구 동자동,중상사고,0,1,0,0,차대사람 - 보도통행중,기타,포장 - 건조,맑음,기타 - 기타,개인형이동수단(PM),남,67세,상해없음,보행자,여,22세,중상
5677,2018072400100376,2018년 7월 24일 15시,화요일,서울특별시 양천구 신정동,경상사고,0,0,1,0,차대사람 - 기타,기타,포장 - 건조,맑음,단일로 - 기타,승용,여,61세,상해없음,보행자,여,12세,경상
5678,2018072400100409,2018년 7월 24일 16시,화요일,서울특별시 서대문구 대현동,경상사고,0,0,1,0,차대사람 - 기타,안전운전불이행,포장 - 건조,맑음,기타 - 기타,화물,남,43세,상해없음,보행자,남,53세,경상
5679,2018072400100490,2018년 7월 24일 18시,화요일,서울특별시 종로구 내수동,경상사고,0,0,1,0,차대사람 - 횡단중,안전운전불이행,포장 - 건조,맑음,교차로 - 교차로안,이륜,남,38세,상해없음,보행자,여,61세,경상
5680,2018072400100499,2018년 7월 24일 18시,화요일,서울특별시 도봉구 쌍문동,중상사고,0,1,0,0,차대사람 - 기타,안전운전불이행,포장 - 건조,맑음,단일로 - 기타,승용,여,65세,상해없음,보행자,여,59세,중상
5681,2018072400100548,2018년 7월 24일 19시,화요일,서울특별시 금천구 독산동,경상사고,0,0,1,0,차대사람 - 기타,안전운전불이행,포장 - 건조,맑음,단일로 - 기타,승용,남,70세,상해없음,보행자,남,54세,경상
5682,2018072400100549,2018년 7월 24일 19시,화요일,서울특별시 중랑구 면목동,경상사고,0,0,1,0,차대사람 - 기타,안전운전불이행,포장 - 건조,맑음,기타 - 기타,승용,여,51세,상해없음,보행자,남,67세,경상
5683,2018072400100577,2018년 7월 24일 20시,화요일,서울특별시 영등포구 여의도동,중상사고,0,1,0,0,차대사람 - 기타,안전운전불이행,포장 - 건조,맑음,단일로 - 기타,자전거,남,22세,상해없음,보행자,여,38세,중상
5684,2018072400100580,2018년 7월 24일 20시,화요일,서울특별시 송파구 잠실동,경상사고,0,0,1,1,차대사람 - 기타,안전운전불이행,포장 - 건조,맑음,단일로 - 기타,원동기,남,17세,부상신고,보행자,남,44세,경상
5685,2018072400100633,2018년 7월 24일 22시,화요일,서울특별시 용산구 서빙고동,중상사고,0,1,0,0,차대사람 - 기타,안전운전불이행,포장 - 건조,맑음,단일로 - 기타,자전거,남,35세,상해없음,보행자,여,63세,중상
5686,2018072400100634,2018년 7월 24일 22시,화요일,서울특별시 금천구 시흥동,경상사고,0,0,1,0,차대사람 - 기타,보행자보호의무위반,포장 - 건조,맑음,교차로 - 교차로횡단보도내,화물,남,59세,상해없음,보행자,남,68세,경상
5687,2018072400100658,2018년 7월 24일 23시,화요일,서울특별시 광진구 화양동,경상사고,0,0,1,0,차대사람 - 길가장자리구역통행중,안전운전불이행,포장 - 건조,맑음,단일로 - 기타,화물,남,30세,기타불명,보행자,남,53세,경상
5688,2018072400100659,2018년 7월 24일 23시,화요일,서울특별시 동작구 노량진동,경상사고,0,0,1,0,차대사람 - 횡단중,보행자보호의무위반,포장 - 건조,맑음,기타 - 기타,원동기,남,16세,상해없음,보행자,남,25세,경상
5689,2018072500100011,2018년 7월 25일 01시,수요일,서울특별시 양천구 목동,중상사고,0,1,0,0,차대사람 - 보도통행중,안전운전불이행,포장 - 건조,맑음,단일로 - 기타,승용,남,53세,상해없음,보행자,여,28세,중상
5690,2018072500100034,2018년 7월 25일 03시,수요일,서울특별시 강남구 신사동,중상사고,0,1,0,0,차대사람 - 길가장자리구역통행중,안전운전불이행,포장 - 건조,맑음,단일로 - 기타,승용,남,30세,상해없음,보행자,남,45세,중상
5691,2018072500100043,2018년 7월 25일 04시,수요일,서울특별시 동대문구 장안동,중상사고,0,1,0,0,차대사람 - 횡단중,안전운전불이행,포장 - 건조,맑음,단일로 - 기타,승용,남,70세,상해없음,보행자,여,69세,중상
5692,2018072500100079,2018년 7월 25일 07시,수요일,서울특별시 동작구 대방동,경상사고,0,0,1,0,차대사람 - 기타,안전운전불이행,포장 - 건조,맑음,단일로 - 기타,승합,남,49세,상해없음,보행자,남,37세,경상
5693,2018072500100100,2018년 7월 25일 08시,수요일,서울특별시 관악구 신림동,경상사고,0,0,1,0,차대사람 - 기타,안전운전불이행,포장 - 건조,맑음,기타 - 기타,승용,남,52세,상해없음,보행자,남,51세,경상
5694,2018072500100138,2018년 7월 25일 09시,수요일,서울특별시 중랑구 망우동,경상사고,0,0,1,0,차대사람 - 길가장자리구역통행중,안전운전불이행,포장 - 건조,맑음,단일로 - 기타,승용,여,42세,상해없음,보행자,남,54세,경상
5695,2018072500100207,2018년 7월 25일 11시,수요일,서울특별시 서초구 서초동,경상사고,0,0,1,0,차대사람 - 횡단중,보행자보호의무위반,포장 - 건조,맑음,단일로 - 기타,승용,여,36세,상해없음,보행자,남,39세,경상
5696,2018072500100258,2018년 7월 25일 13시,수요일,서울특별시 서대문구 창천동,경상사고,0,0,1,0,차대사람 - 기타,안전운전불이행,포장 - 건조,맑음,단일로 - 기타,이륜,남,21세,상해없음,보행자,남,41세,경상
5697,2018072500100259,2018년 7월 25일 13시,수요일,서울특별시 동대문구 제기동,경상사고,0,0,1,0,차대사람 - 기타,안전운전불이행,포장 - 건조,맑음,단일로 - 기타,승합,남,58세,상해없음,보행자,남,52세,경상
5698,2018072500100335,2018년 7월 25일 15시,수요일,서울특별시 성북구 동선동1가,중상사고,0,1,1,0,차대사람 - 횡단중,안전운전불이행,포장 - 건조,맑음,단일로 - 기타,이륜,남,64세,경상,보행자,여,22세,중상
5699,2018072500100337,2018년 7월 25일 15시,수요일,서울특별시 강동구 둔촌동,부상신고사고,0,0,0,1,차대사람 - 길가장자리구역통행중,불법유턴,포장 - 건조,맑음,단일로 - 기타,승용,여,42세,상해없음,보행자,남,43세,부상신고
5700,2018072500100403,2018년 7월 25일 17시,수요일,서울특별시 성북구 정릉동,중상사고,0,1,0,0,차대사람 - 기타,안전운전불이행,포장 - 건조,맑음,주차장 - 주차장,승용,남,55세,상해없음,보행자,남,65세,중상
5701,2018072500100409,2018년 7월 25일 17시,수요일,서울특별시 성동구 성수동2가,경상사고,0,0,1,0,차대사람 - 횡단중,신호위반,포장 - 건조,맑음,교차로 - 교차로부근,기타불명,기타불명,미분류,기타불명,보행자,여,20세,경상
5702,2018072500100411,2018년 7월 25일 17시,수요일,서울특별시 강서구 가양동,경상사고,0,0,1,0,차대사람 - 차도통행중,안전운전불이행,포장 - 건조,맑음,단일로 - 기타,승용,남,70세,상해없음,보행자,남,36세,경상
5703,2018072500100413,2018년 7월 25일 17시,수요일,서울특별시 송파구 문정동,경상사고,0,0,1,0,차대사람 - 횡단중,안전운전불이행,포장 - 건조,맑음,단일로 - 기타,승용,여,37세,상해없음,보행자,남,9세,경상
5704,2018072500100414,2018년 7월 25일 17시,수요일,서울특별시 송파구 방이동,중상사고,0,1,0,0,차대사람 - 기타,안전운전불이행,포장 - 건조,맑음,단일로 - 기타,승용,남,50세,상해없음,보행자,남,63세,중상
5705,2018072500100448,2018년 7월 25일 18시,수요일,서울특별시 용산구 동빙고동,경상사고,0,0,1,0,차대사람 - 기타,안전운전불이행,포장 - 건조,맑음,단일로 - 기타,원동기,남,23세,상해없음,보행자,남,8세,경상
5706,2018072500100452,2018년 7월 25일 18시,수요일,서울특별시 강남구 역삼동,경상사고,0,0,1,0,차대사람 - 차도통행중,안전운전불이행,포장 - 건조,맑음,단일로 - 기타,승용,남,53세,상해없음,보행자,여,26세,경상
5707,2018072500100497,2018년 7월 25일 19시,수요일,서울특별시 광진구 중곡동,경상사고,0,0,1,0,차대사람 - 보도통행중,안전운전불이행,포장 - 건조,맑음,교차로 - 교차로부근,승용,남,62세,상해없음,보행자,여,61세,경상
5708,2018072500100537,2018년 7월 25일 20시,수요일,서울특별시 영등포구 양화동,경상사고,0,0,1,0,차대사람 - 기타,안전운전불이행,포장 - 건조,맑음,단일로 - 기타,자전거,남,50세,상해없음,보행자,남,64세,경상
5709,2018072500100538,2018년 7월 25일 20시,수요일,서울특별시 서초구 서초동,중상사고,0,1,0,0,차대사람 - 횡단중,신호위반,포장 - 건조,맑음,단일로 - 기타,승합,남,57세,상해없음,보행자,여,50세,중상
5710,2018072500100568,2018년 7월 25일 21시,수요일,서울특별시 중랑구 중화동,경상사고,0,0,1,0,차대사람 - 횡단중,신호위반,포장 - 건조,맑음,교차로 - 교차로부근,자전거,남,17세,상해없음,보행자,남,53세,경상
5711,2018072500100595,2018년 7월 25일 22시,수요일,서울특별시 영등포구 여의도동,경상사고,0,0,1,1,차대사람 - 기타,안전운전불이행,포장 - 건조,맑음,단일로 - 기타,자전거,남,37세,부상신고,보행자,여,16세,경상
5712,2018072500100596,2018년 7월 25일 22시,수요일,서울특별시 성동구 용답동,경상사고,0,0,1,0,차대사람 - 차도통행중,안전운전불이행,포장 - 건조,맑음,교차로 - 교차로안,승용,남,40세,상해없음,보행자,여,19세,경상
5713,2018072500100599,2018년 7월 25일 22시,수요일,서울특별시 구로구 구로동,경상사고,0,0,1,0,차대사람 - 횡단중,안전운전불이행,포장 - 건조,맑음,교차로 - 교차로안,승용,남,64세,상해없음,보행자,여,47세,경상
5714,2018072500100624,2018년 7월 25일 23시,수요일,서울특별시 강북구 번동,경상사고,0,0,2,0,차대사람 - 횡단중,보행자보호의무위반,포장 - 건조,맑음,교차로 - 교차로안,승용,남,28세,상해없음,보행자,남,52세,경상
5715,2018072500100625,2018년 7월 25일 23시,수요일,서울특별시 동작구 노량진동,부상신고사고,0,0,0,1,차대사람 - 기타,안전운전불이행,포장 - 건조,맑음,단일로 - 기타,승용,남,25세,상해없음,보행자,남,59세,부상신고
5716,2018072500100630,2018년 7월 25일 23시,수요일,서울특별시 강남구 역삼동,경상사고,0,0,1,0,차대사람 - 보도통행중,기타,포장 - 건조,맑음,기타 - 기타,승용,남,46세,상해없음,보행자,남,49세,경상
5717,2018072600100018,2018년 7월 26일 01시,목요일,서울특별시 강서구 화곡동,경상사고,0,0,1,0,차대사람 - 기타,안전운전불이행,포장 - 건조,맑음,교차로 - 교차로안,승용,여,29세,상해없음,보행자,남,77세,경상
5718,2018072600100019,2018년 7월 26일 01시,목요일,서울특별시 강동구 길동,중상사고,0,1,0,0,차대사람 - 기타,기타,포장 - 건조,흐림,기타 - 기타,승합,남,64세,상해없음,보행자,여,26세,중상
5719,2018072600100030,2018년 7월 26일 02시,목요일,서울특별시 강동구 성내동,부상신고사고,0,0,0,1,차대사람 - 기타,안전운전불이행,포장 - 건조,맑음,기타 - 기타,승용,남,42세,상해없음,보행자,남,34세,부상신고
5720,2018072600100042,2018년 7월 26일 03시,목요일,서울특별시 은평구 역촌동,중상사고,0,1,0,0,차대사람 - 기타,안전운전불이행,포장 - 건조,맑음,단일로 - 기타,화물,남,60세,상해없음,보행자,남,23세,중상
5721,2018072600100062,2018년 7월 26일 05시,목요일,서울특별시 강북구 수유동,경상사고,0,0,1,0,차대사람 - 횡단중,중앙선침범,포장 - 건조,맑음,단일로 - 기타,자전거,남,64세,상해없음,보행자,남,43세,경상
5722,2018072600100148,2018년 7월 26일 09시,목요일,서울특별시 동작구 본동,경상사고,0,0,1,0,차대사람 - 횡단중,안전운전불이행,포장 - 건조,맑음,단일로 - 기타,화물,남,56세,상해없음,보행자,여,20세,경상
5723,2018072600100218,2018년 7월 26일 11시,목요일,서울특별시 영등포구 당산동3가,경상사고,0,0,1,0,차대사람 - 차도통행중,안전운전불이행,포장 - 건조,맑음,단일로 - 기타,화물,남,52세,상해없음,보행자,남,66세,경상
5724,2018072600100221,2018년 7월 26일 11시,목요일,서울특별시 송파구 오금동,중상사고,0,1,0,0,차대사람 - 횡단중,보행자보호의무위반,포장 - 건조,맑음,교차로 - 교차로횡단보도내,승용,남,52세,상해없음,보행자,여,50세,중상
5725,2018072600100222,2018년 7월 26일 11시,목요일,서울특별시 구로구 오류동,경상사고,0,0,1,0,차대사람 - 기타,안전운전불이행,포장 - 건조,맑음,단일로 - 기타,화물,남,59세,상해없음,보행자,여,65세,경상
5726,2018072600100243,2018년 7월 26일 12시,목요일,서울특별시 동작구 사당동,중상사고,0,1,0,0,차대사람 - 횡단중,안전운전불이행,포장 - 건조,맑음,교차로 - 교차로부근,화물,남,58세,상해없음,보행자,여,73세,중상
5727,2018072600100246,2018년 7월 26일 12시,목요일,서울특별시 서초구 서초동,경상사고,0,0,1,0,차대사람 - 길가장자리구역통행중,안전운전불이행,포장 - 건조,흐림,교차로 - 교차로안,화물,남,39세,상해없음,보행자,남,35세,경상
5728,2018072600100276,2018년 7월 26일 13시,목요일,서울특별시 관악구 봉천동,경상사고,0,0,1,0,차대사람 - 길가장자리구역통행중,안전운전불이행,포장 - 건조,맑음,단일로 - 기타,승용,여,47세,상해없음,보행자,여,64세,경상
5729,2018072600100277,2018년 7월 26일 13시,목요일,서울특별시 송파구 송파동,중상사고,0,1,0,0,차대사람 - 횡단중,안전운전불이행,포장 - 건조,맑음,단일로 - 기타,승용,남,54세,상해없음,보행자,여,75세,중상
5730,2018072600100309,2018년 7월 26일 14시,목요일,서울특별시 금천구 시흥동,경상사고,0,0,1,0,차대사람 - 횡단중,신호위반,포장 - 건조,맑음,단일로 - 기타,이륜,남,28세,상해없음,보행자,남,9세,경상
5731,2018072600100371,2018년 7월 26일 16시,목요일,서울특별시 성북구 장위동,경상사고,0,0,1,0,차대사람 - 길가장자리구역통행중,안전운전불이행,포장 - 건조,맑음,단일로 - 기타,화물,남,60세,상해없음,보행자,여,77세,경상