,사고번호,사고일시,요일,시군구,사고내용,사망자수,중상자수,경상자수,부상신고자수,사고유형,법규위반,노면상태,기상상태,도로형태,가해운전자 차종,가해운전자 성별,가해운전자 연령,가해운전자 상해정도,피해운전자 차종,피해운전자 성별,피해운전자 연령,피해운전자 상해정도
6294,2018082000100486,2018년 8월 20일 19시,월요일,서울특별시 관악구 봉천동,부상신고사고,0,0,0,1,차대사람 - 기타,안전운전불이행,포장 - 건조,맑음,기타 - 기타,승합,남,59세,상해없음,보행자,여,83세,부상신고
6295,2018082000100512,2018년 8월 20일 20시,월요일,서울특별시 양천구 신정동,중상사고,0,1,0,0,차대사람 - 기타,보행자보호의무위반,포장 - 건조,맑음,교차로 - 교차로횡단보도내,기타불명,기타불명,미분류,기타불명,보행자,남,24세,중상
6296,2018082000100551,2018년 8월 20일 21시,월요일,서울특별시 영등포구 신길동,경상사고,0,0,1,1,차대사람 - 횡단중,안전운전불이행,포장 - 건조,맑음,단일로 - 기타,승용,여,54세,상해없음,보행자,남,40세,경상
6297,2018082000100591,2018년 8월 20일 23시,월요일,서울특별시 중구 을지로2가,부상신고사고,0,0,0,1,차대사람 - 횡단중,안전운전불이행,포장 - 건조,맑음,교차로 - 교차로횡단보도내,승합,남,57세,상해없음,보행자,남,51세,부상신고
6298,2018082100100044,2018년 8월 21일 05시,화요일,서울특별시 강북구 수유동,중상사고,0,1,0,0,차대사람 - 길가장자리구역통행중,안전운전불이행,포장 - 젖음/습기,비,단일로 - 기타,승용,남,57세,상해없음,보행자,여,21세,중상
6299,2018082100100048,2018년 8월 21일 05시,화요일,서울특별시 송파구 가락동,중상사고,0,1,0,0,차대사람 - 횡단중,신호위반,포장 - 젖음/습기,비,교차로 - 교차로안,승용,남,48세,상해없음,보행자,여,70세,중상
6300,2018082100100062,2018년 8월 21일 06시,화요일,서울특별시 용산구 보광동,경상사고,0,0,1,0,차대사람 - 횡단중,안전운전불이행,포장 - 젖음/습기,비,교차로 - 교차로안,승용,남,69세,상해없음,보행자,여,35세,경상
6301,2018082100100064,2018년 8월 21일 06시,화요일,서울특별시 강서구 공항동,중상사고,0,1,0,0,차대사람 - 기타,안전운전불이행,포장 - 건조,맑음,단일로 - 기타,승용,남,66세,상해없음,보행자,여,27세,중상
6302,2018082100100067,2018년 8월 21일 06시,화요일,서울특별시 노원구 공릉동,경상사고,0,0,1,0,차대사람 - 보도통행중,보행자보호의무위반,포장 - 젖음/습기,비,교차로 - 교차로횡단보도내,승용,남,61세,상해없음,보행자,여,46세,경상
6303,2018082100100078,2018년 8월 21일 07시,화요일,서울특별시 금천구 시흥동,경상사고,0,0,1,0,차대사람 - 횡단중,보행자보호의무위반,포장 - 젖음/습기,흐림,단일로 - 기타,승용,남,51세,상해없음,보행자,여,38세,경상
6304,2018082100100182,2018년 8월 21일 10시,화요일,서울특별시 강서구 외발산동,경상사고,0,0,1,0,차대사람 - 보도통행중,신호위반,포장 - 젖음/습기,비,교차로 - 교차로안,화물,남,51세,상해없음,보행자,여,69세,경상
6305,2018082100100186,2018년 8월 21일 10시,화요일,서울특별시 강남구 개포동,경상사고,0,0,1,0,차대사람 - 기타,보행자보호의무위반,포장 - 건조,맑음,교차로 - 교차로부근,승용,여,72세,상해없음,보행자,여,26세,경상
6306,2018082100100217,2018년 8월 21일 11시,화요일,서울특별시 관악구 봉천동,중상사고,0,1,0,0,차대사람 - 보도통행중,기타,포장 - 건조,맑음,기타 - 기타,화물,남,33세,상해없음,보행자,여,67세,중상
6307,2018082100100245,2018년 8월 21일 12시,화요일,서울특별시 종로구 창신동,경상사고,0,0,1,0,차대사람 - 길가장자리구역통행중,안전운전불이행,포장 - 건조,맑음,단일로 - 기타,승용,남,58세,상해없음,보행자,여,66세,경상
6308,2018082100100248,2018년 8월 21일 12시,화요일,서울특별시 서초구 방배동,경상사고,0,0,1,0,차대사람 - 횡단중,안전운전불이행,포장 - 건조,맑음,단일로 - 기타,승용,남,41세,상해없음,보행자,여,18세,경상
6309,2018082100100312,2018년 8월 21일 14시,화요일,서울특별시 광진구 자양동,중상사고,0,1,0,0,차대사람 - 길가장자리구역통행중,안전운전불이행,포장 - 건조,맑음,단일로 - 기타,화물,남,48세,상해없음,보행자,여,64세,중상
6310,2018082100100341,2018년 8월 21일 15시,화요일,서울특별시 강북구 수유동,경상사고,0,0,1,0,차대사람 - 차도통행중,안전운전불이행,포장 - 건조,맑음,교차로 - 교차로부근,승용,여,48세,상해없음,보행자,여,70세,경상
6311,2018082100100344,2018년 8월 21일 15시,화요일,서울특별시 동작구 사당동,중상사고,0,1,0,0,차대사람 - 차도통행중,안전운전불이행,포장 - 건조,맑음,단일로 - 기타,화물,남,46세,상해없음,보행자,여,60세,중상
6312,2018082100100347,2018년 8월 21일 15시,화요일,서울특별시 강남구 세곡동,중상사고,0,1,0,0,차대사람 - 횡단중,보행자보호의무위반,포장 - 건조,맑음,기타 - 기타,승용,남,76세,상해없음,보행자,남,13세,중상
6313,2018082100100348,2018년 8월 21일 15시,화요일,서울특별시 강남구 수서동,경상사고,0,0,2,0,차대사람 - 횡단중,보행자보호의무위반,포장 - 건조,맑음,교차로 - 교차로안,승용,남,73세,상해없음,보행자,여,39세,경상
6314,2018082100100388,2018년 8월 21일 16시,화요일,서울특별시 종로구 예지동,중상사고,0,1,0,0,차대사람 - 보도통행중,기타,포장 - 건조,맑음,단일로 - 기타,자전거,남,61세,상해없음,보행자,여,47세,중상
6315,2018082100100389,2018년 8월 21일 16시,화요일,서울특별시 동대문구 장안동,중상사고,0,1,0,0,차대사람 - 차도통행중,안전운전불이행,포장 - 건조,맑음,기타 - 기타,승용,여,27세,상해없음,보행자,여,73세,중상
6316,2018082100100393,2018년 8월 21일 16시,화요일,서울특별시 강남구 삼성동,경상사고,0,0,1,0,차대사람 - 횡단중,안전운전불이행,포장 - 건조,맑음,단일로 - 기타,승용,여,48세,기타불명,보행자,남,18세,경상
6317,2018082100100396,2018년 8월 21일 16시,화요일,서울특별시 구로구 구로동,경상사고,0,0,1,0,차대사람 - 길가장자리구역통행중,안전운전불이행,포장 - 건조,맑음,단일로 - 기타,승용,여,54세,상해없음,보행자,여,25세,경상
6318,2018082100100397,2018년 8월 21일 16시,화요일,서울특별시 강남구 일원동,경상사고,0,0,1,0,차대사람 - 횡단중,보행자보호의무위반,포장 - 건조,맑음,교차로 - 교차로횡단보도내,승용,여,64세,상해없음,보행자,남,69세,경상
6319,2018082100100439,2018년 8월 21일 17시,화요일,서울특별시 동작구 상도동,중상사고,0,1,0,0,차대사람 - 차도통행중,신호위반,포장 - 건조,맑음,교차로 - 교차로안,이륜,남,16세,상해없음,보행자,여,23세,중상
6320,2018082100100440,2018년 8월 21일 17시,화요일,서울특별시 중랑구 상봉동,중상사고,0,1,0,0,차대사람 - 기타,안전운전불이행,포장 - 건조,맑음,단일로 - 기타,화물,남,55세,상해없음,보행자,남,54세,중상
6321,2018082100100496,2018년 8월 21일 18시,화요일,서울특별시 용산구 이촌동,경상사고,0,0,1,0,차대사람 - 기타,안전운전불이행,포장 - 건조,맑음,단일로 - 기타,개인형이동수단(PM),남,67세,상해없음,보행자,여,24세,경상
6322,2018082100100497,2018년 8월 21일 18시,화요일,서울특별시 광진구 군자동,중상사고,0,1,0,0,차대사람 - 횡단중,안전운전불이행,포장 - 건조,맑음,단일로 - 기타,승용,남,63세,상해없음,보행자,여,75세,중상
6323,2018082100100537,2018년 8월 21일 19시,화요일,서울특별시 관악구 봉천동,중상사고,0,1,0,0,차대사람 - 길가장자리구역통행중,안전운전불이행,포장 - 건조,맑음,교차로 - 교차로안,승용,남,50세,상해없음,보행자,여,65세,중상
6324,2018082100100566,2018년 8월 21일 20시,화요일,서울특별시 중구 을지로2가,사망사고,1,0,0,0,차대사람 - 기타,안전운전불이행,포장 - 건조,맑음,교차로 - 교차로부근,승합,남,53세,상해없음,보행자,남,32세,사망
6325,2018082100100567,2018년 8월 21일 20시,화요일,서울특별시 구로구 가리봉동,중상사고,0,1,0,0,차대사람 - 횡단중,안전운전불이행,포장 - 건조,맑음,단일로 - 기타,승용,남,68세,상해없음,보행자,남,49세,중상
6326,2018082100100568,2018년 8월 21일 20시,화요일,서울특별시 구로구 구로동,중상사고,0,1,0,0,차대사람 - 횡단중,안전운전불이행,포장 - 건조,맑음,교차로 - 교차로부근,승용,남,63세,상해없음,보행자,여,65세,중상
6327,2018082100100603,2018년 8월 21일 21시,화요일,서울특별시 강서구 화곡동,경상사고,0,0,1,0,차대사람 - 차도통행중,안전운전불이행,포장 - 건조,맑음,단일로 - 기타,승용,남,68세,상해없음,보행자,남,57세,경상
6328,2018082100100607,2018년 8월 21일 21시,화요일,서울특별시 서초구 서초동,경상사고,0,0,1,0,차대사람 - 차도통행중,안전운전불이행,포장 - 건조,맑음,교차로 - 교차로부근,승용,남,29세,상해없음,보행자,남,63세,경상
6329,2018082100100640,2018년 8월 21일 22시,화요일,서울특별시 동작구 상도1동,경상사고,0,0,1,0,차대사람 - 횡단중,신호위반,포장 - 건조,맑음,교차로 - 교차로횡단보도내,이륜,남,16세,상해없음,보행자,남,27세,경상
6330,2018082100100664,2018년 8월 21일 23시,화요일,서울특별시 용산구 한남동,중상사고,0,1,0,0,차대사람 - 횡단중,안전운전불이행,포장 - 건조,맑음,단일로 - 기타,승용,남,66세,상해없음,보행자,여,35세,중상
6331,2018082100100666,2018년 8월 21일 23시,화요일,서울특별시 서초구 반포동,경상사고,0,0,1,0,차대사람 - 횡단중,신호위반,포장 - 건조,맑음,교차로 - 교차로안,승용,남,66세,상해없음,보행자,여,45세,경상
6332,2018082200100075,2018년 8월 22일 07시,수요일,서울특별시 종로구 창신동,중상사고,0,1,0,1,차대사람 - 기타,안전운전불이행,포장 - 건조,맑음,단일로 - 기타,이륜,남,34세,부상신고,보행자,남,76세,중상
6333,2018082200100107,2018년 8월 22일 08시,수요일,서울특별시 성동구 성수동2가,경상사고,0,0,1,0,차대사람 - 횡단중,보행자보호의무위반,포장 - 건조,맑음,단일로 - 기타,승용,남,60세,상해없음,보행자,여,14세,경상
6334,2018082200100109,2018년 8월 22일 08시,수요일,서울특별시 중랑구 면목동,중상사고,0,1,0,0,차대사람 - 횡단중,보행자보호의무위반,포장 - 건조,맑음,기타 - 기타,자전거,여,33세,상해없음,보행자,여,59세,중상
6335,2018082200100150,2018년 8월 22일 09시,수요일,서울특별시 중랑구 면목동,중상사고,0,1,0,0,차대사람 - 기타,기타,포장 - 건조,맑음,교차로 - 교차로부근,화물,남,48세,상해없음,보행자,여,49세,중상
6336,2018082200100181,2018년 8월 22일 10시,수요일,서울특별시 서대문구 연희동,경상사고,0,0,1,0,차대사람 - 횡단중,신호위반,포장 - 건조,맑음,단일로 - 기타,승합,남,73세,상해없음,보행자,여,35세,경상
6337,2018082200100215,2018년 8월 22일 11시,수요일,서울특별시 은평구 녹번동,사망사고,1,0,0,0,차대사람 - 횡단중,안전운전불이행,포장 - 건조,맑음,단일로 - 기타,화물,남,62세,상해없음,보행자,여,77세,사망
6338,2018082200100216,2018년 8월 22일 11시,수요일,서울특별시 양천구 목동,경상사고,0,0,1,0,차대사람 - 기타,안전운전불이행,포장 - 건조,맑음,교차로 - 교차로부근,승용,여,44세,상해없음,보행자,남,61세,경상
6339,2018082200100242,2018년 8월 22일 12시,수요일,서울특별시 중구 을지로6가,중상사고,0,1,0,0,차대사람 - 기타,안전운전불이행,포장 - 건조,맑음,교차로 - 교차로부근,승용,남,72세,상해없음,보행자,여,64세,중상
6340,2018082200100245,2018년 8월 22일 12시,수요일,서울특별시 동작구 노량진동,경상사고,0,0,1,0,차대사람 - 차도통행중,안전운전불이행,포장 - 건조,맑음,단일로 - 기타,승용,남,36세,상해없음,보행자,여,55세,경상
6341,2018082200100277,2018년 8월 22일 13시,수요일,서울특별시 강서구 화곡동,중상사고,0,1,0,0,차대사람 - 기타,안전운전불이행,포장 - 건조,맑음,기타 - 기타,화물,남,44세,상해없음,보행자,남,65세,중상
6342,2018082200100315,2018년 8월 22일 14시,수요일,서울특별시 동작구 대방동,중상사고,0,1,0,0,차대사람 - 횡단중,안전운전불이행,포장 - 건조,맑음,단일로 - 기타,승용,남,65세,상해없음,보행자,여,67세,중상
6343,2018082200100346,2018년 8월 22일 15시,수요일,서울특별시 동대문구 회기동,경상사고,0,0,1,0,차대사람 - 기타,안전운전불이행,포장 - 건조,맑음,단일로 - 기타,승용,남,37세,상해없음,보행자,남,71세,경상
6344,2018082200100348,2018년 8월 22일 15시,수요일,서울특별시 영등포구 대림동,경상사고,0,0,1,0,차대사람 - 횡단중,보행자보호의무위반,포장 - 건조,맑음,교차로 - 교차로안,화물,남,47세,상해없음,보행자,여,7세,경상
6345,2018082200100349,2018년 8월 22일 15시,수요일,서울특별시 강남구 신사동,부상신고사고,0,0,0,1,차대사람 - 기타,안전운전불이행,포장 - 건조,맑음,단일로 - 기타,승용,여,32세,상해없음,보행자,여,20세,부상신고
6346,2018082200100351,2018년 8월 22일 15시,수요일,서울특별시 구로구 가리봉동,중상사고,0,1,0,0,차대사람 - 차도통행중,안전운전불이행,포장 - 건조,맑음,단일로 - 기타,승용,남,30세,상해없음,보행자,남,45세,중상
6347,2018082200100392,2018년 8월 22일 16시,수요일,서울특별시 강남구 논현동,경상사고,0,0,1,0,차대사람 - 차도통행중,안전운전불이행,포장 - 건조,맑음,교차로 - 교차로부근,승용,남,77세,상해없음,보행자,여,24세,경상
6348,2018082200100395,2018년 8월 22일 16시,수요일,서울특별시 은평구 불광동,경상사고,0,0,1,0,차대사람 - 기타,안전운전불이행,포장 - 건조,맑음,단일로 - 기타,승용,여,35세,상해없음,보행자,여,62세,경상
6349,2018082200100484,2018년 8월 22일 18시,수요일,서울특별시 도봉구 방학동,중상사고,0,1,0,0,차대사람 - 횡단중,안전운전불이행,포장 - 기타,맑음,단일로 - 기타,승용,남,27세,상해없음,보행자,남,14세,중상
6350,2018082200100522,2018년 8월 22일 19시,수요일,서울특별시 광진구 능동,중상사고,0,1,0,0,차대사람 - 기타,안전운전불이행,포장 - 건조,맑음,기타 - 기타,승용,남,59세,상해없음,보행자,남,25세,중상
6351,2018082200100525,2018년 8월 22일 19시,수요일,서울특별시 강남구 세곡동,경상사고,0,0,1,0,차대사람 - 횡단중,안전운전불이행,포장 - 건조,맑음,단일로 - 기타,이륜,남,56세,상해없음,보행자,여,10세,경상
6352,2018082200100568,2018년 8월 22일 20시,수요일,서울특별시 양천구 신월동,중상사고,0,2,0,0,차대사람 - 기타,안전운전불이행,포장 - 건조,맑음,단일로 - 기타,승용,여,45세,상해없음,보행자,남,46세,중상
6353,2018082200100593,2018년 8월 22일 21시,수요일,서울특별시 은평구 증산동,경상사고,0,0,1,0,차대사람 - 기타,안전운전불이행,포장 - 건조,맑음,교차로 - 교차로부근,승합,남,29세,상해없음,보행자,여,55세,경상
6354,2018082200100596,2018년 8월 22일 21시,수요일,서울특별시 강북구 수유동,경상사고,0,0,1,0,차대사람 - 기타,안전운전불이행,포장 - 건조,맑음,단일로 - 기타,승용,남,49세,상해없음,보행자,남,52세,경상
6355,2018082200100617,2018년 8월 22일 22시,수요일,서울특별시 동대문구 회기동,경상사고,0,0,1,0,차대사람 - 길가장자리구역통행중,안전운전불이행,포장 - 건조,맑음,단일로 - 기타,승용,남,47세,상해없음,보행자,남,41세,경상
6356,2018082200100619,2018년 8월 22일 22시,수요일,서울특별시 동작구 상도동,중상사고,0,1,0,0,차대사람 - 횡단중,보행자보호의무위반,포장 - 건조,맑음,교차로 - 교차로부근,원동기,남,51세,상해없음,보행자,남,44세,중상
6357,2018082200100620,2018년 8월 22일 22시,수요일,서울특별시 중랑구 중화동,중상사고,0,1,0,0,차대사람 - 횡단중,안전운전불이행,포장 - 건조,맑음,교차로 - 교차로부근,승용,여,48세,상해없음,보행자,여,63세,중상
6358,2018082200100625,2018년 8월 22일 22시,수요일,서울특별시 도봉구 창동,경상사고,0,0,1,0,차대사람 - 기타,안전운전불이행,포장 - 건조,맑음,단일로 - 기타,승용,남,67세,상해없음,보행자,남,55세,경상
6359,2018082200100626,2018년 8월 22일 22시,수요일,서울특별시 도봉구 창동,중상사고,0,1,0,0,차대사람 - 차도통행중,안전운전불이행,포장 - 건조,맑음,단일로 - 기타,승용,남,38세,상해없음,보행자,남,9세,중상
6360,2018082200100627,2018년 8월 22일 22시,수요일,서울특별시 서초구 반포동,경상사고,0,0,1,0,차대사람 - 기타,안전운전불이행,포장 - 기타,맑음,단일로 - 기타,승용,여,47세,상해없음,보행자,남,42세,경상
6361,2018082200100647,2018년 8월 22일 23시,수요일,서울특별시 종로구 낙원동,부상신고사고,0,0,0,1,차대사람 - 길가장자리구역통행중,안전운전불이행,포장 - 건조,맑음,단일로 - 기타,승용,남,32세,상해없음,보행자,남,77세,부상신고
6362,2018082200100649,2018년 8월 22일 23시,수요일,서울특별시 성동구 용답동,경상사고,0,0,1,0,차대사람 - 기타,안전운전불이행,포장 - 건조,맑음,단일로 - 기타,승용,남,67세,상해없음,보행자,남,36세,경상
6363,2018082200100650,2018년 8월 22일 23시,수요일,서울특별시 동작구 상도동,중상사고,0,1,0,0,차대사람 - 차도통행중,보행자보호의무위반,포장 - 건조,맑음,교차로 - 교차로횡단보도내,승합,남,37세,상해없음,보행자,남,42세,중상
6364,2018082200100653,2018년 8월 22일 23시,수요일,서울특별시 강남구 일원동,중상사고,0,1,0,0,차대사람 - 기타,안전운전불이행,포장 - 건조,맑음,단일로 - 기타,승용,남,30세,상해없음,보행자,남,40세,중상
6365,2018082300100008,2018년 8월 23일 00시,목요일,서울특별시 강서구 화곡동,경상사고,0,0,2,0,차대사람 - 횡단중,안전운전불이행,포장 - 건조,맑음,단일로 - 기타,승용,남,34세,상해없음,보행자,여,51세,경상
6366,2018082300100031,2018년 8월 23일 02시,목요일,서울특별시 강남구 역삼동,경상사고,0,0,1,0,차대사람 - 차도통행중,안전운전불이행,포장 - 건조,맑음,단일로 - 기타,승용,남,64세,상해없음,보행자,남,40세,경상
6367,2018082300100056,2018년 8월 23일 06시,목요일,서울특별시 강북구 수유동,중상사고,0,1,0,0,차대사람 - 길가장자리구역통행중,안전운전불이행,포장 - 젖음/습기,비,단일로 - 기타,이륜,남,23세,상해없음,보행자,남,32세,중상
6368,2018082300100067,2018년 8월 23일 07시,목요일,서울특별시 도봉구 방학동,중상사고,0,1,0,0,차대사람 - 기타,안전운전불이행,포장 - 건조,맑음,단일로 - 기타,승용,여,55세,상해없음,보행자,여,50세,중상
6369,2018082300100085,2018년 8월 23일 08시,목요일,서울특별시 양천구 신정동,경상사고,0,0,1,0,차대사람 - 횡단중,안전운전불이행,포장 - 건조,흐림,교차로 - 교차로횡단보도내,승용,남,44세,상해없음,보행자,여,15세,경상
6370,2018082300100086,2018년 8월 23일 08시,목요일,서울특별시 서초구 방배동,경상사고,0,0,1,0,차대사람 - 기타,안전운전불이행,포장 - 건조,맑음,교차로 - 교차로안,승용,여,59세,상해없음,보행자,여,19세,경상
6371,2018082300100136,2018년 8월 23일 10시,목요일,서울특별시 중구 신당동,경상사고,0,0,1,0,차대사람 - 보도통행중,보행자보호의무위반,포장 - 건조,맑음,단일로 - 기타,이륜,남,23세,상해없음,보행자,여,25세,경상
6372,2018082300100137,2018년 8월 23일 10시,목요일,서울특별시 강북구 미아동,경상사고,0,0,1,0,차대사람 - 차도통행중,안전운전불이행,포장 - 젖음/습기,흐림,단일로 - 기타,승용,남,63세,상해없음,보행자,여,46세,경상
6373,2018082300100138,2018년 8월 23일 10시,목요일,서울특별시 마포구 서교동,경상사고,0,0,1,0,차대사람 - 기타,보행자보호의무위반,포장 - 건조,맑음,교차로 - 교차로안,승용,여,55세,상해없음,보행자,남,62세,경상
6374,2018082300100164,2018년 8월 23일 11시,목요일,서울특별시 관악구 신림동,경상사고,0,0,1,0,차대사람 - 횡단중,안전운전불이행,포장 - 건조,맑음,교차로 - 교차로부근,기타불명,기타불명,미분류,기타불명,보행자,여,69세,경상
6375,2018082300100166,2018년 8월 23일 11시,목요일,서울특별시 서초구 서초동,중상사고,0,1,0,0,차대사람 - 횡단중,안전운전불이행,포장 - 건조,맑음,단일로 - 기타,이륜,남,53세,상해없음,보행자,남,57세,중상
6376,2018082300100183,2018년 8월 23일 12시,목요일,서울특별시 강북구 수유동,중상사고,0,1,0,0,차대사람 - 기타,안전운전불이행,포장 - 건조,맑음,단일로 - 기타,승용,남,68세,상해없음,보행자,남,43세,중상
6377,2018082300100185,2018년 8월 23일 12시,목요일,서울특별시 동작구 사당동,경상사고,0,0,1,0,차대사람 - 기타,안전운전불이행,포장 - 건조,맑음,기타 - 기타,승용,남,54세,상해없음,보행자,남,65세,경상
6378,2018082300100218,2018년 8월 23일 14시,목요일,서울특별시 종로구 숭인동,중상사고,0,1,0,0,차대사람 - 횡단중,안전운전불이행,포장 - 건조,맑음,단일로 - 기타,승합,남,50세,상해없음,보행자,여,77세,중상
6379,2018082300100221,2018년 8월 23일 14시,목요일,서울특별시 강서구 마곡동,부상신고사고,0,0,0,1,차대사람 - 기타,안전운전불이행,포장 - 건조,흐림,단일로 - 기타,자전거,남,55세,부상신고,보행자,남,29세,상해없음
6380,2018082300100236,2018년 8월 23일 15시,목요일,서울특별시 서초구 방배동,경상사고,0,0,1,0,차대사람 - 횡단중,보행자보호의무위반,포장 - 건조,맑음,단일로 - 기타,승용,여,36세,상해없음,보행자,남,13세,경상
6381,2018082300100265,2018년 8월 23일 16시,목요일,서울특별시 중구 신당동,중상사고,0,1,0,1,차대사람 - 횡단중,안전운전불이행,포장 - 건조,맑음,교차로 - 교차로횡단보도내,원동기,남,26세,부상신고,보행자,여,52세,중상
6382,2018082300100266,2018년 8월 23일 16시,목요일,서울특별시 종로구 인사동,경상사고,0,0,1,0,차대사람 - 기타,안전운전불이행,포장 - 건조,맑음,단일로 - 기타,승용,여,24세,상해없음,보행자,남,39세,경상
6383,2018082300100326,2018년 8월 23일 18시,목요일,서울특별시 종로구 관수동,경상사고,0,0,1,0,차대사람 - 차도통행중,안전운전불이행,포장 - 건조,흐림,단일로 - 기타,이륜,여,63세,상해없음,보행자,남,58세,경상
6384,2018082300100330,2018년 8월 23일 18시,목요일,서울특별시 양천구 목동,중상사고,0,1,0,0,차대사람 - 차도통행중,기타,포장 - 건조,흐림,단일로 - 기타,승용,남,60세,상해없음,보행자,여,32세,중상
6385,2018082300100331,2018년 8월 23일 18시,목요일,서울특별시 노원구 공릉동,중상사고,0,1,0,0,차대사람 - 길가장자리구역통행중,안전운전불이행,포장 - 건조,맑음,단일로 - 기타,이륜,남,20세,상해없음,보행자,남,30세,중상
6386,2018082300100333,2018년 8월 23일 18시,목요일,서울특별시 도봉구 방학동,경상사고,0,0,1,0,차대사람 - 횡단중,안전운전불이행,포장 - 건조,맑음,단일로 - 기타,자전거,남,22세,상해없음,보행자,남,6세,경상
6387,2018082300100368,2018년 8월 23일 19시,목요일,서울특별시 종로구 세종로,중상사고,0,1,1,0,차대사람 - 보도통행중,신호위반,포장 - 젖음/습기,비,단일로 - 기타,승용,남,47세,상해없음,보행자,남,38세,중상
6388,2018082300100377,2018년 8월 23일 19시,목요일,서울특별시 강남구 역삼동,경상사고,0,0,1,0,차대사람 - 기타,안전운전불이행,포장 - 젖음/습기,흐림,단일로 - 기타,기타불명,기타불명,미분류,기타불명,보행자,남,56세,경상
6389,2018082300100413,2018년 8월 23일 20시,목요일,서울특별시 성동구 성수동2가,경상사고,0,0,1,0,차대사람 - 기타,기타,포장 - 건조,맑음,단일로 - 기타,승용,남,49세,상해없음,보행자,남,30세,경상
6390,2018082300100414,2018년 8월 23일 20시,목요일,서울특별시 동작구 신대방동,경상사고,0,0,1,0,차대사람 - 차도통행중,안전운전불이행,포장 - 젖음/습기,비,단일로 - 기타,이륜,남,17세,상해없음,보행자,남,45세,경상
6391,2018082300100485,2018년 8월 23일 22시,목요일,서울특별시 광진구 화양동,중상사고,0,1,0,0,차대사람 - 횡단중,신호위반,포장 - 건조,맑음,단일로 - 기타,승용,남,36세,상해없음,보행자,여,25세,중상
6392,2018082300100486,2018년 8월 23일 22시,목요일,서울특별시 관악구 신림동,중상사고,0,1,1,0,차대사람 - 횡단중,안전운전불이행,포장 - 건조,맑음,교차로 - 교차로안,이륜,남,16세,경상,보행자,남,56세,중상
6393,2018082300100487,2018년 8월 23일 22시,목요일,서울특별시 강남구 삼성동,중상사고,0,2,0,0,차대사람 - 차도통행중,안전운전불이행,포장 - 젖음/습기,비,교차로 - 교차로안,승용,여,54세,상해없음,보행자,여,45세,중상
6394,2018082300100491,2018년 8월 23일 22시,목요일,서울특별시 도봉구 방학동,경상사고,0,0,1,0,차대사람 - 횡단중,보행자보호의무위반,포장 - 젖음/습기,흐림,교차로 - 교차로횡단보도내,화물,남,31세,상해없음,보행자,남,15세,경상
6395,2018082300100507,2018년 8월 23일 23시,목요일,서울특별시 용산구 한강로3가,경상사고,0,0,1,0,차대사람 - 횡단중,안전운전불이행,포장 - 건조,맑음,교차로 - 교차로횡단보도내,승용,남,54세,상해없음,보행자,여,48세,경상
6396,2018082300100508,2018년 8월 23일 23시,목요일,서울특별시 용산구 한강로1가,경상사고,0,0,1,0,차대사람 - 횡단중,안전운전불이행,포장 - 젖음/습기,흐림,단일로 - 기타,이륜,남,22세,상해없음,보행자,남,62세,경상
6397,2018082400100002,2018년 8월 24일 00시,금요일,서울특별시 강서구 염창동,경상사고,0,0,1,0,차대사람 - 차도통행중,안전운전불이행,포장 - 젖음/습기,비,단일로 - 기타,화물,남,47세,상해없음,보행자,여,30세,경상
6398,2018082400100028,2018년 8월 24일 02시,금요일,서울특별시 중구 신당동,경상사고,0,0,1,0,차대사람 - 횡단중,보행자보호의무위반,포장 - 젖음/습기,비,단일로 - 기타,승용,남,62세,상해없음,보행자,여,54세,경상
6399,2018082400100029,2018년 8월 24일 02시,금요일,서울특별시 강남구 역삼동,중상사고,0,1,0,0,차대사람 - 기타,안전운전불이행,포장 - 젖음/습기,비,단일로 - 기타,기타불명,기타불명,미분류,기타불명,보행자,남,24세,중상
6400,2018082400100031,2018년 8월 24일 02시,금요일,서울특별시 노원구 중계동,경상사고,0,0,1,0,차대사람 - 보도통행중,보행자보호의무위반,포장 - 젖음/습기,비,단일로 - 기타,승용,남,77세,상해없음,보행자,남,43세,경상
6401,2018082400100047,2018년 8월 24일 04시,금요일,서울특별시 송파구 삼전동,중상사고,0,1,0,0,차대사람 - 횡단중,안전운전불이행,포장 - 젖음/습기,비,단일로 - 기타,승용,남,42세,상해없음,보행자,남,50세,중상
6402,2018082400100063,2018년 8월 24일 06시,금요일,서울특별시 영등포구 신길동,중상사고,0,1,0,0,차대사람 - 횡단중,보행자보호의무위반,포장 - 젖음/습기,비,단일로 - 기타,화물,남,61세,상해없음,보행자,여,57세,중상
6403,2018082400100064,2018년 8월 24일 06시,금요일,서울특별시 금천구 독산동,경상사고,0,0,2,0,차대사람 - 기타,안전운전불이행,포장 - 건조,맑음,단일로 - 기타,승합,남,66세,상해없음,보행자,남,38세,경상
6404,2018082400100076,2018년 8월 24일 07시,금요일,서울특별시 양천구 목동,부상신고사고,0,0,0,1,차대사람 - 길가장자리구역통행중,안전운전불이행,포장 - 건조,맑음,단일로 - 기타,승용,여,47세,상해없음,보행자,남,20세,부상신고
6405,2018082400100112,2018년 8월 24일 09시,금요일,서울특별시 중구 신당동,중상사고,0,1,0,0,차대사람 - 보도통행중,보행자보호의무위반,포장 - 건조,맑음,단일로 - 기타,승용,남,38세,상해없음,보행자,여,75세,중상