,사고번호,사고일시,요일,시군구,사고내용,사망자수,중상자수,경상자수,부상신고자수,사고유형,법규위반,노면상태,기상상태,도로형태,가해운전자 차종,가해운전자 성별,가해운전자 연령,가해운전자 상해정도,피해운전자 차종,피해운전자 성별,피해운전자 연령,피해운전자 상해정도
6631,2018090200100442,2018년 9월 2일 22시,일요일,서울특별시 중랑구 망우동,중상사고,0,1,0,0,차대사람 - 기타,안전운전불이행,포장 - 건조,맑음,교차로 - 교차로부근,화물,남,45세,상해없음,보행자,여,68세,중상
6632,2018090300100011,2018년 9월 3일 02시,월요일,서울특별시 용산구 이태원동,부상신고사고,0,0,0,1,차대사람 - 기타,안전운전불이행,포장 - 건조,맑음,교차로 - 교차로부근,기타불명,기타불명,미분류,기타불명,보행자,남,32세,부상신고
6633,2018090300100014,2018년 9월 3일 02시,월요일,서울특별시 동대문구 청량리동,사망사고,1,0,0,0,차대사람 - 기타,안전운전불이행,포장 - 건조,맑음,교차로 - 교차로부근,화물,남,38세,상해없음,보행자,남,58세,사망
6634,2018090300100042,2018년 9월 3일 06시,월요일,서울특별시 영등포구 영등포동5가,사망사고,1,2,0,0,차대사람 - 보도통행중,기타,포장 - 건조,맑음,단일로 - 기타,승용,남,60세,상해없음,보행자,남,63세,중상
6635,2018090300100044,2018년 9월 3일 06시,월요일,서울특별시 서초구 방배동,중상사고,0,1,0,0,차대사람 - 횡단중,안전운전불이행,포장 - 건조,맑음,단일로 - 기타,이륜,남,51세,상해없음,보행자,남,68세,중상
6636,2018090300100059,2018년 9월 3일 07시,월요일,서울특별시 마포구 서교동,경상사고,0,0,1,0,차대사람 - 횡단중,보행자보호의무위반,포장 - 젖음/습기,비,교차로 - 교차로횡단보도내,승용,여,65세,상해없음,보행자,여,19세,경상
6637,2018090300100081,2018년 9월 3일 08시,월요일,서울특별시 중구 황학동,중상사고,0,1,0,0,차대사람 - 횡단중,안전운전불이행,포장 - 건조,맑음,단일로 - 기타,화물,남,66세,상해없음,보행자,여,76세,중상
6638,2018090300100083,2018년 9월 3일 08시,월요일,서울특별시 영등포구 신길동,경상사고,0,0,1,0,차대사람 - 횡단중,보행자보호의무위반,포장 - 젖음/습기,비,교차로 - 교차로횡단보도내,승용,여,58세,상해없음,보행자,여,47세,경상
6639,2018090300100084,2018년 9월 3일 08시,월요일,서울특별시 금천구 시흥동,경상사고,0,0,1,0,차대사람 - 횡단중,신호위반,포장 - 건조,맑음,교차로 - 교차로횡단보도내,기타불명,기타불명,미분류,기타불명,보행자,여,81세,경상
6640,2018090300100130,2018년 9월 3일 09시,월요일,서울특별시 용산구 한남동,부상신고사고,0,0,0,1,차대사람 - 기타,보행자보호의무위반,포장 - 건조,맑음,교차로 - 교차로횡단보도내,기타불명,기타불명,미분류,기타불명,보행자,여,33세,부상신고
6641,2018090300100131,2018년 9월 3일 09시,월요일,서울특별시 동대문구 전농동,중상사고,0,1,0,0,차대사람 - 기타,안전운전불이행,포장 - 젖음/습기,비,교차로 - 교차로안,승용,남,54세,상해없음,보행자,여,79세,중상
6642,2018090300100136,2018년 9월 3일 09시,월요일,서울특별시 송파구 거여동,경상사고,0,0,1,0,차대사람 - 횡단중,신호위반,포장 - 건조,맑음,교차로 - 교차로횡단보도내,승용,남,57세,상해없음,보행자,여,67세,경상
6643,2018090300100170,2018년 9월 3일 10시,월요일,서울특별시 용산구 원효로2가,경상사고,0,0,1,0,차대사람 - 기타,안전운전불이행,포장 - 건조,맑음,단일로 - 기타,화물,남,60세,상해없음,보행자,남,28세,경상
6644,2018090300100203,2018년 9월 3일 11시,월요일,서울특별시 동대문구 전농동,중상사고,0,1,0,0,차대사람 - 횡단중,신호위반,포장 - 젖음/습기,비,교차로 - 교차로횡단보도내,자전거,남,51세,상해없음,보행자,여,86세,중상
6645,2018090300100205,2018년 9월 3일 11시,월요일,서울특별시 중랑구 묵동,경상사고,0,0,1,0,차대사람 - 차도통행중,안전운전불이행,포장 - 젖음/습기,비,단일로 - 기타,화물,남,61세,상해없음,보행자,남,24세,경상
6646,2018090300100236,2018년 9월 3일 12시,월요일,서울특별시 동작구 대방동,중상사고,0,1,0,0,차대사람 - 횡단중,안전운전불이행,포장 - 건조,맑음,교차로 - 교차로부근,화물,남,66세,상해없음,보행자,여,72세,중상
6647,2018090300100237,2018년 9월 3일 12시,월요일,서울특별시 서초구 서초동,경상사고,0,0,1,0,차대사람 - 기타,안전운전불이행,포장 - 건조,맑음,기타 - 기타,승용,남,45세,상해없음,보행자,남,37세,경상
6648,2018090300100364,2018년 9월 3일 16시,월요일,서울특별시 서대문구 북가좌동,부상신고사고,0,0,0,2,차대사람 - 횡단중,안전운전불이행,포장 - 젖음/습기,비,단일로 - 기타,승용,남,33세,상해없음,보행자,남,79세,부상신고
6649,2018090300100365,2018년 9월 3일 16시,월요일,서울특별시 광진구 중곡동,부상신고사고,0,0,0,1,차대사람 - 기타,안전운전불이행,포장 - 젖음/습기,비,단일로 - 기타,승용,여,24세,상해없음,보행자,여,12세,부상신고
6650,2018090300100403,2018년 9월 3일 17시,월요일,서울특별시 강서구 화곡동,중상사고,0,1,0,0,차대사람 - 기타,보행자보호의무위반,포장 - 젖음/습기,비,단일로 - 기타,승용,여,55세,상해없음,보행자,여,66세,중상
6651,2018090300100408,2018년 9월 3일 17시,월요일,서울특별시 도봉구 방학동,중상사고,0,1,0,0,차대사람 - 기타,안전운전불이행,포장 - 젖음/습기,비,교차로 - 교차로안,승용,남,62세,상해없음,보행자,여,27세,중상
6652,2018090300100500,2018년 9월 3일 19시,월요일,서울특별시 중랑구 신내동,경상사고,0,0,1,0,차대사람 - 횡단중,안전운전불이행,포장 - 젖음/습기,비,교차로 - 교차로횡단보도내,이륜,남,25세,상해없음,보행자,여,57세,경상
6653,2018090300100501,2018년 9월 3일 19시,월요일,서울특별시 관악구 봉천동,경상사고,0,0,1,0,차대사람 - 횡단중,보행자보호의무위반,포장 - 젖음/습기,비,교차로 - 교차로안,승용,남,72세,상해없음,보행자,여,81세,경상
6654,2018090300100556,2018년 9월 3일 20시,월요일,서울특별시 동작구 신대방동,중상사고,0,1,0,0,차대사람 - 차도통행중,안전운전불이행,포장 - 젖음/습기,비,단일로 - 기타,승합,남,50세,상해없음,보행자,남,83세,중상
6655,2018090300100585,2018년 9월 3일 21시,월요일,서울특별시 용산구 후암동,경상사고,0,0,1,0,차대사람 - 기타,안전운전불이행,포장 - 건조,맑음,단일로 - 기타,화물,여,58세,상해없음,보행자,남,43세,경상
6656,2018090300100586,2018년 9월 3일 21시,월요일,서울특별시 동작구 사당동,부상신고사고,0,0,0,1,차대사람 - 기타,안전운전불이행,포장 - 젖음/습기,비,단일로 - 기타,기타불명,기타불명,미분류,기타불명,보행자,남,54세,부상신고
6657,2018090300100611,2018년 9월 3일 22시,월요일,서울특별시 종로구 종로3가,경상사고,0,0,1,0,차대사람 - 횡단중,신호위반,포장 - 건조,맑음,교차로 - 교차로횡단보도내,승용,남,49세,상해없음,보행자,남,40세,경상
6658,2018090300100612,2018년 9월 3일 22시,월요일,서울특별시 강북구 번동,경상사고,0,0,1,0,차대사람 - 기타,안전운전불이행,포장 - 젖음/습기,비,단일로 - 기타,기타불명,기타불명,미분류,기타불명,보행자,남,53세,경상
6659,2018090300100613,2018년 9월 3일 22시,월요일,서울특별시 광진구 중곡동,경상사고,0,0,1,0,차대사람 - 기타,안전운전불이행,포장 - 건조,맑음,단일로 - 기타,이륜,남,19세,상해없음,보행자,여,57세,경상
6660,2018090300100615,2018년 9월 3일 22시,월요일,서울특별시 성동구 마장동,경상사고,0,0,1,0,차대사람 - 횡단중,안전운전불이행,포장 - 건조,맑음,교차로 - 교차로부근,승용,남,71세,상해없음,보행자,여,76세,경상
6661,2018090300100618,2018년 9월 3일 22시,월요일,서울특별시 강동구 성내동,경상사고,0,0,1,0,차대사람 - 기타,안전운전불이행,포장 - 젖음/습기,비,교차로 - 교차로횡단보도내,승용,남,60세,상해없음,보행자,여,25세,경상
6662,2018090300100620,2018년 9월 3일 22시,월요일,서울특별시 은평구 대조동,경상사고,0,0,1,0,차대사람 - 보도통행중,기타,포장 - 젖음/습기,흐림,기타 - 기타,승용,남,30세,상해없음,보행자,남,34세,경상
6663,2018090300100652,2018년 9월 3일 23시,월요일,서울특별시 용산구 한강로3가,경상사고,0,0,1,0,차대사람 - 횡단중,보행자보호의무위반,포장 - 건조,맑음,단일로 - 지하차도(도로)내,승용,남,63세,상해없음,보행자,남,54세,경상
6664,2018090300100653,2018년 9월 3일 23시,월요일,서울특별시 성북구 정릉동,경상사고,0,0,1,0,차대사람 - 기타,안전운전불이행,포장 - 건조,흐림,단일로 - 기타,승용,남,28세,상해없음,보행자,남,24세,경상
6665,2018090400100025,2018년 9월 4일 01시,화요일,서울특별시 동대문구 답십리동,경상사고,0,0,1,0,차대사람 - 횡단중,안전운전불이행,포장 - 건조,맑음,단일로 - 기타,승용,남,57세,상해없음,보행자,남,41세,경상
6666,2018090400100055,2018년 9월 4일 05시,화요일,서울특별시 동대문구 장안동,중상사고,0,1,0,0,차대사람 - 기타,신호위반,포장 - 건조,맑음,단일로 - 기타,승합,남,73세,상해없음,보행자,여,56세,중상
6667,2018090400100057,2018년 9월 4일 05시,화요일,서울특별시 도봉구 방학동,경상사고,0,0,1,0,차대사람 - 횡단중,보행자보호의무위반,포장 - 건조,맑음,교차로 - 교차로횡단보도내,승용,남,60세,상해없음,보행자,남,69세,경상
6668,2018090400100068,2018년 9월 4일 07시,화요일,서울특별시 성북구 종암동,중상사고,0,1,0,0,차대사람 - 횡단중,보행자보호의무위반,포장 - 건조,맑음,단일로 - 기타,승용,여,49세,상해없음,보행자,여,70세,중상
6669,2018090400100069,2018년 9월 4일 07시,화요일,서울특별시 강남구 세곡동,경상사고,0,0,1,0,차대사람 - 횡단중,안전운전불이행,포장 - 건조,맑음,교차로 - 교차로부근,기타불명,기타불명,미분류,기타불명,보행자,남,16세,경상
6670,2018090400100092,2018년 9월 4일 08시,화요일,서울특별시 마포구 상암동,경상사고,0,0,1,0,차대사람 - 기타,안전운전불이행,포장 - 건조,맑음,단일로 - 기타,승용,남,63세,상해없음,보행자,남,33세,경상
6671,2018090400100093,2018년 9월 4일 08시,화요일,서울특별시 노원구 하계동,경상사고,0,0,1,0,차대사람 - 횡단중,보행자보호의무위반,포장 - 건조,흐림,단일로 - 기타,화물,남,48세,상해없음,보행자,남,17세,경상
6672,2018090400100135,2018년 9월 4일 09시,화요일,서울특별시 은평구 대조동,경상사고,0,0,1,0,차대사람 - 횡단중,안전운전불이행,포장 - 건조,맑음,단일로 - 기타,승용,남,49세,상해없음,보행자,남,76세,경상
6673,2018090400100136,2018년 9월 4일 09시,화요일,서울특별시 은평구 대조동,중상사고,0,1,0,0,차대사람 - 차도통행중,안전운전불이행,포장 - 건조,맑음,교차로 - 교차로안,승합,남,69세,상해없음,보행자,남,23세,중상
6674,2018090400100172,2018년 9월 4일 10시,화요일,서울특별시 강남구 대치동,경상사고,0,0,1,0,차대사람 - 횡단중,보행자보호의무위반,포장 - 건조,맑음,교차로 - 교차로횡단보도내,화물,남,56세,상해없음,보행자,남,49세,경상
6675,2018090400100201,2018년 9월 4일 11시,화요일,서울특별시 강북구 번동,경상사고,0,0,1,0,차대사람 - 차도통행중,안전운전불이행,포장 - 건조,맑음,단일로 - 기타,승용,여,49세,상해없음,보행자,남,24세,경상
6676,2018090400100204,2018년 9월 4일 11시,화요일,서울특별시 서초구 반포동,중상사고,0,1,0,0,차대사람 - 기타,기타,포장 - 건조,맑음,단일로 - 기타,승용,남,58세,상해없음,보행자,여,33세,중상
6677,2018090400100227,2018년 9월 4일 12시,화요일,서울특별시 영등포구 대림동,경상사고,0,0,1,0,차대사람 - 기타,안전운전불이행,포장 - 건조,맑음,교차로 - 교차로부근,화물,남,46세,상해없음,보행자,여,47세,경상
6678,2018090400100229,2018년 9월 4일 12시,화요일,서울특별시 성동구 성수동1가,중상사고,0,1,0,0,차대사람 - 기타,안전운전불이행,포장 - 건조,맑음,단일로 - 기타,화물,남,43세,상해없음,보행자,남,62세,중상
6679,2018090400100233,2018년 9월 4일 12시,화요일,서울특별시 도봉구 방학동,경상사고,0,0,1,0,차대사람 - 기타,기타,포장 - 건조,맑음,기타 - 기타,승용,남,36세,상해없음,보행자,여,32세,경상
6680,2018090400100256,2018년 9월 4일 13시,화요일,서울특별시 광진구 중곡동,경상사고,0,0,1,0,차대사람 - 횡단중,신호위반,포장 - 건조,맑음,교차로 - 교차로안,승용,남,68세,상해없음,보행자,여,46세,경상
6681,2018090400100281,2018년 9월 4일 14시,화요일,서울특별시 마포구 망원동,중상사고,0,1,0,0,차대사람 - 기타,기타,포장 - 건조,맑음,기타 - 기타,승합,남,70세,상해없음,보행자,여,51세,중상
6682,2018090400100282,2018년 9월 4일 14시,화요일,서울특별시 금천구 독산동,경상사고,0,0,1,0,차대사람 - 기타,안전운전불이행,포장 - 건조,맑음,단일로 - 기타,승용,남,62세,상해없음,보행자,남,5세,경상
6683,2018090400100340,2018년 9월 4일 16시,화요일,서울특별시 강북구 미아동,경상사고,0,0,1,0,차대사람 - 횡단중,안전운전불이행,포장 - 건조,맑음,교차로 - 교차로안,자전거,남,15세,상해없음,보행자,여,47세,경상
6684,2018090400100345,2018년 9월 4일 16시,화요일,서울특별시 성북구 장위동,중상사고,0,1,0,0,차대사람 - 기타,안전운전불이행,포장 - 건조,맑음,단일로 - 기타,승용,남,76세,상해없음,보행자,남,74세,중상
6685,2018090400100346,2018년 9월 4일 16시,화요일,서울특별시 서초구 우면동,중상사고,0,1,0,0,차대사람 - 보도통행중,신호위반,포장 - 건조,맑음,교차로 - 교차로부근,승용,여,34세,상해없음,보행자,여,7세,중상
6686,2018090400100388,2018년 9월 4일 17시,화요일,서울특별시 중구 신당동,경상사고,0,0,1,0,차대사람 - 횡단중,보행자보호의무위반,포장 - 젖음/습기,비,교차로 - 교차로횡단보도내,승용,남,75세,상해없음,보행자,여,60세,경상
6687,2018090400100389,2018년 9월 4일 17시,화요일,서울특별시 동대문구 전농동,경상사고,0,0,1,0,차대사람 - 기타,안전운전불이행,포장 - 건조,맑음,단일로 - 기타,승합,남,59세,상해없음,보행자,여,46세,경상
6688,2018090400100440,2018년 9월 4일 18시,화요일,서울특별시 영등포구 여의도동,경상사고,0,0,2,0,차대사람 - 횡단중,안전운전불이행,포장 - 건조,맑음,단일로 - 기타,자전거,남,54세,경상,보행자,남,71세,경상
6689,2018090400100442,2018년 9월 4일 18시,화요일,서울특별시 관악구 신림동,중상사고,0,1,0,0,차대사람 - 차도통행중,안전운전불이행,포장 - 건조,맑음,단일로 - 기타,승용,남,71세,상해없음,보행자,여,72세,중상
6690,2018090400100486,2018년 9월 4일 19시,화요일,서울특별시 강북구 수유동,경상사고,0,0,1,0,차대사람 - 기타,기타,포장 - 건조,맑음,단일로 - 기타,승합,남,51세,기타불명,보행자,여,79세,경상
6691,2018090400100489,2018년 9월 4일 19시,화요일,서울특별시 송파구 풍납동,경상사고,0,0,1,0,차대사람 - 기타,안전운전불이행,포장 - 건조,맑음,기타 - 기타,자전거,남,57세,경상,보행자,남,41세,상해없음
6692,2018090400100523,2018년 9월 4일 20시,화요일,서울특별시 동작구 상도동,중상사고,0,1,0,0,차대사람 - 길가장자리구역통행중,안전운전불이행,포장 - 건조,맑음,교차로 - 교차로부근,승용,남,67세,상해없음,보행자,여,67세,중상
6693,2018090400100526,2018년 9월 4일 20시,화요일,서울특별시 노원구 월계동,경상사고,0,0,1,0,차대사람 - 차도통행중,안전운전불이행,포장 - 건조,맑음,단일로 - 기타,승합,남,62세,상해없음,보행자,남,69세,경상
6694,2018090400100551,2018년 9월 4일 21시,화요일,서울특별시 강남구 삼성동,경상사고,0,0,2,0,차대사람 - 차도통행중,안전운전불이행,포장 - 건조,맑음,교차로 - 교차로안,승용,남,53세,기타불명,보행자,남,52세,경상
6695,2018090400100574,2018년 9월 4일 22시,화요일,서울특별시 금천구 시흥동,경상사고,0,0,1,0,차대사람 - 기타,기타,포장 - 건조,맑음,기타 - 기타,승용,남,62세,상해없음,보행자,남,17세,경상
6696,2018090400100594,2018년 9월 4일 23시,화요일,서울특별시 동작구 신대방동,경상사고,0,0,1,1,차대사람 - 횡단중,안전운전불이행,포장 - 건조,맑음,교차로 - 교차로부근,이륜,여,22세,경상,보행자,여,24세,부상신고
6697,2018090500100001,2018년 9월 5일 00시,수요일,서울특별시 용산구 이태원동,경상사고,0,0,2,0,차대사람 - 기타,신호위반,포장 - 건조,맑음,교차로 - 교차로횡단보도내,승용,남,50세,상해없음,보행자,남,22세,경상
6698,2018090500100024,2018년 9월 5일 01시,수요일,서울특별시 송파구 가락동,부상신고사고,0,0,0,1,차대사람 - 길가장자리구역통행중,안전운전불이행,포장 - 건조,맑음,단일로 - 기타,승용,남,35세,상해없음,보행자,남,43세,부상신고
6699,2018090500100061,2018년 9월 5일 06시,수요일,서울특별시 중랑구 중화동,경상사고,0,0,1,0,차대사람 - 횡단중,신호위반,포장 - 건조,맑음,단일로 - 기타,화물,남,64세,상해없음,보행자,여,35세,경상
6700,2018090500100065,2018년 9월 5일 06시,수요일,서울특별시 구로구 구로동,경상사고,0,0,1,0,차대사람 - 기타,안전운전불이행,포장 - 건조,맑음,단일로 - 기타,승용,남,47세,상해없음,보행자,남,71세,경상
6701,2018090500100105,2018년 9월 5일 08시,수요일,서울특별시 용산구 한남동,중상사고,0,1,0,0,차대사람 - 횡단중,보행자보호의무위반,포장 - 건조,맑음,단일로 - 기타,승용,남,47세,상해없음,보행자,여,48세,중상
6702,2018090500100107,2018년 9월 5일 08시,수요일,서울특별시 영등포구 대림동,경상사고,0,0,1,0,차대사람 - 횡단중,보행자보호의무위반,포장 - 건조,맑음,교차로 - 교차로안,승용,남,30세,상해없음,보행자,여,23세,경상
6703,2018090500100108,2018년 9월 5일 08시,수요일,서울특별시 중랑구 묵동,경상사고,0,0,1,0,차대사람 - 차도통행중,보행자보호의무위반,포장 - 건조,맑음,교차로 - 교차로부근,승용,남,66세,상해없음,보행자,여,14세,경상
6704,2018090500100113,2018년 9월 5일 08시,수요일,서울특별시 구로구 고척동,중상사고,0,1,0,0,차대사람 - 차도통행중,안전운전불이행,포장 - 건조,맑음,단일로 - 기타,승용,남,54세,상해없음,보행자,여,68세,중상
6705,2018090500100202,2018년 9월 5일 10시,수요일,서울특별시 동작구 상도동,중상사고,0,1,0,0,차대사람 - 기타,안전운전불이행,포장 - 건조,맑음,단일로 - 기타,승용,남,40세,상해없음,보행자,남,23세,중상
6706,2018090500100203,2018년 9월 5일 10시,수요일,서울특별시 강남구 수서동,중상사고,0,1,0,0,차대사람 - 차도통행중,안전운전불이행,포장 - 건조,맑음,단일로 - 기타,승합,남,63세,상해없음,보행자,여,44세,중상
6707,2018090500100204,2018년 9월 5일 10시,수요일,서울특별시 강남구 수서동,경상사고,0,0,1,0,차대사람 - 기타,신호위반,포장 - 건조,맑음,단일로 - 기타,승용,여,31세,상해없음,보행자,남,60세,경상
6708,2018090500100235,2018년 9월 5일 11시,수요일,서울특별시 중랑구 상봉동,중상사고,0,1,0,0,차대사람 - 기타,안전운전불이행,포장 - 건조,맑음,단일로 - 기타,승용,남,37세,상해없음,보행자,여,70세,중상
6709,2018090500100263,2018년 9월 5일 12시,수요일,서울특별시 양천구 신정동,경상사고,0,0,1,0,차대사람 - 기타,안전운전불이행,포장 - 건조,맑음,단일로 - 기타,승용,남,49세,상해없음,보행자,여,71세,경상
6710,2018090500100287,2018년 9월 5일 13시,수요일,서울특별시 관악구 신림동,경상사고,0,0,1,0,차대사람 - 보도통행중,안전운전불이행,포장 - 건조,맑음,단일로 - 기타,화물,남,27세,상해없음,보행자,여,33세,경상
6711,2018090500100350,2018년 9월 5일 15시,수요일,서울특별시 은평구 불광동,중상사고,0,1,0,0,차대사람 - 차도통행중,안전운전불이행,포장 - 건조,맑음,단일로 - 기타,승용,남,59세,상해없음,보행자,여,86세,중상
6712,2018090500100389,2018년 9월 5일 16시,수요일,서울특별시 영등포구 신길동,부상신고사고,0,0,0,1,차대사람 - 기타,안전운전불이행,포장 - 건조,맑음,단일로 - 기타,자전거,남,14세,상해없음,보행자,남,42세,부상신고
6713,2018090500100496,2018년 9월 5일 18시,수요일,서울특별시 구로구 신도림동,중상사고,0,1,0,0,차대사람 - 횡단중,안전운전불이행,포장 - 건조,맑음,단일로 - 기타,자전거,남,29세,상해없음,보행자,여,66세,중상
6714,2018090500100499,2018년 9월 5일 18시,수요일,서울특별시 서초구 잠원동,경상사고,0,0,1,0,차대사람 - 기타,보행자보호의무위반,포장 - 건조,맑음,단일로 - 기타,승용,남,64세,상해없음,보행자,여,28세,경상
6715,2018090500100500,2018년 9월 5일 18시,수요일,서울특별시 강남구 개포동,경상사고,0,0,2,0,차대사람 - 횡단중,안전운전불이행,포장 - 건조,맑음,단일로 - 기타,자전거,남,34세,경상,보행자,여,68세,경상
6716,2018090500100579,2018년 9월 5일 20시,수요일,서울특별시 동대문구 휘경동,경상사고,0,0,1,0,차대사람 - 기타,안전운전불이행,포장 - 건조,맑음,교차로 - 교차로안,승용,남,63세,상해없음,보행자,여,24세,경상
6717,2018090500100582,2018년 9월 5일 20시,수요일,서울특별시 성동구 행당동,경상사고,0,0,1,0,차대사람 - 횡단중,보행자보호의무위반,포장 - 건조,맑음,교차로 - 교차로횡단보도내,승용,남,41세,상해없음,보행자,남,51세,경상
6718,2018090500100584,2018년 9월 5일 20시,수요일,서울특별시 송파구 삼전동,중상사고,0,1,0,0,차대사람 - 횡단중,안전운전불이행,포장 - 건조,흐림,교차로 - 교차로부근,승용,남,33세,상해없음,보행자,남,42세,중상
6719,2018090500100611,2018년 9월 5일 21시,수요일,서울특별시 영등포구 신길동,경상사고,0,0,1,0,차대사람 - 횡단중,중앙선침범,포장 - 건조,맑음,단일로 - 기타,승용,남,46세,상해없음,보행자,남,41세,경상
6720,2018090500100612,2018년 9월 5일 21시,수요일,서울특별시 성동구 행당동,경상사고,0,0,1,0,차대사람 - 기타,안전운전불이행,포장 - 건조,맑음,단일로 - 기타,승용,남,27세,기타불명,보행자,여,25세,경상
6721,2018090500100647,2018년 9월 5일 22시,수요일,서울특별시 송파구 문정동,경상사고,0,0,1,0,차대사람 - 횡단중,안전운전불이행,포장 - 건조,흐림,교차로 - 교차로횡단보도내,승합,남,47세,상해없음,보행자,남,37세,경상
6722,2018090600100001,2018년 9월 6일 00시,목요일,서울특별시 종로구 창신동,중상사고,0,1,0,0,차대사람 - 보도통행중,기타,포장 - 건조,맑음,단일로 - 교량,이륜,남,36세,상해없음,보행자,남,24세,중상
6723,2018090600100034,2018년 9월 6일 04시,목요일,서울특별시 송파구 삼전동,부상신고사고,0,0,0,1,차대사람 - 차도통행중,안전운전불이행,포장 - 건조,맑음,단일로 - 기타,승용,여,67세,상해없음,보행자,남,27세,부상신고
6724,2018090600100041,2018년 9월 6일 05시,목요일,서울특별시 성북구 석관동,경상사고,0,0,1,0,차대사람 - 기타,안전운전불이행,포장 - 건조,흐림,단일로 - 기타,원동기,남,21세,상해없음,보행자,남,21세,경상
6725,2018090600100066,2018년 9월 6일 07시,목요일,서울특별시 관악구 신림동,중상사고,0,1,0,0,차대사람 - 길가장자리구역통행중,안전운전불이행,포장 - 건조,맑음,교차로 - 교차로부근,화물,남,69세,상해없음,보행자,여,36세,중상
6726,2018090600100092,2018년 9월 6일 08시,목요일,서울특별시 송파구 방이동,경상사고,0,0,1,0,차대사람 - 횡단중,신호위반,포장 - 건조,맑음,교차로 - 교차로횡단보도내,승용,남,33세,상해없음,보행자,여,39세,경상
6727,2018090600100149,2018년 9월 6일 10시,목요일,서울특별시 강동구 둔촌동,경상사고,0,0,1,0,차대사람 - 기타,안전운전불이행,포장 - 건조,맑음,주차장 - 주차장,승용,남,76세,상해없음,보행자,남,24세,경상
6728,2018090600100177,2018년 9월 6일 11시,목요일,서울특별시 중랑구 신내동,중상사고,0,1,1,0,차대사람 - 횡단중,보행자보호의무위반,포장 - 건조,맑음,교차로 - 교차로횡단보도내,승합,남,44세,상해없음,보행자,여,37세,중상
6729,2018090600100180,2018년 9월 6일 11시,목요일,서울특별시 서초구 서초동,중상사고,0,1,0,0,차대사람 - 차도통행중,불법유턴,포장 - 건조,맑음,단일로 - 기타,승용,남,43세,상해없음,보행자,여,31세,중상
6730,2018090600100197,2018년 9월 6일 12시,목요일,서울특별시 서대문구 홍제동,경상사고,0,0,1,0,차대사람 - 기타,안전운전불이행,포장 - 건조,흐림,단일로 - 기타,승용,남,78세,상해없음,보행자,여,20세,경상
6731,2018090600100257,2018년 9월 6일 14시,목요일,서울특별시 종로구 창신동,경상사고,0,0,1,0,차대사람 - 차도통행중,안전운전불이행,포장 - 건조,맑음,단일로 - 기타,승용,여,35세,상해없음,보행자,남,63세,경상
6732,2018090600100258,2018년 9월 6일 14시,목요일,서울특별시 강동구 둔촌동,경상사고,0,0,1,0,차대사람 - 기타,안전운전불이행,포장 - 건조,맑음,주차장 - 주차장,승용,남,76세,상해없음,보행자,남,25세,경상
6733,2018090600100287,2018년 9월 6일 15시,목요일,서울특별시 광진구 능동,중상사고,0,1,0,0,차대사람 - 횡단중,안전운전불이행,포장 - 건조,맑음,교차로 - 교차로부근,승용,여,35세,상해없음,보행자,여,61세,중상
6734,2018090600100288,2018년 9월 6일 15시,목요일,서울특별시 광진구 자양동,경상사고,0,0,1,0,차대사람 - 차도통행중,안전운전불이행,포장 - 젖음/습기,비,단일로 - 기타,승용,남,53세,상해없음,보행자,남,24세,경상
6735,2018090600100289,2018년 9월 6일 15시,목요일,서울특별시 강동구 길동,부상신고사고,0,0,0,1,차대사람 - 기타,안전운전불이행,포장 - 건조,맑음,교차로 - 교차로안,자전거,남,41세,상해없음,보행자,남,4세,부상신고
6736,2018090600100309,2018년 9월 6일 16시,목요일,서울특별시 용산구 문배동,중상사고,0,1,0,0,차대사람 - 차도통행중,안전운전불이행,포장 - 건조,맑음,기타 - 기타,승합,남,62세,상해없음,보행자,여,84세,중상
6737,2018090600100347,2018년 9월 6일 17시,목요일,서울특별시 동대문구 전농동,중상사고,0,1,0,0,차대사람 - 기타,신호위반,포장 - 젖음/습기,비,교차로 - 교차로안,이륜,남,73세,상해없음,보행자,여,13세,중상
6738,2018090600100348,2018년 9월 6일 17시,목요일,서울특별시 중랑구 망우동,경상사고,0,0,1,0,차대사람 - 횡단중,안전운전불이행,포장 - 젖음/습기,흐림,단일로 - 기타,승용,남,37세,상해없음,보행자,남,10세,경상
6739,2018090600100351,2018년 9월 6일 17시,목요일,서울특별시 강서구 가양동,경상사고,0,0,1,0,차대사람 - 횡단중,신호위반,포장 - 건조,맑음,단일로 - 기타,승용,남,56세,상해없음,보행자,여,17세,경상
6740,2018090600100352,2018년 9월 6일 17시,목요일,서울특별시 강동구 성내동,경상사고,0,0,1,0,차대사람 - 횡단중,신호위반,포장 - 건조,맑음,교차로 - 교차로횡단보도내,승용,남,48세,상해없음,보행자,여,8세,경상
6741,2018090600100437,2018년 9월 6일 19시,목요일,서울특별시 노원구 상계동,부상신고사고,0,0,0,1,차대사람 - 기타,안전운전불이행,포장 - 건조,맑음,단일로 - 기타,승용,남,35세,상해없음,보행자,남,59세,부상신고
6742,2018090600100475,2018년 9월 6일 20시,목요일,서울특별시 광진구 중곡동,중상사고,0,1,0,0,차대사람 - 횡단중,안전운전불이행,포장 - 건조,맑음,단일로 - 기타,이륜,남,18세,상해없음,보행자,남,65세,중상