,사고번호,사고일시,요일,시군구,사고내용,사망자수,중상자수,경상자수,부상신고자수,사고유형,법규위반,노면상태,기상상태,도로형태,가해운전자 차종,가해운전자 성별,가해운전자 연령,가해운전자 상해정도,피해운전자 차종,피해운전자 성별,피해운전자 연령,피해운전자 상해정도
6743,2018090600100477,2018년 9월 6일 20시,목요일,서울특별시 강남구 청담동,중상사고,0,1,0,0,차대사람 - 보도통행중,신호위반,포장 - 젖음/습기,흐림,단일로 - 기타,승용,남,40세,상해없음,보행자,여,43세,중상
6744,2018090600100478,2018년 9월 6일 20시,목요일,서울특별시 강서구 내발산동,부상신고사고,0,0,0,1,차대사람 - 차도통행중,안전운전불이행,포장 - 건조,맑음,단일로 - 기타,승용,여,37세,상해없음,보행자,남,58세,부상신고
6745,2018090600100480,2018년 9월 6일 20시,목요일,서울특별시 강남구 개포동,부상신고사고,0,0,0,1,차대사람 - 기타,안전운전불이행,포장 - 건조,맑음,단일로 - 기타,자전거,남,33세,상해없음,보행자,여,58세,부상신고
6746,2018090600100501,2018년 9월 6일 21시,목요일,서울특별시 중구 장충동2가,경상사고,0,0,1,0,차대사람 - 길가장자리구역통행중,안전운전불이행,포장 - 기타,맑음,단일로 - 기타,기타불명,기타불명,미분류,기타불명,보행자,남,43세,경상
6747,2018090600100503,2018년 9월 6일 21시,목요일,서울특별시 금천구 가산동,경상사고,0,0,1,0,차대사람 - 횡단중,보행자보호의무위반,포장 - 젖음/습기,맑음,교차로 - 교차로안,승용,남,24세,상해없음,보행자,남,27세,경상
6748,2018090600100504,2018년 9월 6일 21시,목요일,서울특별시 강남구 삼성동,중상사고,0,1,0,0,차대사람 - 차도통행중,안전운전불이행,포장 - 건조,맑음,단일로 - 기타,승용,남,47세,상해없음,보행자,남,60세,중상
6749,2018090600100505,2018년 9월 6일 21시,목요일,서울특별시 서초구 잠원동,경상사고,0,0,1,0,차대사람 - 기타,안전운전불이행,포장 - 건조,맑음,단일로 - 기타,자전거,여,27세,상해없음,보행자,남,77세,경상
6750,2018090600100507,2018년 9월 6일 21시,목요일,서울특별시 양천구 신월동,부상신고사고,0,0,0,1,차대사람 - 차도통행중,안전운전불이행,포장 - 건조,맑음,단일로 - 기타,승합,남,67세,상해없음,보행자,남,53세,부상신고
6751,2018090600100534,2018년 9월 6일 22시,목요일,서울특별시 은평구 응암동,경상사고,0,0,1,0,차대사람 - 횡단중,신호위반,포장 - 건조,맑음,교차로 - 교차로횡단보도내,자전거,여,57세,상해없음,보행자,여,60세,경상
6752,2018090600100536,2018년 9월 6일 22시,목요일,서울특별시 마포구 동교동,경상사고,0,0,1,0,차대사람 - 기타,안전운전불이행,포장 - 건조,맑음,단일로 - 기타,승용,남,57세,상해없음,보행자,여,41세,경상
6753,2018090600100564,2018년 9월 6일 23시,목요일,서울특별시 강남구 삼성동,중상사고,0,1,0,0,차대사람 - 보도통행중,안전운전불이행,포장 - 젖음/습기,맑음,교차로 - 교차로안,승용,남,21세,상해없음,보행자,남,46세,중상
6754,2018090700100001,2018년 9월 7일 00시,금요일,서울특별시 종로구 종로3가,부상신고사고,0,0,0,1,차대사람 - 차도통행중,안전운전불이행,포장 - 건조,흐림,단일로 - 기타,승용,남,72세,상해없음,보행자,남,53세,부상신고
6755,2018090700100003,2018년 9월 7일 00시,금요일,서울특별시 동대문구 제기동,경상사고,0,0,1,1,차대사람 - 횡단중,신호위반,포장 - 젖음/습기,흐림,교차로 - 교차로횡단보도내,이륜,남,19세,부상신고,보행자,여,21세,경상
6756,2018090700100004,2018년 9월 7일 00시,금요일,서울특별시 도봉구 쌍문동,경상사고,0,0,1,0,차대사람 - 기타,안전운전불이행,포장 - 건조,맑음,교차로 - 교차로안,승용,남,51세,상해없음,보행자,남,58세,경상
6757,2018090700100032,2018년 9월 7일 02시,금요일,서울특별시 동작구 사당동,중상사고,0,1,1,0,차대사람 - 횡단중,보행자보호의무위반,포장 - 젖음/습기,비,교차로 - 교차로부근,승용,남,35세,상해없음,보행자,남,23세,경상
6758,2018090700100048,2018년 9월 7일 04시,금요일,서울특별시 마포구 노고산동,부상신고사고,0,0,0,1,차대사람 - 횡단중,안전운전불이행,포장 - 건조,맑음,단일로 - 기타,승용,남,55세,상해없음,보행자,여,78세,부상신고
6759,2018090700100056,2018년 9월 7일 05시,금요일,서울특별시 강남구 역삼동,중상사고,0,1,0,0,차대사람 - 보도통행중,신호위반,포장 - 건조,맑음,단일로 - 기타,승용,남,72세,상해없음,보행자,여,63세,중상
6760,2018090700100092,2018년 9월 7일 07시,금요일,서울특별시 구로구 구로동,부상신고사고,0,0,0,1,차대사람 - 횡단중,신호위반,포장 - 건조,맑음,교차로 - 교차로횡단보도내,승합,남,54세,상해없음,보행자,여,67세,부상신고
6761,2018090700100126,2018년 9월 7일 08시,금요일,서울특별시 중구 을지로6가,경상사고,0,0,1,0,차대사람 - 횡단중,안전운전불이행,포장 - 기타,맑음,단일로 - 기타,승용,남,34세,상해없음,보행자,여,38세,경상
6762,2018090700100131,2018년 9월 7일 08시,금요일,서울특별시 강서구 화곡동,중상사고,0,1,0,0,차대사람 - 기타,안전운전불이행,포장 - 건조,맑음,단일로 - 기타,승용,여,66세,상해없음,보행자,여,87세,중상
6763,2018090700100177,2018년 9월 7일 09시,금요일,서울특별시 동작구 대방동,중상사고,0,1,0,0,차대사람 - 기타,안전운전불이행,포장 - 건조,맑음,단일로 - 기타,승합,남,60세,상해없음,보행자,여,73세,중상
6764,2018090700100210,2018년 9월 7일 10시,금요일,서울특별시 서대문구 북가좌동,중상사고,0,1,0,0,차대사람 - 횡단중,보행자보호의무위반,포장 - 건조,맑음,교차로 - 교차로안,승용,여,34세,상해없음,보행자,여,52세,중상
6765,2018090700100212,2018년 9월 7일 10시,금요일,서울특별시 성북구 삼선동5가,부상신고사고,0,0,0,1,차대사람 - 횡단중,안전운전불이행,포장 - 건조,맑음,단일로 - 기타,승용,남,51세,상해없음,보행자,여,30세,부상신고
6766,2018090700100217,2018년 9월 7일 10시,금요일,서울특별시 송파구 석촌동,경상사고,0,0,1,1,차대사람 - 길가장자리구역통행중,안전운전불이행,포장 - 건조,맑음,단일로 - 기타,자전거,남,22세,부상신고,보행자,남,24세,경상
6767,2018090700100248,2018년 9월 7일 11시,금요일,서울특별시 송파구 문정동,중상사고,0,1,0,0,차대사람 - 횡단중,보행자보호의무위반,포장 - 건조,맑음,교차로 - 교차로횡단보도내,승용,남,35세,상해없음,보행자,남,36세,중상
6768,2018090700100313,2018년 9월 7일 13시,금요일,서울특별시 중구 신당동,경상사고,0,0,1,0,차대사람 - 길가장자리구역통행중,안전운전불이행,포장 - 기타,맑음,교차로 - 교차로부근,승용,여,69세,상해없음,보행자,여,64세,경상
6769,2018090700100344,2018년 9월 7일 14시,금요일,서울특별시 동작구 노량진동,부상신고사고,0,0,0,1,차대사람 - 횡단중,안전운전불이행,포장 - 건조,맑음,기타 - 기타,승용,남,63세,상해없음,보행자,남,7세,부상신고
6770,2018090700100348,2018년 9월 7일 14시,금요일,서울특별시 양천구 신월동,중상사고,0,1,0,0,차대사람 - 기타,안전운전불이행,포장 - 건조,맑음,교차로 - 교차로부근,화물,남,63세,상해없음,보행자,여,72세,중상
6771,2018090700100351,2018년 9월 7일 14시,금요일,서울특별시 강남구 역삼동,경상사고,0,0,1,0,차대사람 - 기타,안전운전불이행,포장 - 건조,맑음,단일로 - 기타,승용,여,32세,상해없음,보행자,여,25세,경상
6772,2018090700100383,2018년 9월 7일 15시,금요일,서울특별시 종로구 소격동,경상사고,0,0,1,0,차대사람 - 길가장자리구역통행중,안전운전불이행,포장 - 건조,맑음,단일로 - 기타,자전거,여,38세,경상,보행자,남,54세,상해없음
6773,2018090700100417,2018년 9월 7일 16시,금요일,서울특별시 종로구 서린동,중상사고,0,1,0,0,차대사람 - 횡단중,보행자보호의무위반,포장 - 건조,맑음,단일로 - 기타,승용,남,71세,상해없음,보행자,여,49세,중상
6774,2018090700100424,2018년 9월 7일 16시,금요일,서울특별시 송파구 오금동,부상신고사고,0,0,0,1,차대사람 - 횡단중,보행자보호의무위반,포장 - 건조,맑음,교차로 - 교차로부근,승용,남,22세,상해없음,보행자,남,11세,부상신고
6775,2018090700100426,2018년 9월 7일 16시,금요일,서울특별시 은평구 갈현동,부상신고사고,0,0,0,1,차대사람 - 기타,안전운전불이행,포장 - 건조,맑음,단일로 - 기타,승용,여,31세,기타불명,보행자,남,8세,부상신고
6776,2018090700100466,2018년 9월 7일 17시,금요일,서울특별시 강동구 천호동,경상사고,0,0,1,0,차대사람 - 기타,안전운전불이행,포장 - 건조,맑음,단일로 - 기타,승용,여,57세,상해없음,보행자,남,23세,경상
6777,2018090700100504,2018년 9월 7일 18시,금요일,서울특별시 양천구 신월동,부상신고사고,0,0,0,1,차대사람 - 길가장자리구역통행중,안전운전불이행,포장 - 건조,맑음,단일로 - 기타,승용,남,20세,상해없음,보행자,여,43세,부상신고
6778,2018090700100554,2018년 9월 7일 19시,금요일,서울특별시 종로구 신교동,경상사고,0,0,1,0,차대사람 - 기타,기타,포장 - 건조,맑음,교차로 - 교차로안,승용,여,53세,상해없음,보행자,남,11세,경상
6779,2018090700100600,2018년 9월 7일 20시,금요일,서울특별시 강남구 청담동,경상사고,0,0,1,0,차대사람 - 길가장자리구역통행중,교차로운행방법위반,포장 - 건조,맑음,교차로 - 교차로안,승용,남,26세,상해없음,보행자,여,32세,경상
6780,2018090700100601,2018년 9월 7일 20시,금요일,서울특별시 송파구 삼전동,중상사고,0,1,0,0,차대사람 - 기타,안전운전불이행,포장 - 건조,맑음,교차로 - 교차로안,승용,남,41세,상해없음,보행자,남,18세,중상
6781,2018090700100604,2018년 9월 7일 20시,금요일,서울특별시 성북구 석관동,경상사고,0,0,1,0,차대사람 - 기타,안전운전불이행,포장 - 건조,맑음,단일로 - 기타,화물,남,55세,기타불명,보행자,여,23세,경상
6782,2018090700100660,2018년 9월 7일 22시,금요일,서울특별시 노원구 상계동,경상사고,0,0,1,0,차대사람 - 기타,안전운전불이행,포장 - 건조,맑음,교차로 - 교차로안,승용,여,28세,상해없음,보행자,여,27세,경상
6783,2018090700100688,2018년 9월 7일 23시,금요일,서울특별시 성북구 석관동,경상사고,0,0,1,0,차대사람 - 횡단중,안전운전불이행,포장 - 건조,맑음,단일로 - 기타,자전거,여,33세,경상,보행자,남,44세,상해없음
6784,2018090800100002,2018년 9월 8일 00시,토요일,서울특별시 성동구 행당동,중상사고,0,1,0,0,차대사람 - 횡단중,안전운전불이행,포장 - 건조,맑음,단일로 - 기타,승용,남,67세,상해없음,보행자,남,23세,중상
6785,2018090800100028,2018년 9월 8일 01시,토요일,서울특별시 동작구 대방동,중상사고,0,1,0,0,차대사람 - 횡단중,안전운전불이행,포장 - 건조,맑음,단일로 - 기타,자전거,남,17세,상해없음,보행자,남,64세,중상
6786,2018090800100048,2018년 9월 8일 02시,토요일,서울특별시 서대문구 창천동,경상사고,0,0,1,0,차대사람 - 기타,안전운전불이행,포장 - 건조,맑음,단일로 - 기타,승용,남,68세,상해없음,보행자,남,37세,경상
6787,2018090800100064,2018년 9월 8일 03시,토요일,서울특별시 강북구 미아동,중상사고,0,1,0,0,차대사람 - 횡단중,안전운전불이행,포장 - 건조,맑음,교차로 - 교차로횡단보도내,승용,남,57세,상해없음,보행자,남,23세,중상
6788,2018090800100072,2018년 9월 8일 04시,토요일,서울특별시 중구 을지로7가,중상사고,0,1,0,0,차대사람 - 횡단중,안전운전불이행,포장 - 건조,맑음,단일로 - 기타,승용,남,41세,상해없음,보행자,남,21세,중상
6789,2018090800100073,2018년 9월 8일 04시,토요일,서울특별시 용산구 이태원동,경상사고,0,0,1,0,차대사람 - 차도통행중,안전운전불이행,포장 - 건조,맑음,단일로 - 기타,승용,남,72세,기타불명,보행자,남,32세,경상
6790,2018090800100159,2018년 9월 8일 09시,토요일,서울특별시 동대문구 휘경동,중상사고,0,1,0,0,차대사람 - 기타,기타,포장 - 건조,맑음,교차로 - 교차로부근,승용,남,77세,상해없음,보행자,여,66세,중상
6791,2018090800100162,2018년 9월 8일 09시,토요일,서울특별시 송파구 방이동,중상사고,0,1,0,0,차대사람 - 기타,안전운전불이행,포장 - 건조,맑음,단일로 - 기타,승용,여,46세,상해없음,보행자,여,81세,중상
6792,2018090800100220,2018년 9월 8일 11시,토요일,서울특별시 동작구 흑석동,중상사고,0,1,0,0,차대사람 - 횡단중,보행자보호의무위반,포장 - 건조,맑음,단일로 - 기타,승용,남,59세,상해없음,보행자,남,69세,중상
6793,2018090800100269,2018년 9월 8일 12시,토요일,서울특별시 마포구 창전동,경상사고,0,0,1,0,차대사람 - 기타,안전운전불이행,포장 - 건조,맑음,교차로 - 교차로안,승합,남,71세,상해없음,보행자,남,34세,경상
6794,2018090800100270,2018년 9월 8일 12시,토요일,서울특별시 도봉구 창동,경상사고,0,0,1,0,차대사람 - 횡단중,안전운전불이행,포장 - 건조,맑음,교차로 - 교차로횡단보도내,승용,남,59세,상해없음,보행자,남,26세,경상
6795,2018090800100308,2018년 9월 8일 13시,토요일,서울특별시 서대문구 창천동,중상사고,0,1,0,0,차대사람 - 길가장자리구역통행중,안전운전불이행,포장 - 건조,맑음,단일로 - 기타,승용,여,71세,상해없음,보행자,남,29세,중상
6796,2018090800100310,2018년 9월 8일 13시,토요일,서울특별시 강남구 역삼동,경상사고,0,0,1,0,차대사람 - 횡단중,안전운전불이행,포장 - 건조,맑음,교차로 - 교차로부근,승용,여,28세,상해없음,보행자,남,56세,경상
6797,2018090800100316,2018년 9월 8일 13시,토요일,서울특별시 구로구 구로동,중상사고,0,1,0,0,차대사람 - 차도통행중,안전운전불이행,포장 - 건조,맑음,단일로 - 기타,승용,여,53세,상해없음,보행자,남,65세,중상
6798,2018090800100345,2018년 9월 8일 14시,토요일,서울특별시 서대문구 북가좌동,경상사고,0,0,1,0,차대사람 - 기타,안전운전불이행,포장 - 건조,맑음,단일로 - 기타,승용,남,43세,상해없음,보행자,남,82세,경상
6799,2018090800100348,2018년 9월 8일 14시,토요일,서울특별시 동작구 사당동,경상사고,0,0,1,0,차대사람 - 기타,불법유턴,포장 - 건조,맑음,단일로 - 기타,승용,남,64세,상해없음,보행자,남,34세,경상
6800,2018090800100387,2018년 9월 8일 15시,토요일,서울특별시 동대문구 이문동,중상사고,0,1,0,0,차대사람 - 횡단중,신호위반,포장 - 건조,맑음,교차로 - 교차로횡단보도내,기타불명,기타불명,미분류,기타불명,보행자,여,25세,중상
6801,2018090800100415,2018년 9월 8일 16시,토요일,서울특별시 중랑구 상봉동,경상사고,0,0,1,0,차대사람 - 기타,안전운전불이행,포장 - 건조,맑음,단일로 - 기타,승용,여,44세,상해없음,보행자,남,60세,경상
6802,2018090800100460,2018년 9월 8일 17시,토요일,서울특별시 중랑구 중화동,부상신고사고,0,0,0,1,차대사람 - 기타,안전운전불이행,포장 - 건조,맑음,교차로 - 교차로부근,기타불명,기타불명,미분류,기타불명,보행자,여,5세,부상신고
6803,2018090800100463,2018년 9월 8일 17시,토요일,서울특별시 노원구 중계동,중상사고,0,1,0,0,차대사람 - 횡단중,보행자보호의무위반,포장 - 건조,맑음,교차로 - 교차로횡단보도내,기타불명,기타불명,미분류,기타불명,보행자,남,43세,중상
6804,2018090800100501,2018년 9월 8일 18시,토요일,서울특별시 성동구 송정동,경상사고,0,0,1,0,차대사람 - 기타,안전운전불이행,포장 - 건조,맑음,기타 - 기타,개인형이동수단(PM),여,39세,상해없음,보행자,남,64세,경상
6805,2018090800100504,2018년 9월 8일 18시,토요일,서울특별시 도봉구 도봉동,부상신고사고,0,0,0,1,차대사람 - 횡단중,안전운전불이행,포장 - 기타,맑음,단일로 - 기타,승용,남,38세,상해없음,보행자,남,6세,부상신고
6806,2018090800100537,2018년 9월 8일 19시,토요일,서울특별시 송파구 문정동,중상사고,0,1,0,0,차대사람 - 횡단중,보행자보호의무위반,포장 - 건조,맑음,교차로 - 교차로횡단보도내,승용,여,31세,상해없음,보행자,여,28세,중상
6807,2018090800100574,2018년 9월 8일 20시,토요일,서울특별시 서대문구 북아현동,경상사고,0,0,1,0,차대사람 - 기타,안전운전불이행,포장 - 건조,맑음,단일로 - 기타,승용,남,61세,상해없음,보행자,남,56세,경상
6808,2018090800100603,2018년 9월 8일 21시,토요일,서울특별시 서초구 양재동,부상신고사고,0,0,0,1,차대사람 - 기타,안전운전불이행,포장 - 건조,맑음,단일로 - 기타,승합,남,67세,상해없음,보행자,여,75세,부상신고
6809,2018090800100628,2018년 9월 8일 22시,토요일,서울특별시 관악구 신림동,경상사고,0,0,1,0,차대사람 - 횡단중,안전운전불이행,포장 - 건조,맑음,교차로 - 교차로횡단보도내,이륜,남,17세,상해없음,보행자,여,49세,경상
6810,2018090800100655,2018년 9월 8일 23시,토요일,서울특별시 영등포구 영등포동4가,경상사고,0,0,1,0,차대사람 - 기타,기타,포장 - 건조,맑음,단일로 - 기타,승합,남,46세,상해없음,보행자,남,77세,경상
6811,2018090800100657,2018년 9월 8일 23시,토요일,서울특별시 강서구 마곡동,중상사고,0,1,0,0,차대사람 - 기타,기타,포장 - 건조,맑음,기타 - 기타,승용,남,54세,상해없음,보행자,남,33세,중상
6812,2018090800100658,2018년 9월 8일 23시,토요일,서울특별시 송파구 잠실동,경상사고,0,0,1,0,차대사람 - 횡단중,보행자보호의무위반,포장 - 건조,맑음,교차로 - 교차로부근,승용,남,23세,상해없음,보행자,여,27세,경상
6813,2018090900100016,2018년 9월 9일 01시,일요일,서울특별시 성북구 동선동2가,경상사고,0,0,1,0,차대사람 - 차도통행중,안전운전불이행,포장 - 건조,맑음,교차로 - 교차로안,승용,남,56세,상해없음,보행자,남,42세,경상
6814,2018090900100036,2018년 9월 9일 02시,일요일,서울특별시 강북구 번동,경상사고,0,0,1,0,차대사람 - 횡단중,신호위반,포장 - 건조,맑음,단일로 - 기타,이륜,남,38세,상해없음,보행자,남,24세,경상
6815,2018090900100059,2018년 9월 9일 04시,일요일,서울특별시 송파구 석촌동,중상사고,0,1,0,0,차대사람 - 횡단중,신호위반,포장 - 건조,맑음,단일로 - 기타,승용,남,48세,상해없음,보행자,남,25세,중상
6816,2018090900100086,2018년 9월 9일 06시,일요일,서울특별시 구로구 오류동,중상사고,0,1,0,0,차대사람 - 기타,안전운전불이행,포장 - 건조,맑음,단일로 - 기타,승용,남,44세,상해없음,보행자,남,38세,중상
6817,2018090900100095,2018년 9월 9일 07시,일요일,서울특별시 중랑구 면목동,부상신고사고,0,0,0,1,차대사람 - 기타,안전운전불이행,포장 - 건조,맑음,단일로 - 기타,자전거,여,58세,부상신고,보행자,여,65세,상해없음
6818,2018090900100140,2018년 9월 9일 10시,일요일,서울특별시 은평구 응암동,경상사고,0,0,1,0,차대사람 - 기타,안전운전불이행,포장 - 건조,맑음,단일로 - 기타,승합,남,55세,상해없음,보행자,여,61세,경상
6819,2018090900100141,2018년 9월 9일 10시,일요일,서울특별시 강북구 수유동,중상사고,0,1,0,0,차대사람 - 횡단중,보행자보호의무위반,포장 - 건조,맑음,교차로 - 교차로횡단보도내,승용,남,54세,상해없음,보행자,남,56세,중상
6820,2018090900100254,2018년 9월 9일 14시,일요일,서울특별시 송파구 마천동,경상사고,0,0,1,0,차대사람 - 기타,안전운전불이행,포장 - 건조,맑음,단일로 - 기타,승합,남,51세,상해없음,보행자,여,71세,경상
6821,2018090900100289,2018년 9월 9일 15시,일요일,서울특별시 동대문구 전농동,경상사고,0,0,1,0,차대사람 - 기타,안전운전불이행,포장 - 건조,맑음,교차로 - 교차로부근,승합,남,58세,상해없음,보행자,남,53세,경상
6822,2018090900100293,2018년 9월 9일 15시,일요일,서울특별시 성북구 장위동,중상사고,0,1,0,0,차대사람 - 횡단중,안전운전불이행,포장 - 건조,맑음,기타 - 기타,이륜,남,50세,상해없음,보행자,여,75세,중상
6823,2018090900100358,2018년 9월 9일 17시,일요일,서울특별시 영등포구 영등포동3가,경상사고,0,0,1,0,차대사람 - 길가장자리구역통행중,안전운전불이행,포장 - 건조,맑음,단일로 - 기타,승합,남,47세,상해없음,보행자,여,24세,경상
6824,2018090900100360,2018년 9월 9일 17시,일요일,서울특별시 송파구 잠실동,중상사고,0,1,0,0,차대사람 - 기타,안전운전불이행,포장 - 건조,맑음,교차로 - 교차로안,승용,남,57세,상해없음,보행자,여,40세,중상
6825,2018090900100403,2018년 9월 9일 18시,일요일,서울특별시 성북구 동소문동1가,중상사고,0,1,0,0,차대사람 - 기타,안전운전불이행,포장 - 건조,맑음,기타 - 기타,승용,여,46세,상해없음,보행자,남,54세,중상
6826,2018090900100422,2018년 9월 9일 19시,일요일,서울특별시 서대문구 북가좌동,경상사고,0,0,1,0,차대사람 - 횡단중,안전운전불이행,포장 - 건조,맑음,단일로 - 기타,이륜,남,20세,상해없음,보행자,남,53세,경상
6827,2018090900100427,2018년 9월 9일 19시,일요일,서울특별시 성동구 용답동,경상사고,0,0,1,0,차대사람 - 기타,안전운전불이행,포장 - 건조,맑음,단일로 - 기타,승용,남,36세,상해없음,보행자,여,53세,경상
6828,2018090900100480,2018년 9월 9일 21시,일요일,서울특별시 강북구 미아동,중상사고,0,1,0,0,차대사람 - 기타,안전운전불이행,포장 - 건조,흐림,단일로 - 기타,승용,남,52세,상해없음,보행자,여,83세,중상
6829,2018090900100506,2018년 9월 9일 22시,일요일,서울특별시 영등포구 영등포동3가,부상신고사고,0,0,0,1,차대사람 - 기타,안전운전불이행,포장 - 건조,맑음,단일로 - 기타,화물,남,55세,상해없음,보행자,남,62세,부상신고
6830,2018091000100030,2018년 9월 10일 04시,월요일,서울특별시 구로구 신도림동,중상사고,0,1,0,0,차대사람 - 횡단중,안전운전불이행,포장 - 건조,맑음,단일로 - 기타,승용,남,42세,상해없음,보행자,남,37세,중상
6831,2018091000100070,2018년 9월 10일 07시,월요일,서울특별시 서대문구 북아현동,중상사고,0,1,0,0,차대사람 - 차도통행중,안전운전불이행,포장 - 건조,맑음,교차로 - 교차로안,승용,남,51세,상해없음,보행자,여,17세,중상
6832,2018091000100071,2018년 9월 10일 07시,월요일,서울특별시 성동구 성수동2가,경상사고,0,0,2,0,차대사람 - 기타,교차로운행방법위반,포장 - 건조,맑음,단일로 - 기타,자전거,여,24세,경상,보행자,남,30세,경상
6833,2018091000100109,2018년 9월 10일 08시,월요일,서울특별시 동작구 사당동,부상신고사고,0,0,0,1,차대사람 - 기타,안전운전불이행,포장 - 건조,맑음,단일로 - 기타,승용,남,64세,상해없음,보행자,남,41세,부상신고
6834,2018091000100114,2018년 9월 10일 08시,월요일,서울특별시 서초구 잠원동,경상사고,0,0,1,0,차대사람 - 횡단중,안전운전불이행,포장 - 건조,맑음,교차로 - 교차로횡단보도내,승용,남,46세,상해없음,보행자,여,28세,경상
6835,2018091000100177,2018년 9월 10일 09시,월요일,서울특별시 영등포구 당산동1가,경상사고,0,0,1,0,차대사람 - 기타,보행자보호의무위반,포장 - 건조,맑음,교차로 - 교차로안,승용,남,33세,상해없음,보행자,남,50세,경상
6836,2018091000100179,2018년 9월 10일 09시,월요일,서울특별시 강동구 천호동,경상사고,0,0,1,0,차대사람 - 길가장자리구역통행중,안전운전불이행,포장 - 건조,맑음,기타 - 기타,승용,여,59세,상해없음,보행자,여,65세,경상
6837,2018091000100183,2018년 9월 10일 09시,월요일,서울특별시 도봉구 쌍문동,중상사고,0,1,0,0,차대사람 - 횡단중,신호위반,포장 - 건조,맑음,교차로 - 교차로횡단보도내,이륜,남,20세,상해없음,보행자,여,64세,중상
6838,2018091000100184,2018년 9월 10일 09시,월요일,서울특별시 서초구 방배동,경상사고,0,0,1,0,차대사람 - 기타,안전운전불이행,포장 - 건조,맑음,기타 - 기타,승용,여,37세,상해없음,보행자,여,31세,경상
6839,2018091000100225,2018년 9월 10일 10시,월요일,서울특별시 서초구 서초동,경상사고,0,0,1,0,차대사람 - 보도통행중,기타,포장 - 건조,맑음,단일로 - 기타,승용,여,56세,상해없음,보행자,남,79세,경상
6840,2018091000100260,2018년 9월 10일 11시,월요일,서울특별시 구로구 고척동,부상신고사고,0,0,0,1,차대사람 - 차도통행중,안전운전불이행,포장 - 건조,맑음,기타 - 기타,승용,남,42세,상해없음,보행자,남,19세,부상신고
6841,2018091000100261,2018년 9월 10일 11시,월요일,서울특별시 노원구 중계동,중상사고,0,1,0,0,차대사람 - 기타,안전운전불이행,포장 - 건조,맑음,기타 - 기타,승용,남,48세,상해없음,보행자,여,85세,중상
6842,2018091000100284,2018년 9월 10일 12시,월요일,서울특별시 동대문구 전농동,경상사고,0,0,1,0,차대사람 - 기타,안전운전불이행,포장 - 건조,맑음,기타 - 기타,승합,남,46세,상해없음,보행자,여,76세,경상
6843,2018091000100288,2018년 9월 10일 12시,월요일,서울특별시 강서구 화곡동,경상사고,0,0,1,0,차대사람 - 기타,안전운전불이행,포장 - 건조,맑음,단일로 - 기타,승용,여,42세,상해없음,보행자,여,59세,경상
6844,2018091000100292,2018년 9월 10일 12시,월요일,서울특별시 은평구 불광동,사망사고,1,0,0,0,차대사람 - 기타,안전운전불이행,포장 - 건조,맑음,단일로 - 기타,화물,남,23세,상해없음,보행자,여,84세,사망
6845,2018091000100325,2018년 9월 10일 13시,월요일,서울특별시 동작구 대방동,경상사고,0,0,1,0,차대사람 - 길가장자리구역통행중,안전운전불이행,포장 - 건조,맑음,교차로 - 교차로부근,승용,남,54세,상해없음,보행자,남,22세,경상
6846,2018091000100326,2018년 9월 10일 13시,월요일,서울특별시 중랑구 면목동,중상사고,0,1,0,0,차대사람 - 기타,안전운전불이행,포장 - 건조,맑음,단일로 - 기타,승용,남,35세,상해없음,보행자,여,53세,중상
6847,2018091000100353,2018년 9월 10일 14시,월요일,서울특별시 동대문구 휘경동,중상사고,0,1,0,0,차대사람 - 횡단중,안전운전불이행,포장 - 건조,맑음,단일로 - 기타,이륜,남,33세,상해없음,보행자,남,81세,중상
6848,2018091000100354,2018년 9월 10일 14시,월요일,서울특별시 성북구 하월곡동,중상사고,0,1,0,0,차대사람 - 기타,안전운전불이행,포장 - 건조,맑음,단일로 - 기타,승용,남,54세,상해없음,보행자,남,53세,중상
6849,2018091000100393,2018년 9월 10일 15시,월요일,서울특별시 동대문구 용두동,경상사고,0,0,1,0,차대사람 - 기타,안전운전불이행,포장 - 건조,맑음,기타 - 기타,화물,남,60세,상해없음,보행자,여,81세,경상
6850,2018091000100394,2018년 9월 10일 15시,월요일,서울특별시 영등포구 대림동,경상사고,0,0,1,0,차대사람 - 횡단중,안전운전불이행,포장 - 건조,맑음,단일로 - 기타,승용,남,34세,상해없음,보행자,남,58세,경상
6851,2018091000100436,2018년 9월 10일 16시,월요일,서울특별시 서대문구 남가좌동,중상사고,0,1,0,0,차대사람 - 기타,안전운전불이행,포장 - 건조,맑음,기타 - 기타,승용,여,53세,상해없음,보행자,여,86세,중상
6852,2018091000100440,2018년 9월 10일 16시,월요일,서울특별시 영등포구 영등포동5가,경상사고,0,0,1,0,차대사람 - 기타,안전운전불이행,포장 - 건조,맑음,단일로 - 기타,승용,남,69세,상해없음,보행자,남,54세,경상
6853,2018091000100487,2018년 9월 10일 17시,월요일,서울특별시 동대문구 제기동,중상사고,0,1,0,0,차대사람 - 기타,안전운전불이행,포장 - 건조,맑음,단일로 - 기타,기타불명,남,53세,상해없음,보행자,여,61세,중상
6854,2018091000100489,2018년 9월 10일 17시,월요일,서울특별시 마포구 동교동,부상신고사고,0,0,0,1,차대사람 - 횡단중,안전운전불이행,포장 - 건조,맑음,단일로 - 기타,승합,남,52세,상해없음,보행자,여,21세,부상신고
6855,2018091000100491,2018년 9월 10일 17시,월요일,서울특별시 강서구 화곡동,경상사고,0,0,1,0,차대사람 - 횡단중,보행자보호의무위반,포장 - 건조,맑음,단일로 - 기타,기타불명,기타불명,미분류,기타불명,보행자,남,10세,경상