,사고번호,사고일시,요일,시군구,사고내용,사망자수,중상자수,경상자수,부상신고자수,사고유형,법규위반,노면상태,기상상태,도로형태,가해운전자 차종,가해운전자 성별,가해운전자 연령,가해운전자 상해정도,피해운전자 차종,피해운전자 성별,피해운전자 연령,피해운전자 상해정도
7639,2018100800100620,2018년 10월 8일 22시,월요일,서울특별시 동대문구 장안동,중상사고,0,1,0,0,차대사람 - 길가장자리구역통행중,안전운전불이행,포장 - 건조,맑음,단일로 - 기타,승용,남,49세,상해없음,보행자,여,49세,중상
7640,2018100800100648,2018년 10월 8일 23시,월요일,서울특별시 강서구 화곡동,경상사고,0,0,1,0,차대사람 - 기타,불법유턴,포장 - 건조,흐림,단일로 - 기타,승용,여,36세,상해없음,보행자,남,36세,경상
7641,2018100800100649,2018년 10월 8일 23시,월요일,서울특별시 강동구 천호동,부상신고사고,0,0,0,1,차대사람 - 기타,안전운전불이행,포장 - 건조,맑음,단일로 - 기타,기타불명,기타불명,미분류,기타불명,보행자,남,31세,부상신고
7642,2018100800100653,2018년 10월 8일 23시,월요일,서울특별시 은평구 대조동,경상사고,0,0,1,0,차대사람 - 기타,안전운전불이행,포장 - 건조,맑음,기타 - 기타,승용,남,30세,상해없음,보행자,여,30세,경상
7643,2018100900100047,2018년 10월 9일 03시,화요일,서울특별시 강남구 대치동,중상사고,0,1,0,0,차대사람 - 횡단중,신호위반,포장 - 건조,흐림,단일로 - 기타,승용,남,57세,상해없음,보행자,남,33세,중상
7644,2018100900100058,2018년 10월 9일 04시,화요일,서울특별시 성북구 길음동,경상사고,0,0,1,0,차대사람 - 차도통행중,안전운전불이행,포장 - 건조,흐림,단일로 - 기타,승용,남,57세,상해없음,보행자,남,23세,경상
7645,2018100900100073,2018년 10월 9일 05시,화요일,서울특별시 용산구 이태원동,경상사고,0,0,1,0,차대사람 - 기타,안전운전불이행,포장 - 건조,맑음,교차로 - 교차로안,승용,남,65세,상해없음,보행자,남,27세,경상
7646,2018100900100075,2018년 10월 9일 05시,화요일,서울특별시 양천구 신월동,중상사고,0,1,0,0,차대사람 - 길가장자리구역통행중,안전운전불이행,포장 - 건조,맑음,단일로 - 기타,승용,남,58세,기타불명,보행자,남,71세,중상
7647,2018100900100152,2018년 10월 9일 10시,화요일,서울특별시 마포구 아현동,사망사고,1,0,0,0,차대사람 - 횡단중,신호위반,포장 - 건조,흐림,단일로 - 기타,건설기계,남,23세,상해없음,보행자,여,82세,사망
7648,2018100900100174,2018년 10월 9일 11시,화요일,서울특별시 금천구 독산동,경상사고,0,0,1,0,차대사람 - 기타,안전운전불이행,포장 - 건조,맑음,교차로 - 교차로안,이륜,남,55세,상해없음,보행자,여,61세,경상
7649,2018100900100176,2018년 10월 9일 11시,화요일,서울특별시 중랑구 면목동,경상사고,0,0,1,0,차대사람 - 횡단중,보행자보호의무위반,포장 - 건조,맑음,교차로 - 교차로횡단보도내,이륜,남,18세,상해없음,보행자,여,44세,경상
7650,2018100900100231,2018년 10월 9일 13시,화요일,서울특별시 동대문구 제기동,경상사고,0,0,1,0,차대사람 - 기타,안전운전불이행,포장 - 건조,맑음,기타 - 기타,승합,남,29세,상해없음,보행자,여,56세,경상
7651,2018100900100234,2018년 10월 9일 13시,화요일,서울특별시 송파구 거여동,중상사고,0,1,0,0,차대사람 - 횡단중,안전운전불이행,포장 - 건조,맑음,교차로 - 교차로부근,승용,여,55세,상해없음,보행자,여,83세,중상
7652,2018100900100305,2018년 10월 9일 16시,화요일,서울특별시 서대문구 대현동,경상사고,0,0,2,0,차대사람 - 차도통행중,안전운전불이행,포장 - 건조,맑음,단일로 - 기타,승용,여,22세,상해없음,보행자,여,44세,경상
7653,2018100900100325,2018년 10월 9일 17시,화요일,서울특별시 강북구 번동,경상사고,0,0,1,0,차대사람 - 기타,안전운전불이행,포장 - 건조,맑음,교차로 - 교차로안,이륜,남,25세,상해없음,보행자,여,77세,경상
7654,2018100900100354,2018년 10월 9일 18시,화요일,서울특별시 서대문구 북가좌동,중상사고,0,1,0,0,차대사람 - 횡단중,안전운전불이행,포장 - 건조,맑음,단일로 - 기타,승용,남,54세,상해없음,보행자,여,74세,중상
7655,2018100900100403,2018년 10월 9일 19시,화요일,서울특별시 광진구 중곡동,경상사고,0,0,1,0,차대사람 - 기타,안전운전불이행,포장 - 건조,맑음,단일로 - 기타,승용,남,41세,상해없음,보행자,남,16세,경상
7656,2018101000100009,2018년 10월 10일 01시,수요일,서울특별시 서대문구 충정로3가,중상사고,0,1,0,0,차대사람 - 횡단중,안전운전불이행,포장 - 젖음/습기,비,교차로 - 교차로안,승용,남,31세,상해없음,보행자,여,81세,중상
7657,2018101000100030,2018년 10월 10일 05시,수요일,서울특별시 마포구 대흥동,중상사고,0,1,0,0,차대사람 - 횡단중,신호위반,포장 - 건조,기타,기타 - 기타,승용,남,66세,상해없음,보행자,남,59세,중상
7658,2018101000100039,2018년 10월 10일 06시,수요일,서울특별시 강북구 수유동,중상사고,0,1,0,0,차대사람 - 횡단중,보행자보호의무위반,포장 - 건조,맑음,단일로 - 기타,승용,여,66세,상해없음,보행자,남,57세,중상
7659,2018101000100040,2018년 10월 10일 06시,수요일,서울특별시 금천구 시흥동,경상사고,0,0,1,0,차대사람 - 횡단중,보행자보호의무위반,포장 - 건조,맑음,교차로 - 교차로부근,승용,여,55세,상해없음,보행자,여,47세,경상
7660,2018101000100071,2018년 10월 10일 08시,수요일,서울특별시 송파구 삼전동,경상사고,0,0,1,0,차대사람 - 기타,안전운전불이행,포장 - 건조,맑음,단일로 - 기타,승용,남,41세,상해없음,보행자,남,10세,경상
7661,2018101000100073,2018년 10월 10일 08시,수요일,서울특별시 노원구 중계동,경상사고,0,0,1,0,차대사람 - 기타,안전운전불이행,포장 - 건조,맑음,단일로 - 기타,승합,남,74세,상해없음,보행자,여,29세,경상
7662,2018101000100074,2018년 10월 10일 08시,수요일,서울특별시 은평구 갈현동,경상사고,0,0,1,0,차대사람 - 보도통행중,기타,포장 - 건조,맑음,교차로 - 교차로부근,이륜,남,37세,상해없음,보행자,여,60세,경상
7663,2018101000100200,2018년 10월 10일 12시,수요일,서울특별시 서대문구 남가좌동,중상사고,0,1,0,0,차대사람 - 횡단중,안전운전불이행,포장 - 건조,맑음,교차로 - 교차로안,승용,여,52세,상해없음,보행자,여,68세,중상
7664,2018101000100203,2018년 10월 10일 12시,수요일,서울특별시 노원구 상계동,경상사고,0,0,1,0,차대사람 - 차도통행중,안전운전불이행,포장 - 건조,맑음,주차장 - 주차장,화물,남,62세,상해없음,보행자,남,53세,경상
7665,2018101000100226,2018년 10월 10일 13시,수요일,서울특별시 중랑구 상봉동,중상사고,0,1,0,0,차대사람 - 길가장자리구역통행중,안전운전불이행,포장 - 건조,맑음,단일로 - 기타,승용,남,67세,상해없음,보행자,여,54세,중상
7666,2018101000100260,2018년 10월 10일 14시,수요일,서울특별시 강남구 논현동,경상사고,0,0,1,0,차대사람 - 기타,안전운전불이행,포장 - 기타,맑음,기타 - 기타,승용,남,75세,상해없음,보행자,여,50세,경상
7667,2018101000100261,2018년 10월 10일 14시,수요일,서울특별시 송파구 잠실동,부상신고사고,0,0,0,1,차대사람 - 기타,안전운전불이행,포장 - 건조,맑음,단일로 - 기타,승용,여,43세,상해없음,보행자,남,62세,부상신고
7668,2018101000100296,2018년 10월 10일 15시,수요일,서울특별시 송파구 거여동,경상사고,0,0,1,0,차대사람 - 보도통행중,안전운전불이행,포장 - 건조,맑음,기타 - 기타,자전거,남,14세,상해없음,보행자,남,71세,경상
7669,2018101000100358,2018년 10월 10일 17시,수요일,서울특별시 강서구 공항동,중상사고,0,1,0,0,차대사람 - 기타,보행자보호의무위반,포장 - 건조,맑음,단일로 - 기타,승용,남,62세,상해없음,보행자,여,28세,중상
7670,2018101000100396,2018년 10월 10일 18시,수요일,서울특별시 영등포구 영등포동7가,경상사고,0,0,1,0,차대사람 - 기타,안전운전불이행,포장 - 건조,맑음,교차로 - 교차로횡단보도내,승용,남,50세,상해없음,보행자,남,20세,경상
7671,2018101000100399,2018년 10월 10일 18시,수요일,서울특별시 송파구 석촌동,경상사고,0,0,1,0,차대사람 - 기타,안전운전불이행,포장 - 건조,맑음,단일로 - 기타,승용,남,56세,상해없음,보행자,남,6세,경상
7672,2018101000100512,2018년 10월 10일 21시,수요일,서울특별시 은평구 응암동,중상사고,0,1,0,0,차대사람 - 기타,기타,포장 - 건조,맑음,단일로 - 기타,승합,남,59세,상해없음,보행자,여,61세,중상
7673,2018101000100513,2018년 10월 10일 21시,수요일,서울특별시 동대문구 신설동,경상사고,0,0,1,0,차대사람 - 기타,기타,포장 - 건조,맑음,단일로 - 기타,승합,남,59세,상해없음,보행자,여,68세,경상
7674,2018101000100514,2018년 10월 10일 21시,수요일,서울특별시 중랑구 망우동,중상사고,0,1,0,0,차대사람 - 횡단중,교차로운행방법위반,포장 - 건조,맑음,교차로 - 교차로안,화물,남,53세,상해없음,보행자,남,56세,중상
7675,2018101100100002,2018년 10월 11일 00시,목요일,서울특별시 광진구 중곡동,중상사고,0,1,0,0,차대사람 - 횡단중,안전운전불이행,포장 - 건조,맑음,단일로 - 기타,이륜,남,35세,상해없음,보행자,남,43세,중상
7676,2018101100100091,2018년 10월 11일 08시,목요일,서울특별시 성북구 돈암동,중상사고,0,1,0,0,차대사람 - 횡단중,안전운전불이행,포장 - 건조,맑음,단일로 - 기타,승합,남,60세,기타불명,보행자,남,12세,중상
7677,2018101100100128,2018년 10월 11일 09시,목요일,서울특별시 서초구 서초동,경상사고,0,0,1,0,차대사람 - 기타,안전운전불이행,포장 - 건조,맑음,교차로 - 교차로안,승합,남,58세,상해없음,보행자,여,36세,경상
7678,2018101100100129,2018년 10월 11일 09시,목요일,서울특별시 서초구 서초동,경상사고,0,0,1,0,차대사람 - 기타,안전운전불이행,포장 - 건조,맑음,교차로 - 교차로부근,승용,여,44세,상해없음,보행자,남,35세,경상
7679,2018101100100220,2018년 10월 11일 12시,목요일,서울특별시 동대문구 답십리동,경상사고,0,0,1,0,차대사람 - 기타,기타,포장 - 건조,맑음,교차로 - 교차로안,이륜,남,64세,상해없음,보행자,여,36세,경상
7680,2018101100100226,2018년 10월 11일 12시,목요일,서울특별시 서초구 서초동,중상사고,0,1,0,0,차대사람 - 기타,안전운전불이행,포장 - 건조,맑음,기타 - 기타,승용,여,43세,상해없음,보행자,여,28세,중상
7681,2018101100100227,2018년 10월 11일 12시,목요일,서울특별시 도봉구 창동,경상사고,0,0,1,0,차대사람 - 차도통행중,안전운전불이행,포장 - 건조,맑음,단일로 - 기타,승용,남,68세,상해없음,보행자,여,59세,경상
7682,2018101100100260,2018년 10월 11일 13시,목요일,서울특별시 양천구 신월동,경상사고,0,0,1,0,차대사람 - 횡단중,신호위반,포장 - 건조,맑음,교차로 - 교차로부근,승용,남,66세,상해없음,보행자,남,67세,경상
7683,2018101100100308,2018년 10월 11일 15시,목요일,서울특별시 강남구 삼성동,경상사고,0,0,1,0,차대사람 - 기타,안전운전불이행,포장 - 건조,맑음,단일로 - 기타,승용,남,70세,상해없음,보행자,여,23세,경상
7684,2018101100100309,2018년 10월 11일 15시,목요일,서울특별시 송파구 문정동,경상사고,0,0,1,0,차대사람 - 횡단중,안전운전불이행,포장 - 건조,맑음,교차로 - 교차로안,건설기계,남,48세,상해없음,보행자,여,27세,경상
7685,2018101100100311,2018년 10월 11일 15시,목요일,서울특별시 구로구 궁동,경상사고,0,0,1,0,차대사람 - 횡단중,안전운전불이행,포장 - 건조,맑음,교차로 - 교차로횡단보도내,이륜,남,33세,상해없음,보행자,여,66세,경상
7686,2018101100100312,2018년 10월 11일 15시,목요일,서울특별시 도봉구 도봉동,중상사고,0,1,0,0,차대사람 - 기타,안전운전불이행,포장 - 건조,맑음,단일로 - 기타,승합,남,45세,상해없음,보행자,여,73세,중상
7687,2018101100100351,2018년 10월 11일 16시,목요일,서울특별시 도봉구 창동,사망사고,1,0,0,0,차대사람 - 기타,안전운전불이행,포장 - 기타,맑음,교차로 - 교차로횡단보도내,승합,남,45세,상해없음,보행자,여,62세,사망
7688,2018101100100388,2018년 10월 11일 17시,목요일,서울특별시 용산구 용문동,경상사고,0,0,1,0,차대사람 - 기타,안전운전불이행,포장 - 건조,맑음,단일로 - 기타,승용,남,33세,기타불명,보행자,남,69세,경상
7689,2018101100100392,2018년 10월 11일 17시,목요일,서울특별시 강서구 방화동,중상사고,0,1,0,0,차대사람 - 횡단중,과속,포장 - 건조,맑음,단일로 - 기타,승용,남,59세,상해없음,보행자,여,46세,중상
7690,2018101100100439,2018년 10월 11일 18시,목요일,서울특별시 마포구 도화동,중상사고,0,1,0,0,차대사람 - 횡단중,안전운전불이행,포장 - 건조,맑음,교차로 - 교차로안,승용,남,51세,상해없음,보행자,남,28세,중상
7691,2018101100100441,2018년 10월 11일 18시,목요일,서울특별시 강서구 등촌동,경상사고,0,0,1,0,차대사람 - 차도통행중,안전운전불이행,포장 - 건조,맑음,교차로 - 교차로안,승용,여,34세,상해없음,보행자,여,17세,경상
7692,2018101100100442,2018년 10월 11일 18시,목요일,서울특별시 양천구 목동,경상사고,0,0,1,0,차대사람 - 횡단중,안전운전불이행,포장 - 건조,맑음,단일로 - 기타,자전거,남,38세,상해없음,보행자,여,60세,경상
7693,2018101100100522,2018년 10월 11일 20시,목요일,서울특별시 용산구 이태원동,중상사고,0,1,0,0,차대사람 - 기타,안전운전불이행,포장 - 건조,맑음,단일로 - 기타,승용,남,44세,상해없음,보행자,여,78세,중상
7694,2018101100100524,2018년 10월 11일 20시,목요일,서울특별시 동대문구 용두동,중상사고,0,1,0,0,차대사람 - 횡단중,보행자보호의무위반,포장 - 건조,맑음,단일로 - 기타,승용,남,55세,기타불명,보행자,남,79세,중상
7695,2018101100100525,2018년 10월 11일 20시,목요일,서울특별시 영등포구 신길동,경상사고,0,0,1,0,차대사람 - 보도통행중,기타,포장 - 건조,맑음,단일로 - 기타,자전거,남,18세,상해없음,보행자,남,54세,경상
7696,2018101100100526,2018년 10월 11일 20시,목요일,서울특별시 관악구 신림동,경상사고,0,0,1,0,차대사람 - 기타,안전운전불이행,포장 - 건조,기타,단일로 - 기타,이륜,남,25세,상해없음,보행자,남,28세,경상
7697,2018101100100527,2018년 10월 11일 20시,목요일,서울특별시 송파구 마천동,중상사고,0,1,0,0,차대사람 - 기타,안전운전불이행,포장 - 건조,흐림,단일로 - 기타,승용,여,48세,상해없음,보행자,여,78세,중상
7698,2018101100100528,2018년 10월 11일 20시,목요일,서울특별시 노원구 월계동,경상사고,0,0,1,0,차대사람 - 횡단중,안전운전불이행,포장 - 건조,맑음,단일로 - 기타,이륜,남,23세,상해없음,보행자,여,63세,경상
7699,2018101100100580,2018년 10월 11일 22시,목요일,서울특별시 중구 신당동,중상사고,0,1,0,0,차대사람 - 보도통행중,기타,포장 - 건조,기타,단일로 - 기타,기타불명,남,62세,상해없음,보행자,여,57세,중상
7700,2018101100100583,2018년 10월 11일 22시,목요일,서울특별시 강남구 신사동,부상신고사고,0,0,0,1,차대사람 - 기타,안전운전불이행,포장 - 건조,맑음,단일로 - 기타,승용,남,64세,상해없음,보행자,남,34세,부상신고
7701,2018101100100603,2018년 10월 11일 23시,목요일,서울특별시 성북구 동소문동4가,중상사고,0,1,0,0,차대사람 - 횡단중,안전운전불이행,포장 - 건조,맑음,단일로 - 기타,승합,남,60세,상해없음,보행자,여,28세,중상
7702,2018101100100604,2018년 10월 11일 23시,목요일,서울특별시 동작구 흑석동,중상사고,0,1,1,0,차대사람 - 횡단중,안전운전불이행,포장 - 건조,맑음,단일로 - 기타,이륜,남,28세,경상,보행자,남,63세,중상
7703,2018101200100027,2018년 10월 12일 02시,금요일,서울특별시 은평구 응암동,경상사고,0,0,1,0,차대사람 - 횡단중,보행자보호의무위반,포장 - 건조,맑음,단일로 - 기타,승용,남,63세,상해없음,보행자,남,23세,경상
7704,2018101200100028,2018년 10월 12일 02시,금요일,서울특별시 광진구 구의동,경상사고,0,0,1,0,차대사람 - 기타,안전운전불이행,포장 - 건조,맑음,교차로 - 교차로부근,승용,남,64세,상해없음,보행자,남,26세,경상
7705,2018101200100058,2018년 10월 12일 06시,금요일,서울특별시 강동구 명일동,경상사고,0,0,1,0,차대사람 - 기타,보행자보호의무위반,포장 - 건조,맑음,교차로 - 교차로횡단보도내,승용,남,63세,상해없음,보행자,여,35세,경상
7706,2018101200100074,2018년 10월 12일 07시,금요일,서울특별시 도봉구 도봉동,중상사고,0,1,0,0,차대사람 - 기타,안전운전불이행,포장 - 건조,맑음,교차로 - 교차로안,승용,남,42세,상해없음,보행자,여,70세,중상
7707,2018101200100100,2018년 10월 12일 08시,금요일,서울특별시 광진구 군자동,경상사고,0,0,1,0,차대사람 - 길가장자리구역통행중,중앙선침범,포장 - 건조,맑음,단일로 - 기타,자전거,남,15세,상해없음,보행자,여,76세,경상
7708,2018101200100153,2018년 10월 12일 09시,금요일,서울특별시 중랑구 면목동,경상사고,0,0,1,0,차대사람 - 길가장자리구역통행중,안전운전불이행,포장 - 건조,맑음,교차로 - 교차로안,이륜,남,61세,상해없음,보행자,여,77세,경상
7709,2018101200100155,2018년 10월 12일 09시,금요일,서울특별시 서초구 서초동,중상사고,0,1,0,0,차대사람 - 기타,보행자보호의무위반,포장 - 건조,맑음,단일로 - 기타,화물,남,39세,상해없음,보행자,여,69세,중상
7710,2018101200100184,2018년 10월 12일 10시,금요일,서울특별시 양천구 목동,경상사고,0,0,1,0,차대사람 - 기타,안전운전불이행,포장 - 건조,맑음,교차로 - 교차로부근,승용,남,46세,상해없음,보행자,여,66세,경상
7711,2018101200100215,2018년 10월 12일 11시,금요일,서울특별시 금천구 독산동,중상사고,0,1,0,0,차대사람 - 횡단중,안전운전불이행,포장 - 건조,맑음,단일로 - 기타,승합,남,58세,상해없음,보행자,남,17세,중상
7712,2018101200100245,2018년 10월 12일 12시,금요일,서울특별시 종로구 사직동,중상사고,0,1,0,0,차대사람 - 보도통행중,보행자보호의무위반,포장 - 건조,맑음,교차로 - 교차로부근,승합,남,56세,상해없음,보행자,여,60세,중상
7713,2018101200100291,2018년 10월 12일 13시,금요일,서울특별시 서초구 서초동,중상사고,0,1,0,0,차대사람 - 기타,안전운전불이행,포장 - 건조,맑음,교차로 - 교차로부근,화물,남,44세,상해없음,보행자,여,30세,중상
7714,2018101200100293,2018년 10월 12일 13시,금요일,서울특별시 도봉구 쌍문동,경상사고,0,0,1,0,차대사람 - 횡단중,안전운전불이행,포장 - 건조,맑음,단일로 - 기타,승용,남,34세,상해없음,보행자,남,77세,경상
7715,2018101200100359,2018년 10월 12일 15시,금요일,서울특별시 중랑구 면목동,경상사고,0,0,1,0,차대사람 - 기타,안전운전불이행,포장 - 건조,맑음,기타 - 기타,승용,여,53세,상해없음,보행자,여,70세,경상
7716,2018101200100362,2018년 10월 12일 15시,금요일,서울특별시 노원구 하계동,중상사고,0,1,0,0,차대사람 - 보도통행중,안전운전불이행,포장 - 건조,맑음,단일로 - 기타,기타불명,기타불명,미분류,기타불명,보행자,여,70세,중상
7717,2018101200100402,2018년 10월 12일 16시,금요일,서울특별시 동대문구 전농동,경상사고,0,0,2,0,차대사람 - 길가장자리구역통행중,안전운전불이행,포장 - 건조,맑음,교차로 - 교차로부근,승용,여,68세,상해없음,보행자,여,27세,경상
7718,2018101200100403,2018년 10월 12일 16시,금요일,서울특별시 광진구 중곡동,경상사고,0,0,1,0,차대사람 - 횡단중,보행자보호의무위반,포장 - 건조,맑음,교차로 - 교차로안,승합,남,75세,상해없음,보행자,남,4세,경상
7719,2018101200100405,2018년 10월 12일 16시,금요일,서울특별시 관악구 신림동,경상사고,0,0,1,0,차대사람 - 차도통행중,안전운전불이행,포장 - 건조,맑음,교차로 - 교차로안,이륜,남,47세,상해없음,보행자,여,63세,경상
7720,2018101200100501,2018년 10월 12일 18시,금요일,서울특별시 중랑구 중화동,부상신고사고,0,0,0,1,차대사람 - 기타,안전운전불이행,포장 - 건조,맑음,단일로 - 기타,승용,여,50세,상해없음,보행자,남,5세,부상신고
7721,2018101200100502,2018년 10월 12일 18시,금요일,서울특별시 중랑구 망우동,경상사고,0,0,1,0,차대사람 - 횡단중,신호위반,포장 - 건조,맑음,교차로 - 교차로횡단보도내,승용,남,51세,상해없음,보행자,남,34세,경상
7722,2018101200100558,2018년 10월 12일 19시,금요일,서울특별시 용산구 서빙고동,중상사고,0,1,0,0,차대사람 - 횡단중,안전운전불이행,포장 - 건조,맑음,단일로 - 기타,승용,남,65세,상해없음,보행자,여,75세,중상
7723,2018101200100570,2018년 10월 12일 19시,금요일,서울특별시 서초구 양재동,중상사고,0,1,0,0,차대사람 - 기타,안전운전불이행,포장 - 건조,맑음,교차로 - 교차로안,화물,남,49세,상해없음,보행자,여,57세,중상
7724,2018101200100571,2018년 10월 12일 19시,금요일,서울특별시 노원구 공릉동,경상사고,0,0,1,0,차대사람 - 횡단중,신호위반,포장 - 건조,맑음,교차로 - 교차로횡단보도내,승합,남,56세,상해없음,보행자,남,53세,경상
7725,2018101200100644,2018년 10월 12일 21시,금요일,서울특별시 은평구 불광동,경상사고,0,0,1,0,차대사람 - 보도통행중,안전운전불이행,포장 - 건조,맑음,단일로 - 기타,승합,여,51세,상해없음,보행자,남,16세,경상
7726,2018101200100673,2018년 10월 12일 22시,금요일,서울특별시 금천구 시흥동,중상사고,0,1,0,0,차대사람 - 횡단중,신호위반,포장 - 건조,맑음,교차로 - 교차로횡단보도내,승용,남,39세,상해없음,보행자,여,48세,중상
7727,2018101200100696,2018년 10월 12일 23시,금요일,서울특별시 동대문구 장안동,경상사고,0,0,1,0,차대사람 - 차도통행중,안전운전불이행,포장 - 건조,맑음,단일로 - 기타,승용,여,63세,상해없음,보행자,남,55세,경상
7728,2018101300100021,2018년 10월 13일 01시,토요일,서울특별시 중구 남산동1가,경상사고,0,0,1,0,차대사람 - 기타,안전운전불이행,포장 - 건조,맑음,단일로 - 기타,승용,남,60세,상해없음,보행자,남,33세,경상
7729,2018101300100026,2018년 10월 13일 01시,토요일,서울특별시 구로구 고척동,경상사고,0,0,1,0,차대사람 - 기타,안전운전불이행,포장 - 건조,맑음,단일로 - 기타,화물,남,45세,상해없음,보행자,남,28세,경상
7730,2018101300100048,2018년 10월 13일 02시,토요일,서울특별시 영등포구 대림동,경상사고,0,0,1,0,차대사람 - 횡단중,안전운전불이행,포장 - 건조,맑음,교차로 - 교차로횡단보도내,승용,남,57세,상해없음,보행자,여,21세,경상
7731,2018101300100058,2018년 10월 13일 03시,토요일,서울특별시 중구 충무로4가,중상사고,0,1,0,0,차대사람 - 횡단중,안전운전불이행,포장 - 건조,맑음,교차로 - 교차로횡단보도내,승용,남,64세,상해없음,보행자,남,57세,중상
7732,2018101300100079,2018년 10월 13일 05시,토요일,서울특별시 마포구 노고산동,경상사고,0,0,1,0,차대사람 - 횡단중,안전운전불이행,포장 - 건조,맑음,단일로 - 기타,기타불명,기타불명,미분류,기타불명,보행자,여,44세,경상
7733,2018101300100080,2018년 10월 13일 05시,토요일,서울특별시 금천구 독산동,경상사고,0,0,1,0,차대사람 - 횡단중,보행자보호의무위반,포장 - 건조,맑음,교차로 - 교차로안,승용,남,61세,상해없음,보행자,여,42세,경상
7734,2018101300100082,2018년 10월 13일 05시,토요일,서울특별시 강남구 역삼동,경상사고,0,0,1,0,차대사람 - 기타,안전운전불이행,포장 - 건조,맑음,단일로 - 기타,승용,남,48세,기타불명,보행자,여,22세,경상
7735,2018101300100144,2018년 10월 13일 09시,토요일,서울특별시 강남구 청담동,경상사고,0,0,1,0,차대사람 - 길가장자리구역통행중,안전운전불이행,포장 - 기타,맑음,단일로 - 기타,승용,남,64세,상해없음,보행자,남,45세,경상
7736,2018101300100145,2018년 10월 13일 09시,토요일,서울특별시 강서구 화곡동,경상사고,0,0,1,0,차대사람 - 기타,안전운전불이행,포장 - 건조,맑음,단일로 - 기타,승용,여,38세,상해없음,보행자,여,44세,경상
7737,2018101300100174,2018년 10월 13일 10시,토요일,서울특별시 강북구 미아동,중상사고,0,1,0,0,차대사람 - 횡단중,안전운전불이행,포장 - 건조,맑음,교차로 - 교차로부근,화물,남,37세,상해없음,보행자,여,73세,중상
7738,2018101300100362,2018년 10월 13일 15시,토요일,서울특별시 성북구 동선동4가,경상사고,0,0,1,0,차대사람 - 횡단중,안전운전불이행,포장 - 건조,맑음,단일로 - 기타,화물,남,74세,상해없음,보행자,여,51세,경상
7739,2018101300100365,2018년 10월 13일 15시,토요일,서울특별시 노원구 월계동,중상사고,0,1,0,0,차대사람 - 횡단중,보행자보호의무위반,포장 - 건조,맑음,교차로 - 교차로횡단보도내,자전거,남,14세,상해없음,보행자,여,58세,중상
7740,2018101300100433,2018년 10월 13일 17시,토요일,서울특별시 강동구 암사동,경상사고,0,0,1,0,차대사람 - 기타,보행자보호의무위반,포장 - 건조,맑음,교차로 - 교차로안,승용,남,57세,상해없음,보행자,남,8세,경상
7741,2018101300100435,2018년 10월 13일 17시,토요일,서울특별시 강남구 대치동,중상사고,0,1,0,0,차대사람 - 기타,안전운전불이행,포장 - 건조,맑음,단일로 - 기타,승용,남,29세,상해없음,보행자,남,46세,중상
7742,2018101300100465,2018년 10월 13일 18시,토요일,서울특별시 서대문구 냉천동,부상신고사고,0,0,0,1,차대사람 - 횡단중,보행자보호의무위반,포장 - 건조,맑음,교차로 - 교차로횡단보도내,이륜,남,17세,상해없음,보행자,남,74세,부상신고
7743,2018101300100467,2018년 10월 13일 18시,토요일,서울특별시 송파구 잠실동,경상사고,0,0,1,0,차대사람 - 횡단중,신호위반,포장 - 건조,맑음,교차로 - 교차로횡단보도내,승용,여,35세,상해없음,보행자,남,68세,경상
7744,2018101300100503,2018년 10월 13일 19시,토요일,서울특별시 은평구 응암동,경상사고,0,0,1,0,차대사람 - 차도통행중,안전운전불이행,포장 - 건조,맑음,교차로 - 교차로안,승용,여,40세,상해없음,보행자,여,72세,경상
7745,2018101300100504,2018년 10월 13일 19시,토요일,서울특별시 강동구 암사동,부상신고사고,0,0,0,1,차대사람 - 보도통행중,안전운전불이행,포장 - 건조,맑음,단일로 - 기타,기타불명,기타불명,미분류,기타불명,보행자,남,39세,부상신고
7746,2018101300100541,2018년 10월 13일 20시,토요일,서울특별시 서초구 반포동,경상사고,0,0,1,1,차대사람 - 차도통행중,안전운전불이행,포장 - 건조,맑음,단일로 - 기타,자전거,남,50세,부상신고,보행자,여,28세,경상
7747,2018101300100572,2018년 10월 13일 21시,토요일,서울특별시 송파구 잠실동,경상사고,0,0,1,0,차대사람 - 횡단중,신호위반,포장 - 건조,맑음,교차로 - 교차로횡단보도내,원동기,남,37세,상해없음,보행자,남,41세,경상
7748,2018101300100573,2018년 10월 13일 21시,토요일,서울특별시 송파구 가락동,사망사고,1,0,0,0,차대사람 - 횡단중,신호위반,포장 - 건조,맑음,단일로 - 기타,승용,남,59세,상해없음,보행자,여,20세,사망
7749,2018101300100588,2018년 10월 13일 22시,토요일,서울특별시 마포구 상암동,경상사고,0,0,1,0,차대사람 - 보도통행중,신호위반,포장 - 건조,맑음,교차로 - 교차로부근,승용,남,55세,상해없음,보행자,남,38세,경상
7750,2018101300100589,2018년 10월 13일 22시,토요일,서울특별시 중랑구 면목동,경상사고,0,0,2,0,차대사람 - 횡단중,안전운전불이행,포장 - 건조,맑음,단일로 - 기타,이륜,남,17세,경상,보행자,남,51세,경상