,사고번호,사고일시,요일,시군구,사고내용,사망자수,중상자수,경상자수,부상신고자수,사고유형,법규위반,노면상태,기상상태,도로형태,가해운전자 차종,가해운전자 성별,가해운전자 연령,가해운전자 상해정도,피해운전자 차종,피해운전자 성별,피해운전자 연령,피해운전자 상해정도
8420,2018110500100561,2018년 11월 5일 19시,월요일,서울특별시 성북구 길음동,경상사고,0,0,1,0,차대사람 - 기타,안전운전불이행,포장 - 건조,맑음,단일로 - 기타,기타불명,기타불명,미분류,기타불명,보행자,남,44세,경상
8421,2018110500100602,2018년 11월 5일 20시,월요일,서울특별시 중랑구 중화동,중상사고,0,1,0,0,차대사람 - 기타,안전운전불이행,포장 - 건조,흐림,교차로 - 교차로부근,승합,남,30세,상해없음,보행자,남,51세,중상
8422,2018110500100664,2018년 11월 5일 23시,월요일,서울특별시 서대문구 홍은동,중상사고,0,1,0,0,차대사람 - 기타,안전운전불이행,포장 - 건조,맑음,단일로 - 기타,승용,남,20세,상해없음,보행자,남,62세,중상
8423,2018110500100666,2018년 11월 5일 23시,월요일,서울특별시 성동구 성수동2가,중상사고,0,1,0,0,차대사람 - 횡단중,보행자보호의무위반,포장 - 건조,맑음,교차로 - 교차로횡단보도내,화물,남,54세,상해없음,보행자,여,60세,중상
8424,2018110500100668,2018년 11월 5일 23시,월요일,서울특별시 송파구 문정동,중상사고,0,1,0,0,차대사람 - 기타,안전운전불이행,포장 - 건조,맑음,단일로 - 기타,승용,남,30세,상해없음,보행자,남,34세,중상
8425,2018110600100080,2018년 11월 6일 08시,화요일,서울특별시 은평구 갈현동,경상사고,0,0,1,0,차대사람 - 길가장자리구역통행중,보행자보호의무위반,포장 - 건조,맑음,교차로 - 교차로부근,승용,여,42세,상해없음,보행자,여,86세,경상
8426,2018110600100162,2018년 11월 6일 10시,화요일,서울특별시 금천구 가산동,경상사고,0,0,1,0,차대사람 - 기타,안전운전불이행,포장 - 건조,흐림,단일로 - 기타,승용,여,45세,상해없음,보행자,남,30세,경상
8427,2018110600100192,2018년 11월 6일 11시,화요일,서울특별시 구로구 오류동,경상사고,0,0,1,0,차대사람 - 기타,안전운전불이행,포장 - 건조,맑음,단일로 - 기타,화물,남,56세,상해없음,보행자,여,34세,경상
8428,2018110600100193,2018년 11월 6일 11시,화요일,서울특별시 도봉구 창동,중상사고,0,1,0,0,차대사람 - 횡단중,보행자보호의무위반,포장 - 건조,맑음,교차로 - 교차로횡단보도내,승용,여,56세,상해없음,보행자,남,72세,중상
8429,2018110600100229,2018년 11월 6일 12시,화요일,서울특별시 동대문구 용두동,경상사고,0,0,1,0,차대사람 - 기타,보행자보호의무위반,포장 - 건조,맑음,단일로 - 기타,승용,남,51세,상해없음,보행자,여,49세,경상
8430,2018110600100255,2018년 11월 6일 13시,화요일,서울특별시 광진구 구의동,중상사고,0,1,0,0,차대사람 - 차도통행중,보행자보호의무위반,포장 - 건조,맑음,단일로 - 기타,승합,남,40세,상해없음,보행자,남,58세,중상
8431,2018110600100256,2018년 11월 6일 13시,화요일,서울특별시 광진구 구의동,경상사고,0,0,1,0,차대사람 - 보도통행중,기타,포장 - 건조,맑음,기타 - 기타,승용,남,36세,상해없음,보행자,남,66세,경상
8432,2018110600100258,2018년 11월 6일 13시,화요일,서울특별시 강남구 일원동,중상사고,0,1,0,0,차대사람 - 기타,안전운전불이행,포장 - 건조,맑음,단일로 - 기타,승용,여,51세,상해없음,보행자,남,57세,중상
8433,2018110600100289,2018년 11월 6일 14시,화요일,서울특별시 마포구 동교동,경상사고,0,0,1,0,차대사람 - 기타,안전운전불이행,포장 - 건조,맑음,교차로 - 교차로부근,승용,남,86세,상해없음,보행자,남,58세,경상
8434,2018110600100290,2018년 11월 6일 14시,화요일,서울특별시 도봉구 방학동,중상사고,0,1,0,0,차대사람 - 기타,안전운전불이행,포장 - 기타,맑음,단일로 - 기타,화물,남,63세,상해없음,보행자,여,30세,중상
8435,2018110600100314,2018년 11월 6일 15시,화요일,서울특별시 종로구 연지동,경상사고,0,0,1,0,차대사람 - 횡단중,신호위반,포장 - 건조,맑음,교차로 - 교차로안,기타불명,기타불명,미분류,기타불명,보행자,여,74세,경상
8436,2018110600100316,2018년 11월 6일 15시,화요일,서울특별시 강북구 미아동,중상사고,0,1,0,0,차대사람 - 기타,안전운전불이행,포장 - 건조,맑음,단일로 - 기타,승용,남,27세,상해없음,보행자,여,79세,중상
8437,2018110600100384,2018년 11월 6일 17시,화요일,서울특별시 마포구 마포동,중상사고,0,1,0,0,차대사람 - 횡단중,신호위반,포장 - 건조,맑음,단일로 - 교량,승용,남,65세,상해없음,보행자,여,23세,중상
8438,2018110600100385,2018년 11월 6일 17시,화요일,서울특별시 성동구 성수동2가,중상사고,0,1,0,0,차대사람 - 횡단중,안전운전불이행,포장 - 건조,맑음,단일로 - 기타,승용,남,30세,상해없음,보행자,남,41세,중상
8439,2018110600100437,2018년 11월 6일 18시,화요일,서울특별시 강동구 암사동,경상사고,0,0,1,0,차대사람 - 보도통행중,기타,포장 - 건조,흐림,단일로 - 기타,화물,남,52세,상해없음,보행자,남,59세,경상
8440,2018110600100494,2018년 11월 6일 19시,화요일,서울특별시 성동구 행당동,경상사고,0,0,1,0,차대사람 - 기타,안전운전불이행,포장 - 건조,맑음,교차로 - 교차로안,승용,남,45세,기타불명,보행자,남,68세,경상
8441,2018110600100499,2018년 11월 6일 19시,화요일,서울특별시 양천구 신월동,경상사고,0,0,1,0,차대사람 - 기타,안전운전불이행,포장 - 건조,맑음,교차로 - 교차로안,승용,여,30세,상해없음,보행자,여,60세,경상
8442,2018110600100500,2018년 11월 6일 19시,화요일,서울특별시 강남구 일원동,중상사고,0,1,0,0,차대사람 - 횡단중,안전운전불이행,포장 - 건조,맑음,단일로 - 기타,승용,남,63세,상해없음,보행자,남,15세,중상
8443,2018110600100542,2018년 11월 6일 20시,화요일,서울특별시 동작구 사당동,부상신고사고,0,0,0,1,차대사람 - 기타,기타,포장 - 건조,맑음,단일로 - 기타,승용,남,55세,상해없음,보행자,여,64세,부상신고
8444,2018110600100544,2018년 11월 6일 20시,화요일,서울특별시 서초구 방배동,경상사고,0,0,1,0,차대사람 - 기타,안전운전불이행,포장 - 기타,맑음,단일로 - 기타,승합,남,49세,상해없음,보행자,여,62세,경상
8445,2018110600100572,2018년 11월 6일 21시,화요일,서울특별시 동대문구 이문동,중상사고,0,1,0,0,차대사람 - 횡단중,신호위반,포장 - 건조,맑음,교차로 - 교차로횡단보도내,이륜,남,26세,상해없음,보행자,여,57세,중상
8446,2018110600100587,2018년 11월 6일 22시,화요일,서울특별시 성동구 옥수동,경상사고,0,0,1,0,차대사람 - 횡단중,보행자보호의무위반,포장 - 건조,맑음,교차로 - 교차로안,승용,남,58세,상해없음,보행자,남,21세,경상
8447,2018110600100607,2018년 11월 6일 23시,화요일,서울특별시 종로구 숭인동,중상사고,0,1,0,0,차대사람 - 기타,안전운전불이행,포장 - 건조,맑음,단일로 - 기타,승용,남,30세,상해없음,보행자,여,23세,중상
8448,2018110700100014,2018년 11월 7일 01시,수요일,서울특별시 영등포구 당산동1가,중상사고,0,1,0,0,차대사람 - 기타,안전운전불이행,포장 - 건조,맑음,교차로 - 교차로안,승용,남,60세,상해없음,보행자,남,57세,중상
8449,2018110700100029,2018년 11월 7일 02시,수요일,서울특별시 성북구 동소문동5가,부상신고사고,0,0,0,1,차대사람 - 보도통행중,안전운전불이행,포장 - 젖음/습기,비,단일로 - 기타,기타불명,기타불명,미분류,기타불명,보행자,남,60세,부상신고
8450,2018110700100048,2018년 11월 7일 04시,수요일,서울특별시 성북구 하월곡동,중상사고,0,1,0,0,차대사람 - 횡단중,보행자보호의무위반,포장 - 젖음/습기,비,교차로 - 교차로횡단보도내,승용,남,75세,상해없음,보행자,여,53세,중상
8451,2018110700100062,2018년 11월 7일 06시,수요일,서울특별시 영등포구 영등포동,경상사고,0,0,1,0,차대사람 - 차도통행중,보행자보호의무위반,포장 - 젖음/습기,비,단일로 - 기타,승용,남,76세,상해없음,보행자,남,44세,경상
8452,2018110700100079,2018년 11월 7일 07시,수요일,서울특별시 동대문구 답십리동,중상사고,0,1,0,1,차대사람 - 기타,안전운전불이행,포장 - 건조,맑음,교차로 - 교차로안,이륜,남,75세,부상신고,보행자,남,46세,중상
8453,2018110700100081,2018년 11월 7일 07시,수요일,서울특별시 영등포구 대림동,중상사고,0,1,0,0,차대사람 - 기타,안전운전불이행,포장 - 젖음/습기,흐림,교차로 - 교차로안,승용,남,63세,상해없음,보행자,여,72세,중상
8454,2018110700100113,2018년 11월 7일 08시,수요일,서울특별시 종로구 혜화동,경상사고,0,0,1,0,차대사람 - 차도통행중,안전운전불이행,포장 - 젖음/습기,흐림,교차로 - 교차로부근,승용,남,53세,상해없음,보행자,여,31세,경상
8455,2018110700100222,2018년 11월 7일 11시,수요일,서울특별시 성동구 마장동,경상사고,0,0,1,0,차대사람 - 기타,안전운전불이행,포장 - 기타,맑음,교차로 - 교차로부근,이륜,남,35세,상해없음,보행자,남,29세,경상
8456,2018110700100379,2018년 11월 7일 16시,수요일,서울특별시 마포구 망원동,경상사고,0,0,1,0,차대사람 - 길가장자리구역통행중,신호위반,포장 - 건조,맑음,단일로 - 기타,승용,남,26세,상해없음,보행자,남,48세,경상
8457,2018110700100382,2018년 11월 7일 16시,수요일,서울특별시 구로구 구로동,중상사고,0,1,0,0,차대사람 - 횡단중,신호위반,포장 - 건조,맑음,단일로 - 기타,화물,남,40세,상해없음,보행자,여,30세,중상
8458,2018110700100407,2018년 11월 7일 17시,수요일,서울특별시 마포구 공덕동,경상사고,0,0,1,0,차대사람 - 기타,안전운전불이행,포장 - 젖음/습기,비,교차로 - 교차로안,승용,남,60세,상해없음,보행자,여,67세,경상
8459,2018110700100409,2018년 11월 7일 17시,수요일,서울특별시 중랑구 중화동,중상사고,0,1,0,0,차대사람 - 횡단중,안전운전불이행,포장 - 건조,맑음,단일로 - 기타,승용,여,60세,상해없음,보행자,남,58세,중상
8460,2018110700100410,2018년 11월 7일 17시,수요일,서울특별시 관악구 신림동,경상사고,0,0,1,0,차대사람 - 횡단중,안전운전불이행,포장 - 건조,맑음,교차로 - 교차로부근,기타불명,기타불명,미분류,기타불명,보행자,남,70세,경상
8461,2018110700100413,2018년 11월 7일 17시,수요일,서울특별시 구로구 개봉동,중상사고,0,1,1,0,차대사람 - 차도통행중,안전운전불이행,포장 - 건조,맑음,교차로 - 교차로안,화물,남,50세,상해없음,보행자,여,36세,경상
8462,2018110700100414,2018년 11월 7일 17시,수요일,서울특별시 서초구 서초동,부상신고사고,0,0,0,1,차대사람 - 보도통행중,안전운전불이행,포장 - 건조,흐림,단일로 - 기타,승용,남,41세,상해없음,보행자,남,40세,부상신고
8463,2018110700100418,2018년 11월 7일 17시,수요일,서울특별시 은평구 갈현동,중상사고,0,1,1,0,차대사람 - 횡단중,신호위반,포장 - 젖음/습기,비,교차로 - 교차로횡단보도내,승용,남,76세,상해없음,보행자,여,13세,중상
8464,2018110700100419,2018년 11월 7일 17시,수요일,서울특별시 강남구 일원동,부상신고사고,0,0,0,1,차대사람 - 횡단중,안전운전불이행,포장 - 건조,맑음,교차로 - 교차로횡단보도내,승용,남,37세,상해없음,보행자,남,14세,부상신고
8465,2018110700100472,2018년 11월 7일 18시,수요일,서울특별시 종로구 종로5가,경상사고,0,0,1,0,차대사람 - 횡단중,보행자보호의무위반,포장 - 건조,맑음,교차로 - 교차로횡단보도내,승합,남,53세,상해없음,보행자,남,47세,경상
8466,2018110700100473,2018년 11월 7일 18시,수요일,서울특별시 서대문구 미근동,중상사고,0,1,0,0,차대사람 - 기타,안전운전불이행,포장 - 건조,맑음,단일로 - 기타,이륜,남,26세,상해없음,보행자,여,55세,중상
8467,2018110700100474,2018년 11월 7일 18시,수요일,서울특별시 용산구 효창동,경상사고,0,0,1,0,차대사람 - 횡단중,안전운전불이행,포장 - 젖음/습기,흐림,교차로 - 교차로부근,승합,여,31세,상해없음,보행자,여,47세,경상
8468,2018110700100476,2018년 11월 7일 18시,수요일,서울특별시 마포구 신수동,중상사고,0,1,0,0,차대사람 - 횡단중,신호위반,포장 - 젖음/습기,비,교차로 - 교차로횡단보도내,승용,남,58세,상해없음,보행자,여,50세,중상
8469,2018110700100557,2018년 11월 7일 19시,수요일,서울특별시 서대문구 홍제동,경상사고,0,0,1,0,차대사람 - 횡단중,안전운전불이행,포장 - 젖음/습기,흐림,단일로 - 기타,승용,남,38세,상해없음,보행자,여,86세,경상
8470,2018110700100558,2018년 11월 7일 19시,수요일,서울특별시 서대문구 창천동,중상사고,0,1,0,0,차대사람 - 횡단중,보행자보호의무위반,포장 - 건조,맑음,교차로 - 교차로횡단보도내,승용,여,39세,상해없음,보행자,여,55세,중상
8471,2018110700100559,2018년 11월 7일 19시,수요일,서울특별시 강북구 수유동,경상사고,0,0,1,0,차대사람 - 기타,안전운전불이행,포장 - 건조,맑음,단일로 - 기타,승용,여,24세,상해없음,보행자,여,53세,경상
8472,2018110700100561,2018년 11월 7일 19시,수요일,서울특별시 성동구 용답동,경상사고,0,0,1,0,차대사람 - 보도통행중,안전운전불이행,포장 - 건조,맑음,기타 - 기타,기타불명,기타불명,미분류,기타불명,보행자,남,31세,경상
8473,2018110700100564,2018년 11월 7일 19시,수요일,서울특별시 서초구 서초동,경상사고,0,0,1,0,차대사람 - 기타,안전운전불이행,포장 - 건조,맑음,단일로 - 기타,승용,남,59세,기타불명,보행자,남,25세,경상
8474,2018110700100615,2018년 11월 7일 20시,수요일,서울특별시 중구 태평로2가,중상사고,0,1,0,0,차대사람 - 기타,안전운전불이행,포장 - 건조,맑음,기타 - 기타,승용,남,59세,상해없음,보행자,여,21세,중상
8475,2018110700100619,2018년 11월 7일 20시,수요일,서울특별시 송파구 삼전동,중상사고,0,1,0,0,차대사람 - 기타,안전운전불이행,포장 - 건조,맑음,단일로 - 기타,승용,여,58세,상해없음,보행자,여,79세,중상
8476,2018110700100620,2018년 11월 7일 20시,수요일,서울특별시 서초구 잠원동,중상사고,0,1,0,0,차대사람 - 기타,보행자보호의무위반,포장 - 젖음/습기,흐림,교차로 - 교차로횡단보도내,승용,여,31세,상해없음,보행자,남,52세,중상
8477,2018110700100645,2018년 11월 7일 21시,수요일,서울특별시 관악구 신림동,경상사고,0,0,1,0,차대사람 - 길가장자리구역통행중,안전운전불이행,포장 - 건조,맑음,교차로 - 교차로안,승합,남,53세,상해없음,보행자,남,24세,경상
8478,2018110800100001,2018년 11월 8일 00시,목요일,서울특별시 중구 서소문동,경상사고,0,0,1,0,차대사람 - 차도통행중,안전운전불이행,포장 - 건조,맑음,단일로 - 기타,승용,남,57세,상해없음,보행자,남,49세,경상
8479,2018110800100047,2018년 11월 8일 03시,목요일,서울특별시 동작구 신대방동,중상사고,0,1,0,0,차대사람 - 횡단중,안전운전불이행,포장 - 젖음/습기,비,교차로 - 교차로부근,승용,남,52세,상해없음,보행자,여,25세,중상
8480,2018110800100062,2018년 11월 8일 04시,목요일,서울특별시 용산구 이태원동,중상사고,0,1,0,0,차대사람 - 기타,안전운전불이행,포장 - 젖음/습기,흐림,단일로 - 기타,승용,여,27세,상해없음,보행자,여,45세,중상
8481,2018110800100072,2018년 11월 8일 05시,목요일,서울특별시 중구 태평로2가,경상사고,0,0,1,0,차대사람 - 횡단중,안전운전불이행,포장 - 젖음/습기,흐림,기타 - 기타,기타불명,기타불명,미분류,기타불명,보행자,여,66세,경상
8482,2018110800100086,2018년 11월 8일 06시,목요일,서울특별시 마포구 망원동,경상사고,0,0,1,0,차대사람 - 기타,안전운전불이행,포장 - 건조,맑음,단일로 - 기타,승용,남,71세,상해없음,보행자,여,26세,경상
8483,2018110800100088,2018년 11월 8일 06시,목요일,서울특별시 동작구 대방동,경상사고,0,0,1,0,차대사람 - 횡단중,안전운전불이행,포장 - 젖음/습기,비,교차로 - 교차로안,승용,남,67세,상해없음,보행자,여,42세,경상
8484,2018110800100090,2018년 11월 8일 06시,목요일,서울특별시 서초구 서초동,경상사고,0,0,1,0,차대사람 - 기타,안전운전불이행,포장 - 젖음/습기,기타,기타 - 기타,승용,남,26세,기타불명,보행자,여,21세,경상
8485,2018110800100115,2018년 11월 8일 07시,목요일,서울특별시 영등포구 영등포동7가,경상사고,0,0,1,0,차대사람 - 횡단중,보행자보호의무위반,포장 - 젖음/습기,비,교차로 - 교차로횡단보도내,승용,남,38세,상해없음,보행자,남,52세,경상
8486,2018110800100209,2018년 11월 8일 10시,목요일,서울특별시 중구 을지로5가,경상사고,0,0,1,0,차대사람 - 차도통행중,안전운전불이행,포장 - 젖음/습기,비,교차로 - 교차로안,승용,남,31세,상해없음,보행자,여,26세,경상
8487,2018110800100210,2018년 11월 8일 10시,목요일,서울특별시 동대문구 이문동,중상사고,0,1,0,0,차대사람 - 차도통행중,안전운전불이행,포장 - 젖음/습기,비,교차로 - 교차로안,화물,남,39세,상해없음,보행자,여,47세,중상
8488,2018110800100242,2018년 11월 8일 11시,목요일,서울특별시 서대문구 창천동,경상사고,0,0,1,0,차대사람 - 기타,안전운전불이행,포장 - 건조,맑음,단일로 - 기타,승용,여,42세,상해없음,보행자,남,43세,경상
8489,2018110800100244,2018년 11월 8일 11시,목요일,서울특별시 마포구 신공덕동,경상사고,0,0,1,0,차대사람 - 횡단중,보행자보호의무위반,포장 - 젖음/습기,비,기타 - 기타,이륜,남,41세,상해없음,보행자,여,58세,경상
8490,2018110800100245,2018년 11월 8일 11시,목요일,서울특별시 중랑구 면목동,중상사고,0,1,0,0,차대사람 - 보도통행중,기타,포장 - 젖음/습기,비,기타 - 기타,승용,남,67세,상해없음,보행자,여,21세,중상
8491,2018110800100280,2018년 11월 8일 12시,목요일,서울특별시 종로구 세종로,부상신고사고,0,0,0,1,차대사람 - 차도통행중,안전운전불이행,포장 - 젖음/습기,비,단일로 - 기타,승용,남,31세,상해없음,보행자,여,20세,부상신고
8492,2018110800100337,2018년 11월 8일 14시,목요일,서울특별시 강북구 수유동,경상사고,0,0,1,0,차대사람 - 횡단중,안전운전불이행,포장 - 건조,맑음,교차로 - 교차로안,기타불명,기타불명,미분류,기타불명,보행자,여,60세,경상
8493,2018110800100340,2018년 11월 8일 14시,목요일,서울특별시 금천구 시흥동,중상사고,0,1,0,0,차대사람 - 길가장자리구역통행중,안전운전불이행,포장 - 젖음/습기,비,단일로 - 기타,승용,남,55세,상해없음,보행자,여,84세,중상
8494,2018110800100341,2018년 11월 8일 14시,목요일,서울특별시 중랑구 망우동,경상사고,0,0,1,0,차대사람 - 길가장자리구역통행중,안전운전불이행,포장 - 젖음/습기,비,단일로 - 기타,승용,남,63세,상해없음,보행자,여,43세,경상
8495,2018110800100400,2018년 11월 8일 16시,목요일,서울특별시 성동구 옥수동,경상사고,0,0,1,0,차대사람 - 차도통행중,안전운전불이행,포장 - 젖음/습기,비,단일로 - 기타,승용,여,53세,상해없음,보행자,여,60세,경상
8496,2018110800100428,2018년 11월 8일 17시,목요일,서울특별시 강북구 수유동,중상사고,0,1,0,0,차대사람 - 횡단중,안전운전불이행,포장 - 젖음/습기,흐림,단일로 - 기타,승용,여,30세,상해없음,보행자,여,86세,중상
8497,2018110800100429,2018년 11월 8일 17시,목요일,서울특별시 동작구 상도동,중상사고,0,1,0,0,차대사람 - 기타,안전운전불이행,포장 - 젖음/습기,비,교차로 - 교차로안,승용,남,62세,상해없음,보행자,여,79세,중상
8498,2018110800100430,2018년 11월 8일 17시,목요일,서울특별시 중랑구 망우동,중상사고,0,1,0,0,차대사람 - 횡단중,안전운전불이행,포장 - 젖음/습기,비,교차로 - 교차로안,승용,남,37세,상해없음,보행자,여,54세,중상
8499,2018110800100489,2018년 11월 8일 18시,목요일,서울특별시 동대문구 이문동,중상사고,0,1,0,0,차대사람 - 기타,안전운전불이행,포장 - 건조,맑음,단일로 - 기타,승용,여,36세,상해없음,보행자,여,75세,중상
8500,2018110800100490,2018년 11월 8일 18시,목요일,서울특별시 마포구 용강동,중상사고,0,1,0,0,차대사람 - 횡단중,보행자보호의무위반,포장 - 젖음/습기,비,단일로 - 기타,화물,남,70세,상해없음,보행자,남,38세,중상
8501,2018110800100492,2018년 11월 8일 18시,목요일,서울특별시 금천구 독산동,경상사고,0,0,1,0,차대사람 - 횡단중,보행자보호의무위반,포장 - 젖음/습기,비,교차로 - 교차로부근,승용,남,33세,상해없음,보행자,남,69세,경상
8502,2018110800100493,2018년 11월 8일 18시,목요일,서울특별시 강남구 논현동,중상사고,0,1,0,0,차대사람 - 횡단중,신호위반,포장 - 젖음/습기,비,단일로 - 기타,승합,남,60세,상해없음,보행자,여,33세,중상
8503,2018110800100494,2018년 11월 8일 18시,목요일,서울특별시 강남구 청담동,부상신고사고,0,0,0,1,차대사람 - 기타,안전운전불이행,포장 - 젖음/습기,비,기타 - 기타,승용,남,72세,상해없음,보행자,남,22세,부상신고
8504,2018110800100495,2018년 11월 8일 18시,목요일,서울특별시 강서구 염창동,중상사고,0,1,1,0,차대사람 - 횡단중,보행자보호의무위반,포장 - 젖음/습기,비,단일로 - 기타,승합,남,58세,기타불명,보행자,여,60세,중상
8505,2018110800100498,2018년 11월 8일 18시,목요일,서울특별시 도봉구 창동,중상사고,0,1,0,0,차대사람 - 횡단중,안전운전불이행,포장 - 젖음/습기,비,단일로 - 기타,승합,남,48세,상해없음,보행자,남,78세,중상
8506,2018110800100597,2018년 11월 8일 19시,목요일,서울특별시 송파구 문정동,경상사고,0,0,1,0,차대사람 - 횡단중,안전운전불이행,포장 - 젖음/습기,비,교차로 - 교차로부근,승용,여,48세,상해없음,보행자,여,20세,경상
8507,2018110800100599,2018년 11월 8일 19시,목요일,서울특별시 구로구 구로동,경상사고,0,0,1,0,차대사람 - 횡단중,보행자보호의무위반,포장 - 젖음/습기,비,교차로 - 교차로횡단보도내,승용,남,28세,상해없음,보행자,여,26세,경상
8508,2018110800100600,2018년 11월 8일 19시,목요일,서울특별시 서초구 잠원동,경상사고,0,0,1,0,차대사람 - 횡단중,보행자보호의무위반,포장 - 젖음/습기,비,기타 - 기타,승용,남,58세,상해없음,보행자,여,42세,경상
8509,2018110800100603,2018년 11월 8일 19시,목요일,서울특별시 양천구 목동,경상사고,0,0,1,0,차대사람 - 횡단중,신호위반,포장 - 젖음/습기,비,교차로 - 교차로횡단보도내,승용,여,55세,상해없음,보행자,여,62세,경상
8510,2018110800100605,2018년 11월 8일 19시,목요일,서울특별시 노원구 하계동,중상사고,0,1,1,0,차대사람 - 횡단중,보행자보호의무위반,포장 - 젖음/습기,맑음,교차로 - 교차로횡단보도내,승합,남,67세,상해없음,보행자,여,22세,중상
8511,2018110800100675,2018년 11월 8일 20시,목요일,서울특별시 광진구 화양동,중상사고,0,1,0,0,차대사람 - 횡단중,안전운전불이행,포장 - 젖음/습기,비,단일로 - 기타,이륜,남,48세,상해없음,보행자,여,47세,중상
8512,2018110800100676,2018년 11월 8일 20시,목요일,서울특별시 영등포구 신길동,중상사고,0,1,0,0,차대사람 - 횡단중,안전운전불이행,포장 - 젖음/습기,비,교차로 - 교차로부근,승합,남,40세,상해없음,보행자,남,57세,중상
8513,2018110800100677,2018년 11월 8일 20시,목요일,서울특별시 금천구 독산동,중상사고,0,1,0,0,차대사람 - 기타,안전운전불이행,포장 - 젖음/습기,비,단일로 - 기타,승용,남,73세,상해없음,보행자,남,55세,중상
8514,2018110800100679,2018년 11월 8일 20시,목요일,서울특별시 강남구 논현동,중상사고,0,1,0,0,차대사람 - 횡단중,안전운전불이행,포장 - 젖음/습기,비,교차로 - 교차로횡단보도내,이륜,남,54세,상해없음,보행자,여,64세,중상
8515,2018110800100735,2018년 11월 8일 21시,목요일,서울특별시 은평구 응암동,중상사고,0,1,0,0,차대사람 - 횡단중,신호위반,포장 - 젖음/습기,비,단일로 - 기타,승용,여,37세,상해없음,보행자,여,50세,중상
8516,2018110800100741,2018년 11월 8일 21시,목요일,서울특별시 강서구 등촌동,경상사고,0,0,1,0,차대사람 - 횡단중,보행자보호의무위반,포장 - 젖음/습기,비,교차로 - 교차로횡단보도내,승용,남,36세,상해없음,보행자,남,26세,경상
8517,2018110800100783,2018년 11월 8일 22시,목요일,서울특별시 성동구 하왕십리동,중상사고,0,2,0,0,차대사람 - 횡단중,신호위반,포장 - 젖음/습기,비,단일로 - 기타,승용,남,27세,상해없음,보행자,여,21세,중상
8518,2018110800100784,2018년 11월 8일 22시,목요일,서울특별시 중랑구 상봉동,중상사고,0,2,0,1,차대사람 - 횡단중,신호위반,포장 - 젖음/습기,비,교차로 - 교차로횡단보도내,이륜,남,17세,부상신고,보행자,여,25세,중상
8519,2018110800100786,2018년 11월 8일 22시,목요일,서울특별시 강서구 마곡동,경상사고,0,0,1,0,차대사람 - 보도통행중,안전운전불이행,포장 - 젖음/습기,비,단일로 - 기타,승용,남,58세,상해없음,보행자,남,27세,경상
8520,2018110800100787,2018년 11월 8일 22시,목요일,서울특별시 노원구 상계동,중상사고,0,1,0,0,차대사람 - 기타,보행자보호의무위반,포장 - 젖음/습기,비,단일로 - 기타,승용,남,45세,상해없음,보행자,여,62세,중상
8521,2018110800100837,2018년 11월 8일 23시,목요일,서울특별시 성북구 안암동5가,부상신고사고,0,0,0,1,차대사람 - 횡단중,안전운전불이행,포장 - 젖음/습기,비,단일로 - 기타,기타불명,기타불명,미분류,기타불명,보행자,남,19세,부상신고
8522,2018110800100843,2018년 11월 8일 23시,목요일,서울특별시 강남구 신사동,경상사고,0,0,1,0,차대사람 - 기타,기타,포장 - 기타,맑음,단일로 - 기타,승용,남,68세,상해없음,보행자,남,43세,경상
8523,2018110800100846,2018년 11월 8일 23시,목요일,서울특별시 구로구 구로동,중상사고,0,1,0,0,차대사람 - 횡단중,신호위반,포장 - 젖음/습기,비,교차로 - 교차로부근,승용,여,52세,상해없음,보행자,여,51세,중상
8524,2018110900100005,2018년 11월 9일 00시,금요일,서울특별시 송파구 신천동,중상사고,0,1,0,0,차대사람 - 횡단중,안전운전불이행,포장 - 젖음/습기,비,단일로 - 기타,승용,남,58세,상해없음,보행자,남,34세,중상
8525,2018110900100021,2018년 11월 9일 01시,금요일,서울특별시 종로구 숭인동,경상사고,0,0,1,0,차대사람 - 보도통행중,중앙선침범,포장 - 건조,맑음,단일로 - 기타,승용,남,32세,상해없음,보행자,여,56세,경상
8526,2018110900100037,2018년 11월 9일 02시,금요일,서울특별시 서대문구 북가좌동,부상신고사고,0,0,0,1,차대사람 - 기타,안전운전불이행,포장 - 건조,맑음,단일로 - 기타,승용,남,34세,상해없음,보행자,남,43세,부상신고
8527,2018110900100067,2018년 11월 9일 06시,금요일,서울특별시 양천구 신정동,경상사고,0,0,1,0,차대사람 - 보도통행중,보행자보호의무위반,포장 - 젖음/습기,흐림,교차로 - 교차로부근,화물,남,28세,상해없음,보행자,여,67세,경상
8528,2018110900100094,2018년 11월 9일 07시,금요일,서울특별시 중구 남대문로5가,중상사고,0,1,0,0,차대사람 - 차도통행중,안전운전불이행,포장 - 건조,맑음,단일로 - 기타,승용,남,51세,상해없음,보행자,여,21세,중상
8529,2018110900100095,2018년 11월 9일 07시,금요일,서울특별시 동대문구 장안동,경상사고,0,0,1,0,차대사람 - 기타,안전운전불이행,포장 - 건조,맑음,교차로 - 교차로횡단보도내,기타불명,기타불명,미분류,기타불명,보행자,여,18세,경상
8530,2018110900100096,2018년 11월 9일 07시,금요일,서울특별시 동작구 노량진동,경상사고,0,0,1,0,차대사람 - 기타,안전운전불이행,포장 - 건조,맑음,단일로 - 기타,승용,여,45세,상해없음,보행자,남,25세,경상