,사고번호,사고일시,요일,시군구,사고내용,사망자수,중상자수,경상자수,부상신고자수,사고유형,법규위반,노면상태,기상상태,도로형태,가해운전자 차종,가해운전자 성별,가해운전자 연령,가해운전자 상해정도,피해운전자 차종,피해운전자 성별,피해운전자 연령,피해운전자 상해정도
8531,2018110900100121,2018년 11월 9일 08시,금요일,서울특별시 서대문구 남가좌동,경상사고,0,0,1,0,차대사람 - 횡단중,안전운전불이행,포장 - 건조,맑음,단일로 - 기타,이륜,남,36세,상해없음,보행자,여,30세,경상
8532,2018110900100123,2018년 11월 9일 08시,금요일,서울특별시 용산구 청파동2가,부상신고사고,0,0,0,1,차대사람 - 기타,안전운전불이행,포장 - 건조,맑음,단일로 - 기타,승용,남,64세,상해없음,보행자,여,14세,부상신고
8533,2018110900100124,2018년 11월 9일 08시,금요일,서울특별시 영등포구 신길동,중상사고,0,1,0,0,차대사람 - 횡단중,안전운전불이행,포장 - 젖음/습기,맑음,단일로 - 기타,승용,여,63세,상해없음,보행자,여,20세,중상
8534,2018110900100178,2018년 11월 9일 09시,금요일,서울특별시 강남구 역삼동,경상사고,0,0,1,0,차대사람 - 기타,안전운전불이행,포장 - 건조,맑음,기타 - 기타,승용,남,47세,상해없음,보행자,남,38세,경상
8535,2018110900100208,2018년 11월 9일 10시,금요일,서울특별시 영등포구 신길동,중상사고,0,1,0,0,차대사람 - 기타,안전운전불이행,포장 - 건조,맑음,기타 - 기타,승용,남,58세,상해없음,보행자,여,80세,중상
8536,2018110900100277,2018년 11월 9일 12시,금요일,서울특별시 강동구 둔촌동,경상사고,0,0,1,0,차대사람 - 횡단중,보행자보호의무위반,포장 - 건조,맑음,교차로 - 교차로안,승용,여,60세,상해없음,보행자,남,64세,경상
8537,2018110900100279,2018년 11월 9일 12시,금요일,서울특별시 서초구 양재동,부상신고사고,0,0,0,1,차대사람 - 보도통행중,안전운전불이행,포장 - 건조,맑음,기타 - 기타,기타불명,기타불명,미분류,기타불명,보행자,여,31세,부상신고
8538,2018110900100309,2018년 11월 9일 13시,금요일,서울특별시 중구 명동1가,부상신고사고,0,0,0,1,차대사람 - 기타,안전운전불이행,포장 - 건조,맑음,단일로 - 기타,승용,남,55세,상해없음,보행자,여,72세,부상신고
8539,2018110900100310,2018년 11월 9일 13시,금요일,서울특별시 광진구 중곡동,중상사고,0,1,0,0,차대사람 - 횡단중,안전운전불이행,포장 - 건조,맑음,교차로 - 교차로부근,승용,여,59세,상해없음,보행자,남,77세,중상
8540,2018110900100338,2018년 11월 9일 14시,금요일,서울특별시 강남구 역삼동,경상사고,0,0,1,0,차대사람 - 기타,안전운전불이행,포장 - 건조,맑음,단일로 - 기타,승용,여,44세,상해없음,보행자,남,33세,경상
8541,2018110900100365,2018년 11월 9일 15시,금요일,서울특별시 광진구 자양동,부상신고사고,0,0,0,1,차대사람 - 기타,안전운전불이행,포장 - 건조,맑음,단일로 - 기타,이륜,남,28세,부상신고,보행자,남,29세,상해없음
8542,2018110900100457,2018년 11월 9일 17시,금요일,서울특별시 성동구 용답동,중상사고,0,1,0,0,차대사람 - 기타,안전운전불이행,포장 - 건조,맑음,단일로 - 기타,화물,남,71세,상해없음,보행자,남,63세,중상
8543,2018110900100460,2018년 11월 9일 17시,금요일,서울특별시 강동구 성내동,경상사고,0,0,1,0,차대사람 - 기타,안전운전불이행,포장 - 건조,맑음,교차로 - 교차로횡단보도내,승용,남,81세,상해없음,보행자,남,70세,경상
8544,2018110900100461,2018년 11월 9일 17시,금요일,서울특별시 성북구 하월곡동,중상사고,0,1,0,0,차대사람 - 기타,안전운전불이행,포장 - 건조,맑음,단일로 - 기타,자전거,남,52세,상해없음,보행자,여,50세,중상
8545,2018110900100512,2018년 11월 9일 18시,금요일,서울특별시 강남구 역삼동,부상신고사고,0,0,0,1,차대사람 - 길가장자리구역통행중,안전운전불이행,포장 - 건조,맑음,기타 - 기타,기타불명,기타불명,미분류,기타불명,보행자,남,1세,부상신고
8546,2018110900100572,2018년 11월 9일 19시,금요일,서울특별시 중구 광희동2가,중상사고,0,1,0,0,차대사람 - 횡단중,안전운전불이행,포장 - 건조,맑음,교차로 - 교차로부근,화물,남,54세,상해없음,보행자,남,59세,중상
8547,2018110900100586,2018년 11월 9일 19시,금요일,서울특별시 강남구 개포동,중상사고,0,1,0,0,차대사람 - 횡단중,보행자보호의무위반,포장 - 건조,맑음,단일로 - 기타,승용,남,26세,상해없음,보행자,남,48세,중상
8548,2018110900100587,2018년 11월 9일 19시,금요일,서울특별시 강남구 역삼동,부상신고사고,0,0,0,1,차대사람 - 기타,안전운전불이행,포장 - 건조,맑음,단일로 - 기타,승용,여,23세,상해없음,보행자,남,33세,부상신고
8549,2018110900100639,2018년 11월 9일 20시,금요일,서울특별시 서초구 서초동,중상사고,0,1,0,0,차대사람 - 차도통행중,안전운전불이행,포장 - 건조,맑음,단일로 - 기타,승용,남,72세,상해없음,보행자,여,3세,중상
8550,2018110900100697,2018년 11월 9일 22시,금요일,서울특별시 강동구 암사동,경상사고,0,0,1,0,차대사람 - 기타,안전운전불이행,포장 - 건조,맑음,교차로 - 교차로안,승용,남,26세,상해없음,보행자,남,45세,경상
8551,2018110900100722,2018년 11월 9일 23시,금요일,서울특별시 서초구 잠원동,경상사고,0,0,1,0,차대사람 - 기타,안전운전불이행,포장 - 건조,맑음,교차로 - 교차로부근,승용,남,31세,상해없음,보행자,남,45세,경상
8552,2018111000100022,2018년 11월 10일 01시,토요일,서울특별시 광진구 화양동,경상사고,0,0,1,0,차대사람 - 기타,안전운전불이행,포장 - 건조,흐림,단일로 - 기타,기타불명,기타불명,미분류,기타불명,보행자,남,24세,경상
8553,2018111000100033,2018년 11월 10일 02시,토요일,서울특별시 송파구 방이동,중상사고,0,1,0,0,차대사람 - 기타,직진우회전진행방해,포장 - 건조,맑음,교차로 - 교차로부근,승용,남,37세,상해없음,보행자,여,22세,중상
8554,2018111000100061,2018년 11월 10일 04시,토요일,서울특별시 양천구 신월동,부상신고사고,0,0,0,1,차대사람 - 기타,안전운전불이행,포장 - 건조,맑음,단일로 - 기타,승용,남,65세,상해없음,보행자,남,58세,부상신고
8555,2018111000100080,2018년 11월 10일 05시,토요일,서울특별시 중구 황학동,경상사고,0,0,1,0,차대사람 - 차도통행중,안전운전불이행,포장 - 건조,흐림,교차로 - 교차로부근,화물,남,59세,상해없음,보행자,여,79세,경상
8556,2018111000100081,2018년 11월 10일 05시,토요일,서울특별시 강북구 미아동,경상사고,0,0,1,0,차대사람 - 횡단중,안전운전불이행,포장 - 건조,맑음,단일로 - 기타,승용,남,68세,상해없음,보행자,남,31세,경상
8557,2018111000100119,2018년 11월 10일 07시,토요일,서울특별시 중랑구 상봉동,중상사고,0,1,0,0,차대사람 - 횡단중,보행자보호의무위반,포장 - 건조,맑음,교차로 - 교차로횡단보도내,승용,남,63세,상해없음,보행자,여,72세,중상
8558,2018111000100153,2018년 11월 10일 09시,토요일,서울특별시 강서구 화곡동,경상사고,0,0,1,0,차대사람 - 기타,안전운전불이행,포장 - 건조,맑음,단일로 - 기타,승용,여,38세,상해없음,보행자,남,57세,경상
8559,2018111000100154,2018년 11월 10일 09시,토요일,서울특별시 양천구 신월동,경상사고,0,0,1,0,차대사람 - 횡단중,안전운전불이행,포장 - 건조,맑음,교차로 - 교차로안,승용,남,44세,상해없음,보행자,여,20세,경상
8560,2018111000100182,2018년 11월 10일 10시,토요일,서울특별시 금천구 가산동,경상사고,0,0,1,0,차대사람 - 기타,안전운전불이행,포장 - 건조,기타,단일로 - 기타,기타불명,기타불명,미분류,기타불명,보행자,여,25세,경상
8561,2018111000100183,2018년 11월 10일 10시,토요일,서울특별시 구로구 오류동,경상사고,0,0,1,0,차대사람 - 횡단중,안전운전불이행,포장 - 건조,맑음,단일로 - 기타,승용,여,54세,상해없음,보행자,여,63세,경상
8562,2018111000100246,2018년 11월 10일 12시,토요일,서울특별시 광진구 중곡동,중상사고,0,1,0,0,차대사람 - 횡단중,신호위반,포장 - 건조,맑음,교차로 - 교차로횡단보도내,이륜,남,39세,상해없음,보행자,남,11세,중상
8563,2018111000100249,2018년 11월 10일 12시,토요일,서울특별시 서초구 서초동,경상사고,0,0,1,0,차대사람 - 기타,안전운전불이행,포장 - 건조,맑음,단일로 - 기타,승용,남,54세,상해없음,보행자,여,23세,경상
8564,2018111000100251,2018년 11월 10일 12시,토요일,서울특별시 도봉구 방학동,경상사고,0,0,1,0,차대사람 - 횡단중,보행자보호의무위반,포장 - 건조,맑음,단일로 - 기타,승용,남,42세,상해없음,보행자,남,11세,경상
8565,2018111000100283,2018년 11월 10일 13시,토요일,서울특별시 종로구 동숭동,경상사고,0,0,1,0,차대사람 - 기타,안전운전불이행,포장 - 건조,맑음,단일로 - 기타,승용,남,59세,상해없음,보행자,남,26세,경상
8566,2018111000100333,2018년 11월 10일 14시,토요일,서울특별시 영등포구 대림동,경상사고,0,0,1,0,차대사람 - 횡단중,신호위반,포장 - 건조,맑음,교차로 - 교차로안,승합,남,58세,상해없음,보행자,여,59세,경상
8567,2018111000100373,2018년 11월 10일 15시,토요일,서울특별시 서대문구 북가좌동,경상사고,0,0,1,0,차대사람 - 횡단중,보행자보호의무위반,포장 - 건조,맑음,단일로 - 기타,승용,남,38세,상해없음,보행자,남,73세,경상
8568,2018111000100377,2018년 11월 10일 15시,토요일,서울특별시 마포구 합정동,경상사고,0,0,1,0,차대사람 - 보도통행중,보행자보호의무위반,포장 - 건조,맑음,교차로 - 교차로횡단보도내,승용,남,27세,상해없음,보행자,남,34세,경상
8569,2018111000100461,2018년 11월 10일 17시,토요일,서울특별시 강북구 번동,중상사고,0,1,0,0,차대사람 - 기타,안전운전불이행,포장 - 건조,맑음,교차로 - 교차로부근,승합,남,53세,상해없음,보행자,여,73세,중상
8570,2018111000100464,2018년 11월 10일 17시,토요일,서울특별시 관악구 봉천동,경상사고,0,0,1,0,차대사람 - 기타,안전운전불이행,포장 - 건조,맑음,교차로 - 교차로안,이륜,남,34세,상해없음,보행자,여,52세,경상
8571,2018111000100467,2018년 11월 10일 17시,토요일,서울특별시 강동구 길동,부상신고사고,0,0,0,1,차대사람 - 기타,안전운전불이행,포장 - 건조,맑음,단일로 - 기타,기타불명,기타불명,미분류,기타불명,보행자,여,10세,부상신고
8572,2018111000100514,2018년 11월 10일 18시,토요일,서울특별시 강서구 화곡동,경상사고,0,0,1,0,차대사람 - 기타,안전운전불이행,포장 - 건조,맑음,단일로 - 기타,승용,여,48세,상해없음,보행자,남,55세,경상
8573,2018111000100515,2018년 11월 10일 18시,토요일,서울특별시 송파구 문정동,중상사고,0,1,0,0,차대사람 - 기타,안전운전불이행,포장 - 건조,맑음,단일로 - 기타,승용,여,39세,상해없음,보행자,남,80세,중상
8574,2018111000100566,2018년 11월 10일 19시,토요일,서울특별시 중랑구 망우동,중상사고,0,1,0,0,차대사람 - 기타,안전운전불이행,포장 - 건조,맑음,단일로 - 기타,승용,남,43세,상해없음,보행자,남,58세,중상
8575,2018111000100599,2018년 11월 10일 20시,토요일,서울특별시 송파구 마천동,경상사고,0,0,1,0,차대사람 - 기타,기타,포장 - 건조,맑음,단일로 - 기타,자전거,남,53세,상해없음,보행자,여,58세,경상
8576,2018111000100603,2018년 11월 10일 20시,토요일,서울특별시 도봉구 창동,경상사고,0,0,1,0,차대사람 - 기타,기타,포장 - 건조,맑음,단일로 - 기타,승용,여,74세,상해없음,보행자,여,39세,경상
8577,2018111000100628,2018년 11월 10일 21시,토요일,서울특별시 노원구 상계동,부상신고사고,0,0,0,1,차대사람 - 기타,안전운전불이행,포장 - 건조,맑음,단일로 - 기타,승용,여,27세,상해없음,보행자,남,45세,부상신고
8578,2018111000100629,2018년 11월 10일 21시,토요일,서울특별시 서초구 방배동,경상사고,0,0,1,0,차대사람 - 횡단중,보행자보호의무위반,포장 - 건조,맑음,교차로 - 교차로횡단보도내,승용,남,54세,상해없음,보행자,여,52세,경상
8579,2018111100100001,2018년 11월 11일 00시,일요일,서울특별시 종로구 창신동,중상사고,0,1,0,0,차대사람 - 횡단중,안전운전불이행,포장 - 건조,맑음,단일로 - 기타,승용,남,32세,상해없음,보행자,여,48세,중상
8580,2018111100100025,2018년 11월 11일 02시,일요일,서울특별시 동대문구 답십리동,경상사고,0,0,1,0,차대사람 - 횡단중,안전운전불이행,포장 - 건조,맑음,단일로 - 기타,이륜,남,16세,상해없음,보행자,남,51세,경상
8581,2018111100100047,2018년 11월 11일 04시,일요일,서울특별시 영등포구 영등포동3가,경상사고,0,0,1,0,차대사람 - 길가장자리구역통행중,안전운전불이행,포장 - 건조,맑음,기타 - 기타,승용,남,63세,상해없음,보행자,여,25세,경상
8582,2018111100100058,2018년 11월 11일 05시,일요일,서울특별시 용산구 이태원동,경상사고,0,0,1,0,차대사람 - 보도통행중,기타,포장 - 건조,맑음,단일로 - 기타,승용,여,32세,상해없음,보행자,남,47세,경상
8583,2018111100100090,2018년 11월 11일 08시,일요일,서울특별시 서초구 잠원동,중상사고,0,1,0,0,차대사람 - 기타,기타,포장 - 건조,맑음,교차로 - 교차로부근,승합,남,55세,상해없음,보행자,여,65세,중상
8584,2018111100100135,2018년 11월 11일 11시,일요일,서울특별시 동대문구 이문동,경상사고,0,0,1,0,차대사람 - 기타,안전운전불이행,포장 - 건조,맑음,단일로 - 기타,승용,남,53세,상해없음,보행자,여,24세,경상
8585,2018111100100151,2018년 11월 11일 12시,일요일,서울특별시 서초구 잠원동,중상사고,0,1,0,0,차대사람 - 기타,안전운전불이행,포장 - 건조,맑음,단일로 - 기타,승용,남,58세,상해없음,보행자,남,49세,중상
8586,2018111100100169,2018년 11월 11일 13시,일요일,서울특별시 마포구 서교동,중상사고,0,1,0,0,차대사람 - 횡단중,안전운전불이행,포장 - 건조,맑음,단일로 - 기타,자전거,남,15세,상해없음,보행자,여,79세,중상
8587,2018111100100170,2018년 11월 11일 13시,일요일,서울특별시 영등포구 도림동,경상사고,0,0,1,0,차대사람 - 횡단중,보행자보호의무위반,포장 - 건조,맑음,교차로 - 교차로횡단보도내,승용,남,53세,상해없음,보행자,남,10세,경상
8588,2018111100100197,2018년 11월 11일 14시,일요일,서울특별시 성북구 하월곡동,경상사고,0,0,1,0,차대사람 - 횡단중,보행자보호의무위반,포장 - 건조,맑음,교차로 - 교차로횡단보도내,승용,남,43세,상해없음,보행자,남,79세,경상
8589,2018111100100331,2018년 11월 11일 18시,일요일,서울특별시 성북구 동선동1가,경상사고,0,0,1,0,차대사람 - 기타,안전운전불이행,포장 - 건조,맑음,단일로 - 기타,승용,남,34세,상해없음,보행자,여,15세,경상
8590,2018111100100411,2018년 11월 11일 20시,일요일,서울특별시 성북구 정릉동,경상사고,0,0,1,0,차대사람 - 횡단중,신호위반,포장 - 건조,맑음,단일로 - 기타,승합,남,64세,상해없음,보행자,여,34세,경상
8591,2018111100100457,2018년 11월 11일 22시,일요일,서울특별시 성북구 장위동,경상사고,0,0,1,0,차대사람 - 차도통행중,기타,포장 - 건조,맑음,단일로 - 기타,승용,남,56세,상해없음,보행자,여,56세,경상
8592,2018111100100480,2018년 11월 11일 23시,일요일,서울특별시 마포구 서교동,부상신고사고,0,0,0,1,차대사람 - 기타,안전운전불이행,포장 - 건조,맑음,단일로 - 기타,승용,남,24세,상해없음,보행자,여,20세,부상신고
8593,2018111200100064,2018년 11월 12일 07시,월요일,서울특별시 금천구 독산동,중상사고,0,1,0,0,차대사람 - 횡단중,안전운전불이행,포장 - 건조,맑음,단일로 - 기타,화물,남,53세,상해없음,보행자,여,79세,중상
8594,2018111200100089,2018년 11월 12일 08시,월요일,서울특별시 중랑구 상봉동,중상사고,0,1,0,0,차대사람 - 기타,안전운전불이행,포장 - 건조,맑음,기타 - 기타,승용,여,33세,상해없음,보행자,여,66세,중상
8595,2018111200100143,2018년 11월 12일 09시,월요일,서울특별시 강남구 대치동,경상사고,0,0,1,0,차대사람 - 길가장자리구역통행중,보행자보호의무위반,포장 - 건조,맑음,단일로 - 기타,승용,여,54세,기타불명,보행자,여,18세,경상
8596,2018111200100197,2018년 11월 12일 11시,월요일,서울특별시 도봉구 방학동,중상사고,0,1,0,0,차대사람 - 기타,기타,포장 - 기타,맑음,기타 - 기타,승용,여,53세,상해없음,보행자,여,39세,중상
8597,2018111200100257,2018년 11월 12일 13시,월요일,서울특별시 강북구 번동,경상사고,0,0,1,0,차대사람 - 길가장자리구역통행중,안전운전불이행,포장 - 건조,맑음,단일로 - 기타,승용,여,59세,상해없음,보행자,여,50세,경상
8598,2018111200100258,2018년 11월 12일 13시,월요일,서울특별시 성동구 성수동2가,경상사고,0,0,1,0,차대사람 - 기타,안전운전불이행,포장 - 건조,맑음,단일로 - 기타,화물,여,54세,상해없음,보행자,여,21세,경상
8599,2018111200100323,2018년 11월 12일 15시,월요일,서울특별시 서대문구 대현동,부상신고사고,0,0,0,1,차대사람 - 횡단중,안전운전불이행,포장 - 건조,맑음,단일로 - 기타,승용,남,50세,상해없음,보행자,여,21세,부상신고
8600,2018111200100325,2018년 11월 12일 15시,월요일,서울특별시 광진구 군자동,중상사고,0,1,0,0,차대사람 - 횡단중,신호위반,포장 - 건조,맑음,단일로 - 기타,승용,여,30세,상해없음,보행자,여,14세,중상
8601,2018111200100327,2018년 11월 12일 15시,월요일,서울특별시 동작구 사당동,중상사고,0,1,0,0,차대사람 - 기타,안전운전불이행,포장 - 건조,맑음,단일로 - 기타,승용,남,46세,상해없음,보행자,여,58세,중상
8602,2018111200100328,2018년 11월 12일 15시,월요일,서울특별시 중랑구 신내동,중상사고,0,1,0,0,차대사람 - 기타,안전운전불이행,포장 - 건조,기타,교차로 - 교차로횡단보도내,승합,남,49세,상해없음,보행자,남,11세,중상
8603,2018111200100329,2018년 11월 12일 15시,월요일,서울특별시 중랑구 상봉동,경상사고,0,0,1,0,차대사람 - 기타,안전운전불이행,포장 - 건조,맑음,단일로 - 기타,화물,남,43세,상해없음,보행자,남,34세,경상
8604,2018111200100330,2018년 11월 12일 15시,월요일,서울특별시 강서구 방화동,경상사고,0,0,1,0,차대사람 - 기타,교차로운행방법위반,포장 - 건조,맑음,교차로 - 교차로부근,승합,남,44세,상해없음,보행자,여,31세,경상
8605,2018111200100359,2018년 11월 12일 16시,월요일,서울특별시 서대문구 홍은동,부상신고사고,0,0,0,1,차대사람 - 기타,안전운전불이행,포장 - 건조,맑음,단일로 - 기타,기타불명,기타불명,미분류,기타불명,보행자,여,17세,부상신고
8606,2018111200100360,2018년 11월 12일 16시,월요일,서울특별시 금천구 시흥동,중상사고,0,1,0,0,차대사람 - 기타,안전운전불이행,포장 - 건조,맑음,교차로 - 교차로횡단보도내,승용,여,62세,상해없음,보행자,여,18세,중상
8607,2018111200100397,2018년 11월 12일 17시,월요일,서울특별시 동대문구 휘경동,중상사고,0,1,0,0,차대사람 - 차도통행중,안전운전불이행,포장 - 건조,맑음,단일로 - 기타,이륜,남,17세,상해없음,보행자,여,74세,중상
8608,2018111200100398,2018년 11월 12일 17시,월요일,서울특별시 동대문구 전농동,경상사고,0,0,1,0,차대사람 - 기타,안전운전불이행,포장 - 건조,맑음,단일로 - 기타,자전거,남,12세,상해없음,보행자,남,5세,경상
8609,2018111200100399,2018년 11월 12일 17시,월요일,서울특별시 마포구 합정동,중상사고,0,1,0,0,차대사람 - 횡단중,신호위반,포장 - 건조,맑음,교차로 - 교차로횡단보도내,화물,남,69세,상해없음,보행자,여,49세,중상
8610,2018111200100401,2018년 11월 12일 17시,월요일,서울특별시 강서구 화곡동,경상사고,0,0,1,0,차대사람 - 보도통행중,안전운전불이행,포장 - 건조,맑음,단일로 - 기타,승합,남,62세,상해없음,보행자,여,52세,경상
8611,2018111200100402,2018년 11월 12일 17시,월요일,서울특별시 송파구 송파동,중상사고,0,1,0,0,차대사람 - 길가장자리구역통행중,안전운전불이행,포장 - 건조,맑음,교차로 - 교차로안,승용,여,82세,상해없음,보행자,남,58세,중상
8612,2018111200100437,2018년 11월 12일 18시,월요일,서울특별시 용산구 한강로3가,중상사고,0,1,0,0,차대사람 - 횡단중,안전운전불이행,포장 - 건조,맑음,교차로 - 교차로안,원동기,남,63세,상해없음,보행자,여,76세,중상
8613,2018111200100496,2018년 11월 12일 19시,월요일,서울특별시 동대문구 답십리동,중상사고,0,1,0,0,차대사람 - 기타,안전운전불이행,포장 - 건조,맑음,교차로 - 교차로부근,승합,남,49세,상해없음,보행자,여,76세,중상
8614,2018111200100502,2018년 11월 12일 19시,월요일,서울특별시 노원구 월계동,중상사고,0,1,0,0,차대사람 - 기타,보행자보호의무위반,포장 - 건조,맑음,교차로 - 교차로부근,승용,남,73세,상해없음,보행자,여,66세,중상
8615,2018111200100540,2018년 11월 12일 20시,월요일,서울특별시 송파구 신천동,중상사고,0,1,0,0,차대사람 - 횡단중,보행자보호의무위반,포장 - 건조,맑음,단일로 - 기타,승용,남,54세,상해없음,보행자,여,26세,중상
8616,2018111200100590,2018년 11월 12일 22시,월요일,서울특별시 동대문구 용두동,중상사고,0,1,0,0,차대사람 - 횡단중,보행자보호의무위반,포장 - 건조,맑음,교차로 - 교차로부근,승용,남,33세,상해없음,보행자,여,19세,중상
8617,2018111200100591,2018년 11월 12일 22시,월요일,서울특별시 강남구 신사동,경상사고,0,0,2,0,차대사람 - 기타,안전운전불이행,포장 - 기타,맑음,기타 - 기타,승용,남,37세,상해없음,보행자,남,31세,경상
8618,2018111300100003,2018년 11월 13일 00시,화요일,서울특별시 성동구 성수동2가,중상사고,0,2,0,0,차대사람 - 기타,안전운전불이행,포장 - 기타,맑음,교차로 - 교차로안,승용,남,68세,상해없음,보행자,남,36세,중상
8619,2018111300100048,2018년 11월 13일 06시,화요일,서울특별시 서대문구 홍은동,경상사고,0,0,1,0,차대사람 - 길가장자리구역통행중,안전운전불이행,포장 - 건조,맑음,단일로 - 기타,승용,남,44세,상해없음,보행자,여,32세,경상
8620,2018111300100049,2018년 11월 13일 06시,화요일,서울특별시 금천구 독산동,중상사고,0,1,0,0,차대사람 - 횡단중,안전운전불이행,포장 - 건조,맑음,단일로 - 기타,승용,남,41세,상해없음,보행자,남,75세,중상
8621,2018111300100050,2018년 11월 13일 06시,화요일,서울특별시 성동구 행당동,중상사고,0,1,0,0,차대사람 - 횡단중,안전운전불이행,포장 - 건조,맑음,단일로 - 기타,승용,남,63세,상해없음,보행자,남,27세,중상
8622,2018111300100074,2018년 11월 13일 07시,화요일,서울특별시 은평구 역촌동,중상사고,0,1,0,0,차대사람 - 횡단중,보행자보호의무위반,포장 - 건조,맑음,교차로 - 교차로횡단보도내,화물,남,38세,상해없음,보행자,여,65세,중상
8623,2018111300100104,2018년 11월 13일 08시,화요일,서울특별시 강서구 염창동,경상사고,0,0,1,0,차대사람 - 횡단중,안전운전불이행,포장 - 건조,맑음,단일로 - 기타,승합,남,45세,상해없음,보행자,남,36세,경상
8624,2018111300100106,2018년 11월 13일 08시,화요일,서울특별시 서초구 양재동,경상사고,0,0,1,0,차대사람 - 횡단중,안전운전불이행,포장 - 건조,맑음,교차로 - 교차로안,승용,여,56세,상해없음,보행자,남,17세,경상
8625,2018111300100214,2018년 11월 13일 11시,화요일,서울특별시 영등포구 양평동4가,경상사고,0,0,1,0,차대사람 - 길가장자리구역통행중,안전운전불이행,포장 - 건조,맑음,단일로 - 기타,승용,남,50세,상해없음,보행자,여,41세,경상
8626,2018111300100217,2018년 11월 13일 11시,화요일,서울특별시 강동구 천호동,중상사고,0,1,0,0,차대사람 - 보도통행중,보행자보호의무위반,포장 - 건조,맑음,교차로 - 교차로횡단보도내,승용,여,35세,상해없음,보행자,여,62세,중상
8627,2018111300100250,2018년 11월 13일 12시,화요일,서울특별시 동작구 상도동,중상사고,0,1,0,0,차대사람 - 횡단중,안전운전불이행,포장 - 건조,맑음,교차로 - 교차로부근,승합,여,40세,상해없음,보행자,여,80세,중상
8628,2018111300100251,2018년 11월 13일 12시,화요일,서울특별시 관악구 신림동,경상사고,0,0,1,0,차대사람 - 차도통행중,안전운전불이행,포장 - 건조,맑음,교차로 - 교차로안,승용,남,43세,상해없음,보행자,남,90세 이상,경상
8629,2018111300100278,2018년 11월 13일 13시,화요일,서울특별시 광진구 중곡동,중상사고,0,1,0,0,차대사람 - 횡단중,안전운전불이행,포장 - 건조,맑음,단일로 - 기타,승합,남,55세,상해없음,보행자,여,70세,중상
8630,2018111300100283,2018년 11월 13일 13시,화요일,서울특별시 서초구 서초동,경상사고,0,0,1,0,차대사람 - 횡단중,보행자보호의무위반,포장 - 건조,맑음,교차로 - 교차로횡단보도내,승용,남,43세,상해없음,보행자,남,19세,경상
8631,2018111300100309,2018년 11월 13일 14시,화요일,서울특별시 관악구 봉천동,경상사고,0,0,1,0,차대사람 - 길가장자리구역통행중,안전운전불이행,포장 - 건조,맑음,단일로 - 기타,승용,남,65세,상해없음,보행자,남,33세,경상
8632,2018111300100339,2018년 11월 13일 15시,화요일,서울특별시 영등포구 양평동3가,경상사고,0,0,1,0,차대사람 - 기타,신호위반,포장 - 건조,맑음,단일로 - 기타,승용,여,54세,상해없음,보행자,여,54세,경상
8633,2018111300100342,2018년 11월 13일 15시,화요일,서울특별시 성북구 장위동,중상사고,0,1,0,0,차대사람 - 기타,안전운전불이행,포장 - 건조,맑음,기타 - 기타,승용,남,73세,상해없음,보행자,남,62세,중상
8634,2018111300100373,2018년 11월 13일 16시,화요일,서울특별시 종로구 와룡동,중상사고,0,1,0,0,차대사람 - 횡단중,신호위반,포장 - 건조,맑음,단일로 - 기타,승합,남,54세,상해없음,보행자,남,29세,중상
8635,2018111300100380,2018년 11월 13일 16시,화요일,서울특별시 노원구 상계동,경상사고,0,0,1,0,차대사람 - 기타,보행자보호의무위반,포장 - 건조,맑음,기타 - 기타,승용,남,81세,상해없음,보행자,여,47세,경상
8636,2018111300100413,2018년 11월 13일 17시,화요일,서울특별시 동대문구 이문동,중상사고,0,1,0,0,차대사람 - 횡단중,안전운전불이행,포장 - 건조,흐림,단일로 - 기타,승용,남,42세,상해없음,보행자,여,25세,중상
8637,2018111300100414,2018년 11월 13일 17시,화요일,서울특별시 영등포구 도림동,중상사고,0,1,0,0,차대사람 - 기타,안전운전불이행,포장 - 건조,맑음,기타 - 기타,화물,남,67세,상해없음,보행자,남,69세,중상
8638,2018111300100417,2018년 11월 13일 17시,화요일,서울특별시 구로구 구로동,경상사고,0,0,1,0,차대사람 - 횡단중,안전운전불이행,포장 - 건조,맑음,단일로 - 기타,승용,여,34세,상해없음,보행자,여,76세,경상
8639,2018111300100418,2018년 11월 13일 17시,화요일,서울특별시 양천구 목동,경상사고,0,0,1,0,차대사람 - 횡단중,안전운전불이행,포장 - 건조,맑음,교차로 - 교차로부근,승용,남,75세,상해없음,보행자,여,29세,경상
8640,2018111300100451,2018년 11월 13일 18시,화요일,서울특별시 동대문구 전농동,경상사고,0,0,1,0,차대사람 - 횡단중,보행자보호의무위반,포장 - 건조,맑음,교차로 - 교차로횡단보도내,승용,남,63세,상해없음,보행자,여,61세,경상
8641,2018111300100506,2018년 11월 13일 19시,화요일,서울특별시 성북구 정릉동,경상사고,0,0,1,0,차대사람 - 횡단중,안전운전불이행,포장 - 건조,맑음,교차로 - 교차로부근,승용,남,64세,상해없음,보행자,남,76세,경상