,사고번호,사고일시,요일,시군구,사고내용,사망자수,중상자수,경상자수,부상신고자수,사고유형,법규위반,노면상태,기상상태,도로형태,가해운전자 차종,가해운전자 성별,가해운전자 연령,가해운전자 상해정도,피해운전자 차종,피해운전자 성별,피해운전자 연령,피해운전자 상해정도
8754,2018111700100581,2018년 11월 17일 20시,토요일,서울특별시 금천구 독산동,중상사고,0,2,0,0,차대사람 - 횡단중,안전운전불이행,포장 - 건조,맑음,단일로 - 기타,승용,여,63세,상해없음,보행자,여,49세,중상
8755,2018111700100607,2018년 11월 17일 21시,토요일,서울특별시 영등포구 여의도동,중상사고,0,1,0,0,차대사람 - 횡단중,안전운전불이행,포장 - 건조,맑음,교차로 - 교차로부근,승용,남,33세,상해없음,보행자,남,16세,중상
8756,2018111700100633,2018년 11월 17일 22시,토요일,서울특별시 강북구 수유동,부상신고사고,0,0,0,1,차대사람 - 기타,기타,포장 - 건조,맑음,단일로 - 기타,승용,여,61세,상해없음,보행자,여,59세,부상신고
8757,2018111700100635,2018년 11월 17일 22시,토요일,서울특별시 동작구 노량진동,중상사고,0,1,0,0,차대사람 - 기타,안전운전불이행,포장 - 건조,맑음,교차로 - 교차로부근,승용,남,22세,상해없음,보행자,여,48세,중상
8758,2018111800100089,2018년 11월 18일 09시,일요일,서울특별시 강북구 번동,중상사고,0,1,0,0,차대사람 - 횡단중,안전운전불이행,포장 - 건조,맑음,단일로 - 기타,화물,남,63세,상해없음,보행자,여,69세,중상
8759,2018111800100113,2018년 11월 18일 11시,일요일,서울특별시 영등포구 신길동,중상사고,0,2,1,0,차대사람 - 기타,안전운전불이행,포장 - 건조,맑음,교차로 - 교차로안,승용,남,45세,경상,보행자,여,65세,중상
8760,2018111800100114,2018년 11월 18일 11시,일요일,서울특별시 성북구 하월곡동,경상사고,0,0,1,0,차대사람 - 기타,안전운전불이행,포장 - 건조,맑음,교차로 - 교차로부근,승용,남,48세,상해없음,보행자,남,61세,경상
8761,2018111800100116,2018년 11월 18일 11시,일요일,서울특별시 은평구 불광동,중상사고,0,1,0,0,차대사람 - 기타,기타,포장 - 건조,맑음,단일로 - 기타,승합,남,52세,상해없음,보행자,여,87세,중상
8762,2018111800100130,2018년 11월 18일 12시,일요일,서울특별시 동대문구 신설동,중상사고,0,1,0,0,차대사람 - 기타,안전운전불이행,포장 - 건조,흐림,단일로 - 기타,승용,남,75세,상해없음,보행자,여,54세,중상
8763,2018111800100154,2018년 11월 18일 13시,일요일,서울특별시 종로구 사직동,경상사고,0,0,1,0,차대사람 - 보도통행중,기타,포장 - 건조,맑음,단일로 - 기타,승용,남,68세,상해없음,보행자,남,24세,경상
8764,2018111800100197,2018년 11월 18일 15시,일요일,서울특별시 동대문구 전농동,경상사고,0,0,1,0,차대사람 - 기타,안전운전불이행,포장 - 건조,맑음,단일로 - 기타,승합,남,26세,상해없음,보행자,여,71세,경상
8765,2018111800100200,2018년 11월 18일 15시,일요일,서울특별시 강동구 암사동,경상사고,0,0,1,0,차대사람 - 차도통행중,안전운전불이행,포장 - 건조,맑음,교차로 - 교차로부근,이륜,남,41세,상해없음,보행자,남,9세,경상
8766,2018111800100288,2018년 11월 18일 18시,일요일,서울특별시 서대문구 연희동,중상사고,0,1,0,0,차대사람 - 횡단중,신호위반,포장 - 건조,맑음,교차로 - 교차로횡단보도내,원동기,남,44세,상해없음,보행자,여,54세,중상
8767,2018111800100339,2018년 11월 18일 19시,일요일,서울특별시 금천구 시흥동,중상사고,0,1,0,0,차대사람 - 기타,안전운전불이행,포장 - 건조,맑음,단일로 - 기타,승합,남,64세,상해없음,보행자,남,48세,중상
8768,2018111800100343,2018년 11월 18일 19시,일요일,서울특별시 노원구 중계동,중상사고,0,1,0,0,차대사람 - 기타,안전운전불이행,포장 - 건조,맑음,기타 - 기타,승용,남,61세,상해없음,보행자,남,64세,중상
8769,2018111800100376,2018년 11월 18일 20시,일요일,서울특별시 광진구 화양동,경상사고,0,0,1,0,차대사람 - 횡단중,안전운전불이행,포장 - 건조,맑음,교차로 - 교차로부근,승용,남,22세,상해없음,보행자,여,25세,경상
8770,2018111800100378,2018년 11월 18일 20시,일요일,서울특별시 성동구 금호동3가,경상사고,0,0,1,0,차대사람 - 보도통행중,중앙선침범,포장 - 건조,맑음,단일로 - 기타,승용,여,60세,상해없음,보행자,남,58세,경상
8771,2018111800100381,2018년 11월 18일 20시,일요일,서울특별시 구로구 가리봉동,경상사고,0,0,1,0,차대사람 - 기타,안전운전불이행,포장 - 건조,맑음,단일로 - 기타,승용,남,53세,상해없음,보행자,남,47세,경상
8772,2018111800100382,2018년 11월 18일 20시,일요일,서울특별시 서초구 양재동,중상사고,0,1,1,0,차대사람 - 기타,안전운전불이행,포장 - 건조,맑음,교차로 - 교차로안,특수,남,28세,상해없음,보행자,여,50세,중상
8773,2018111800100422,2018년 11월 18일 22시,일요일,서울특별시 동대문구 용두동,중상사고,0,1,0,0,차대사람 - 기타,안전운전불이행,포장 - 건조,맑음,교차로 - 교차로부근,승용,여,59세,상해없음,보행자,남,24세,중상
8774,2018111800100440,2018년 11월 18일 23시,일요일,서울특별시 서대문구 충정로2가,중상사고,0,1,0,0,차대사람 - 횡단중,신호위반,포장 - 건조,맑음,교차로 - 교차로안,승합,남,52세,상해없음,보행자,여,22세,중상
8775,2018111900100018,2018년 11월 19일 03시,월요일,서울특별시 광진구 화양동,부상신고사고,0,0,0,1,차대사람 - 횡단중,안전운전불이행,포장 - 건조,맑음,단일로 - 기타,화물,남,77세,상해없음,보행자,남,57세,부상신고
8776,2018111900100031,2018년 11월 19일 05시,월요일,서울특별시 도봉구 쌍문동,중상사고,0,1,0,0,차대사람 - 횡단중,안전운전불이행,포장 - 건조,맑음,단일로 - 기타,승합,남,25세,상해없음,보행자,여,49세,중상
8777,2018111900100040,2018년 11월 19일 06시,월요일,서울특별시 강동구 암사동,사망사고,1,0,0,0,차대사람 - 기타,안전운전불이행,포장 - 건조,흐림,단일로 - 기타,승합,남,75세,상해없음,보행자,여,62세,사망
8778,2018111900100049,2018년 11월 19일 07시,월요일,서울특별시 금천구 독산동,중상사고,0,1,0,0,차대사람 - 기타,안전운전불이행,포장 - 건조,맑음,단일로 - 기타,승용,남,72세,상해없음,보행자,여,77세,중상
8779,2018111900100051,2018년 11월 19일 07시,월요일,서울특별시 강서구 화곡동,경상사고,0,0,1,0,차대사람 - 횡단중,보행자보호의무위반,포장 - 건조,맑음,단일로 - 기타,승용,남,34세,상해없음,보행자,남,50세,경상
8780,2018111900100052,2018년 11월 19일 07시,월요일,서울특별시 강동구 둔촌동,경상사고,0,0,1,0,차대사람 - 횡단중,신호위반,포장 - 건조,맑음,교차로 - 교차로횡단보도내,화물,남,65세,상해없음,보행자,남,18세,경상
8781,2018111900100065,2018년 11월 19일 08시,월요일,서울특별시 종로구 내자동,경상사고,0,0,1,0,차대사람 - 기타,보행자보호의무위반,포장 - 건조,맑음,교차로 - 교차로횡단보도내,기타불명,기타불명,미분류,기타불명,보행자,여,30세,경상
8782,2018111900100069,2018년 11월 19일 08시,월요일,서울특별시 금천구 시흥동,중상사고,0,1,0,0,차대사람 - 기타,안전운전불이행,포장 - 건조,맑음,교차로 - 교차로안,승용,남,62세,상해없음,보행자,남,25세,중상
8783,2018111900100070,2018년 11월 19일 08시,월요일,서울특별시 강서구 등촌동,경상사고,0,0,1,0,차대사람 - 횡단중,신호위반,포장 - 건조,맑음,단일로 - 기타,화물,남,52세,상해없음,보행자,여,15세,경상
8784,2018111900100116,2018년 11월 19일 09시,월요일,서울특별시 용산구 용산동2가,경상사고,0,0,1,0,차대사람 - 기타,안전운전불이행,포장 - 건조,맑음,단일로 - 기타,승용,남,48세,상해없음,보행자,남,68세,경상
8785,2018111900100117,2018년 11월 19일 09시,월요일,서울특별시 강북구 미아동,경상사고,0,0,1,0,차대사람 - 횡단중,신호위반,포장 - 건조,맑음,단일로 - 기타,원동기,남,22세,상해없음,보행자,여,44세,경상
8786,2018111900100230,2018년 11월 19일 13시,월요일,서울특별시 송파구 방이동,경상사고,0,0,1,0,차대사람 - 횡단중,보행자보호의무위반,포장 - 건조,맑음,교차로 - 교차로횡단보도내,승용,남,34세,상해없음,보행자,남,64세,경상
8787,2018111900100232,2018년 11월 19일 13시,월요일,서울특별시 구로구 오류동,중상사고,0,1,0,0,차대사람 - 기타,안전운전불이행,포장 - 건조,맑음,교차로 - 교차로안,승용,남,80세,상해없음,보행자,여,72세,중상
8788,2018111900100233,2018년 11월 19일 13시,월요일,서울특별시 강남구 일원동,부상신고사고,0,0,0,1,차대사람 - 보도통행중,보행자보호의무위반,포장 - 건조,맑음,기타 - 기타,승용,여,46세,상해없음,보행자,여,85세,부상신고
8789,2018111900100261,2018년 11월 19일 14시,월요일,서울특별시 동대문구 제기동,중상사고,0,1,0,0,차대사람 - 보도통행중,안전운전불이행,포장 - 건조,맑음,교차로 - 교차로횡단보도내,화물,남,50세,상해없음,보행자,남,59세,중상
8790,2018111900100300,2018년 11월 19일 15시,월요일,서울특별시 영등포구 신길동,경상사고,0,0,1,0,차대사람 - 횡단중,안전운전불이행,포장 - 건조,맑음,단일로 - 기타,승합,남,66세,상해없음,보행자,남,30세,경상
8791,2018111900100427,2018년 11월 19일 18시,월요일,서울특별시 강남구 청담동,경상사고,0,0,1,0,차대사람 - 횡단중,신호위반,포장 - 건조,맑음,교차로 - 교차로횡단보도내,승용,남,63세,상해없음,보행자,여,26세,경상
8792,2018111900100430,2018년 11월 19일 18시,월요일,서울특별시 송파구 송파동,경상사고,0,0,1,0,차대사람 - 횡단중,신호위반,포장 - 건조,맑음,단일로 - 기타,승용,남,65세,상해없음,보행자,남,25세,경상
8793,2018111900100490,2018년 11월 19일 19시,월요일,서울특별시 서초구 서초동,경상사고,0,0,1,0,차대사람 - 차도통행중,안전운전불이행,포장 - 건조,맑음,단일로 - 기타,승용,남,26세,상해없음,보행자,남,36세,경상
8794,2018111900100519,2018년 11월 19일 20시,월요일,서울특별시 중구 장충동2가,경상사고,0,0,1,0,차대사람 - 횡단중,보행자보호의무위반,포장 - 건조,맑음,교차로 - 교차로횡단보도내,기타불명,기타불명,미분류,기타불명,보행자,남,23세,경상
8795,2018111900100592,2018년 11월 19일 23시,월요일,서울특별시 관악구 신림동,경상사고,0,0,1,0,차대사람 - 기타,안전운전불이행,포장 - 건조,맑음,단일로 - 기타,기타불명,기타불명,미분류,기타불명,보행자,여,31세,경상
8796,2018112000100038,2018년 11월 20일 06시,화요일,서울특별시 성동구 마장동,경상사고,0,0,1,0,차대사람 - 보도통행중,신호위반,포장 - 건조,맑음,기타 - 기타,승용,남,67세,상해없음,보행자,남,36세,경상
8797,2018112000100052,2018년 11월 20일 07시,화요일,서울특별시 동대문구 장안동,중상사고,0,1,0,0,차대사람 - 기타,안전운전불이행,포장 - 건조,맑음,기타 - 기타,승용,남,70세,상해없음,보행자,여,73세,중상
8798,2018112000100053,2018년 11월 20일 07시,화요일,서울특별시 마포구 상암동,중상사고,0,1,0,0,차대사람 - 횡단중,보행자보호의무위반,포장 - 건조,맑음,교차로 - 교차로횡단보도내,승합,남,65세,상해없음,보행자,남,59세,중상
8799,2018112000100071,2018년 11월 20일 08시,화요일,서울특별시 영등포구 영등포동3가,경상사고,0,0,1,0,차대사람 - 기타,안전운전불이행,포장 - 건조,맑음,단일로 - 기타,승합,남,55세,상해없음,보행자,남,43세,경상
8800,2018112000100074,2018년 11월 20일 08시,화요일,서울특별시 강서구 염창동,경상사고,0,0,1,0,차대사람 - 기타,안전운전불이행,포장 - 건조,맑음,단일로 - 기타,승용,남,65세,상해없음,보행자,남,60세,경상
8801,2018112000100164,2018년 11월 20일 10시,화요일,서울특별시 강북구 미아동,경상사고,0,0,1,0,차대사람 - 기타,안전운전불이행,포장 - 건조,맑음,단일로 - 기타,승용,남,44세,상해없음,보행자,여,65세,경상
8802,2018112000100165,2018년 11월 20일 10시,화요일,서울특별시 강남구 일원동,경상사고,0,0,1,0,차대사람 - 기타,안전운전불이행,포장 - 건조,맑음,기타 - 기타,승용,여,41세,상해없음,보행자,여,32세,경상
8803,2018112000100197,2018년 11월 20일 11시,화요일,서울특별시 서초구 방배동,경상사고,0,0,1,0,차대사람 - 횡단중,안전운전불이행,포장 - 건조,맑음,교차로 - 교차로안,이륜,남,51세,상해없음,보행자,남,39세,경상
8804,2018112000100225,2018년 11월 20일 12시,화요일,서울특별시 영등포구 신길동,중상사고,0,1,0,0,차대사람 - 기타,안전운전불이행,포장 - 건조,맑음,단일로 - 기타,화물,남,58세,상해없음,보행자,여,71세,중상
8805,2018112000100253,2018년 11월 20일 13시,화요일,서울특별시 구로구 천왕동,경상사고,0,0,1,0,차대사람 - 횡단중,신호위반,포장 - 건조,맑음,교차로 - 교차로안,이륜,남,25세,상해없음,보행자,남,8세,경상
8806,2018112000100281,2018년 11월 20일 14시,화요일,서울특별시 동작구 노량진동,경상사고,0,0,1,0,차대사람 - 기타,안전운전불이행,포장 - 건조,맑음,단일로 - 기타,승용,여,49세,상해없음,보행자,여,25세,경상
8807,2018112000100311,2018년 11월 20일 15시,화요일,서울특별시 중랑구 면목동,경상사고,0,0,1,0,차대사람 - 기타,보행자보호의무위반,포장 - 건조,맑음,단일로 - 기타,화물,남,33세,상해없음,보행자,여,83세,경상
8808,2018112000100312,2018년 11월 20일 15시,화요일,서울특별시 송파구 마천동,중상사고,0,1,0,0,차대사람 - 횡단중,안전운전불이행,포장 - 건조,맑음,교차로 - 교차로부근,화물,남,73세,상해없음,보행자,여,80세,중상
8809,2018112000100313,2018년 11월 20일 15시,화요일,서울특별시 서초구 양재동,경상사고,0,0,1,0,차대사람 - 횡단중,신호위반,포장 - 건조,맑음,교차로 - 교차로횡단보도내,승용,여,61세,상해없음,보행자,남,8세,경상
8810,2018112000100314,2018년 11월 20일 15시,화요일,서울특별시 양천구 신월동,사망사고,1,0,0,0,차대사람 - 횡단중,보행자보호의무위반,포장 - 건조,맑음,교차로 - 교차로횡단보도내,건설기계,남,53세,상해없음,보행자,여,53세,사망
8811,2018112000100354,2018년 11월 20일 16시,화요일,서울특별시 종로구 관수동,경상사고,0,0,1,0,차대사람 - 길가장자리구역통행중,안전운전불이행,포장 - 건조,맑음,단일로 - 기타,화물,남,45세,상해없음,보행자,여,79세,상해없음
8812,2018112000100357,2018년 11월 20일 16시,화요일,서울특별시 용산구 이태원동,중상사고,0,1,0,0,차대사람 - 횡단중,안전운전불이행,포장 - 건조,맑음,단일로 - 기타,승용,남,71세,상해없음,보행자,남,57세,중상
8813,2018112000100361,2018년 11월 20일 16시,화요일,서울특별시 송파구 신천동,중상사고,0,1,0,0,차대사람 - 기타,안전운전불이행,포장 - 건조,맑음,교차로 - 교차로횡단보도내,승용,여,36세,기타불명,보행자,남,76세,중상
8814,2018112000100403,2018년 11월 20일 17시,화요일,서울특별시 동대문구 답십리동,중상사고,0,1,0,0,차대사람 - 횡단중,안전운전불이행,포장 - 건조,맑음,단일로 - 기타,이륜,남,46세,상해없음,보행자,남,69세,중상
8815,2018112000100404,2018년 11월 20일 17시,화요일,서울특별시 광진구 군자동,중상사고,0,1,0,0,차대사람 - 횡단중,보행자보호의무위반,포장 - 건조,맑음,단일로 - 기타,승합,남,57세,상해없음,보행자,여,71세,중상
8816,2018112000100407,2018년 11월 20일 17시,화요일,서울특별시 관악구 봉천동,경상사고,0,0,3,0,차대사람 - 길가장자리구역통행중,안전운전불이행,포장 - 건조,맑음,기타 - 기타,승용,남,25세,상해없음,보행자,여,31세,경상
8817,2018112000100408,2018년 11월 20일 17시,화요일,서울특별시 강남구 논현동,중상사고,0,1,0,0,차대사람 - 기타,중앙선침범,포장 - 기타,기타,단일로 - 기타,원동기,남,53세,상해없음,보행자,여,59세,중상
8818,2018112000100410,2018년 11월 20일 17시,화요일,서울특별시 송파구 풍납동,중상사고,0,1,0,0,차대사람 - 기타,안전운전불이행,포장 - 건조,맑음,단일로 - 기타,화물,남,58세,상해없음,보행자,남,74세,중상
8819,2018112000100414,2018년 11월 20일 17시,화요일,서울특별시 노원구 공릉동,경상사고,0,0,1,0,차대사람 - 횡단중,신호위반,포장 - 건조,맑음,교차로 - 교차로안,승용,여,44세,상해없음,보행자,남,25세,경상
8820,2018112000100415,2018년 11월 20일 17시,화요일,서울특별시 노원구 상계동,경상사고,0,0,2,0,차대사람 - 횡단중,안전운전불이행,포장 - 건조,맑음,단일로 - 기타,승용,여,35세,상해없음,보행자,여,34세,경상
8821,2018112000100464,2018년 11월 20일 18시,화요일,서울특별시 성북구 동선동3가,부상신고사고,0,0,0,1,차대사람 - 보도통행중,기타,포장 - 건조,맑음,단일로 - 기타,기타불명,기타불명,미분류,기타불명,보행자,여,35세,부상신고
8822,2018112000100529,2018년 11월 20일 19시,화요일,서울특별시 서대문구 홍제동,부상신고사고,0,0,0,1,차대사람 - 횡단중,보행자보호의무위반,포장 - 건조,맑음,교차로 - 교차로횡단보도내,승용,남,33세,상해없음,보행자,남,40세,부상신고
8823,2018112000100532,2018년 11월 20일 19시,화요일,서울특별시 성동구 성수동2가,경상사고,0,0,1,0,차대사람 - 기타,안전운전불이행,포장 - 기타,맑음,교차로 - 교차로부근,기타불명,기타불명,미분류,기타불명,보행자,남,50세,경상
8824,2018112000100577,2018년 11월 20일 20시,화요일,서울특별시 중구 남대문로5가,부상신고사고,0,0,0,1,차대사람 - 차도통행중,안전운전불이행,포장 - 건조,맑음,교차로 - 교차로안,승합,남,64세,상해없음,보행자,남,55세,부상신고
8825,2018112000100578,2018년 11월 20일 20시,화요일,서울특별시 종로구 내수동,경상사고,0,0,1,0,차대사람 - 횡단중,신호위반,포장 - 건조,맑음,교차로 - 교차로횡단보도내,화물,남,47세,상해없음,보행자,여,63세,경상
8826,2018112100100001,2018년 11월 21일 00시,수요일,서울특별시 중구 흥인동,중상사고,0,1,0,0,차대사람 - 횡단중,안전운전불이행,포장 - 젖음/습기,비,교차로 - 교차로횡단보도내,승용,남,37세,상해없음,보행자,남,27세,중상
8827,2018112100100003,2018년 11월 21일 00시,수요일,서울특별시 강북구 수유동,경상사고,0,0,1,0,차대사람 - 기타,안전운전불이행,포장 - 젖음/습기,비,교차로 - 교차로횡단보도내,화물,남,36세,상해없음,보행자,여,24세,경상
8828,2018112100100004,2018년 11월 21일 00시,수요일,서울특별시 마포구 공덕동,중상사고,0,1,0,0,차대사람 - 횡단중,신호위반,포장 - 젖음/습기,흐림,교차로 - 교차로횡단보도내,승용,남,52세,상해없음,보행자,남,23세,중상
8829,2018112100100006,2018년 11월 21일 00시,수요일,서울특별시 성동구 응봉동,경상사고,0,0,1,0,차대사람 - 횡단중,보행자보호의무위반,포장 - 젖음/습기,비,교차로 - 교차로횡단보도내,승용,남,58세,상해없음,보행자,여,25세,경상
8830,2018112100100007,2018년 11월 21일 00시,수요일,서울특별시 동작구 노량진동,중상사고,0,1,0,0,차대사람 - 횡단중,안전운전불이행,포장 - 젖음/습기,비,교차로 - 교차로부근,승합,남,58세,상해없음,보행자,남,23세,중상
8831,2018112100100010,2018년 11월 21일 00시,수요일,서울특별시 서초구 서초동,중상사고,0,1,0,0,차대사람 - 횡단중,안전운전불이행,포장 - 젖음/습기,비,단일로 - 기타,승용,남,57세,상해없음,보행자,남,54세,중상
8832,2018112100100011,2018년 11월 21일 00시,수요일,서울특별시 양천구 목동,중상사고,0,1,0,0,차대사람 - 횡단중,안전운전불이행,포장 - 젖음/습기,비,교차로 - 교차로부근,승용,여,56세,상해없음,보행자,남,46세,중상
8833,2018112100100012,2018년 11월 21일 00시,수요일,서울특별시 은평구 역촌동,중상사고,0,1,0,0,차대사람 - 횡단중,보행자보호의무위반,포장 - 젖음/습기,비,교차로 - 교차로횡단보도내,승용,남,38세,상해없음,보행자,남,51세,중상
8834,2018112100100047,2018년 11월 21일 04시,수요일,서울특별시 양천구 신월동,사망사고,1,0,0,0,차대사람 - 횡단중,신호위반,포장 - 젖음/습기,맑음,교차로 - 교차로횡단보도내,승용,남,66세,상해없음,보행자,여,80세,사망
8835,2018112100100094,2018년 11월 21일 07시,수요일,서울특별시 양천구 목동,중상사고,0,1,0,0,차대사람 - 기타,보행자보호의무위반,포장 - 건조,흐림,단일로 - 기타,승합,남,57세,상해없음,보행자,여,17세,중상
8836,2018112100100119,2018년 11월 21일 08시,수요일,서울특별시 도봉구 창동,중상사고,0,1,0,0,차대사람 - 횡단중,안전운전불이행,포장 - 건조,흐림,교차로 - 교차로안,승용,남,57세,상해없음,보행자,남,13세,중상
8837,2018112100100156,2018년 11월 21일 09시,수요일,서울특별시 성북구 길음동,경상사고,0,0,1,0,차대사람 - 차도통행중,안전운전불이행,포장 - 건조,맑음,교차로 - 교차로안,승용,여,53세,상해없음,보행자,여,32세,경상
8838,2018112100100177,2018년 11월 21일 10시,수요일,서울특별시 동대문구 청량리동,중상사고,0,1,0,0,차대사람 - 횡단중,안전운전불이행,포장 - 건조,맑음,단일로 - 기타,승용,남,54세,상해없음,보행자,여,72세,중상
8839,2018112100100178,2018년 11월 21일 10시,수요일,서울특별시 서초구 서초동,사망사고,1,0,0,0,차대사람 - 기타,안전운전불이행,포장 - 건조,맑음,교차로 - 교차로횡단보도내,건설기계,남,59세,상해없음,보행자,여,50세,사망
8840,2018112100100232,2018년 11월 21일 12시,수요일,서울특별시 성북구 정릉동,경상사고,0,0,1,0,차대사람 - 기타,안전운전불이행,포장 - 건조,맑음,단일로 - 기타,승합,남,39세,상해없음,보행자,남,67세,경상
8841,2018112100100233,2018년 11월 21일 12시,수요일,서울특별시 관악구 봉천동,중상사고,0,1,0,0,차대사람 - 기타,기타,포장 - 건조,맑음,단일로 - 기타,승용,남,70세,상해없음,보행자,여,66세,중상
8842,2018112100100236,2018년 11월 21일 12시,수요일,서울특별시 성북구 장위동,중상사고,0,1,0,0,차대사람 - 횡단중,보행자보호의무위반,포장 - 젖음/습기,비,교차로 - 교차로횡단보도내,건설기계,남,63세,상해없음,보행자,여,74세,중상
8843,2018112100100258,2018년 11월 21일 13시,수요일,서울특별시 동대문구 장안동,경상사고,0,0,1,0,차대사람 - 기타,안전운전불이행,포장 - 건조,맑음,교차로 - 교차로부근,화물,남,49세,상해없음,보행자,남,11세,경상
8844,2018112100100259,2018년 11월 21일 13시,수요일,서울특별시 영등포구 영등포동1가,부상신고사고,0,0,0,1,차대사람 - 기타,안전운전불이행,포장 - 건조,맑음,단일로 - 기타,승용,남,55세,상해없음,보행자,남,61세,부상신고
8845,2018112100100287,2018년 11월 21일 14시,수요일,서울특별시 중랑구 중화동,중상사고,0,1,0,0,차대사람 - 횡단중,보행자보호의무위반,포장 - 젖음/습기,비,교차로 - 교차로안,이륜,남,25세,기타불명,보행자,여,53세,중상
8846,2018112100100340,2018년 11월 21일 16시,수요일,서울특별시 강남구 역삼동,경상사고,0,0,1,0,차대사람 - 횡단중,안전운전불이행,포장 - 건조,맑음,교차로 - 교차로부근,승용,남,46세,상해없음,보행자,남,23세,경상
8847,2018112100100341,2018년 11월 21일 16시,수요일,서울특별시 강동구 천호동,경상사고,0,0,1,0,차대사람 - 기타,안전운전불이행,포장 - 건조,맑음,단일로 - 기타,승합,남,42세,상해없음,보행자,남,74세,경상
8848,2018112100100380,2018년 11월 21일 17시,수요일,서울특별시 강북구 미아동,중상사고,0,1,0,0,차대사람 - 차도통행중,안전운전불이행,포장 - 건조,맑음,교차로 - 교차로안,승용,남,35세,기타불명,보행자,남,90세 이상,중상
8849,2018112100100433,2018년 11월 21일 18시,수요일,서울특별시 서초구 방배동,중상사고,0,1,0,0,차대사람 - 횡단중,보행자보호의무위반,포장 - 건조,맑음,단일로 - 기타,승용,여,33세,상해없음,보행자,여,59세,중상
8850,2018112100100553,2018년 11월 21일 21시,수요일,서울특별시 성북구 안암동5가,중상사고,0,2,0,0,차대사람 - 횡단중,안전운전불이행,포장 - 건조,맑음,단일로 - 기타,이륜,남,50세,중상,보행자,여,62세,중상
8851,2018112100100595,2018년 11월 21일 22시,수요일,서울특별시 성북구 종암동,경상사고,0,0,1,0,차대사람 - 기타,중앙선침범,포장 - 건조,맑음,단일로 - 기타,승용,여,23세,상해없음,보행자,남,40세,경상
8852,2018112200100003,2018년 11월 22일 00시,목요일,서울특별시 양천구 신월동,중상사고,0,1,0,0,차대사람 - 기타,직진우회전진행방해,포장 - 건조,맑음,교차로 - 교차로안,승용,남,53세,기타불명,보행자,남,46세,중상
8853,2018112200100023,2018년 11월 22일 02시,목요일,서울특별시 관악구 봉천동,경상사고,0,0,1,0,차대사람 - 횡단중,안전운전불이행,포장 - 건조,맑음,단일로 - 기타,승용,남,26세,상해없음,보행자,남,52세,경상
8854,2018112200100024,2018년 11월 22일 02시,목요일,서울특별시 서초구 반포동,중상사고,0,1,0,0,차대사람 - 횡단중,안전운전불이행,포장 - 건조,맑음,단일로 - 기타,승용,남,55세,상해없음,보행자,남,26세,중상
8855,2018112200100038,2018년 11월 22일 05시,목요일,서울특별시 노원구 공릉동,중상사고,0,1,0,0,차대사람 - 횡단중,보행자보호의무위반,포장 - 건조,맑음,교차로 - 교차로횡단보도내,승용,남,49세,상해없음,보행자,남,64세,중상
8856,2018112200100099,2018년 11월 22일 08시,목요일,서울특별시 강북구 수유동,중상사고,0,1,0,0,차대사람 - 횡단중,신호위반,포장 - 건조,맑음,교차로 - 교차로안,승합,남,64세,상해없음,보행자,여,68세,중상
8857,2018112200100106,2018년 11월 22일 08시,목요일,서울특별시 강서구 등촌동,중상사고,0,1,0,0,차대사람 - 횡단중,신호위반,포장 - 건조,맑음,단일로 - 기타,승용,여,61세,상해없음,보행자,남,63세,중상
8858,2018112200100108,2018년 11월 22일 08시,목요일,서울특별시 구로구 가리봉동,경상사고,0,0,1,0,차대사람 - 횡단중,보행자보호의무위반,포장 - 건조,기타,교차로 - 교차로횡단보도내,승용,남,56세,상해없음,보행자,여,32세,경상
8859,2018112200100157,2018년 11월 22일 09시,목요일,서울특별시 성북구 안암동2가,부상신고사고,0,0,0,1,차대사람 - 횡단중,보행자보호의무위반,포장 - 건조,맑음,단일로 - 기타,화물,남,76세,상해없음,보행자,여,18세,부상신고
8860,2018112200100158,2018년 11월 22일 09시,목요일,서울특별시 동대문구 신설동,중상사고,0,1,0,0,차대사람 - 횡단중,보행자보호의무위반,포장 - 건조,맑음,교차로 - 교차로횡단보도내,승용,남,67세,상해없음,보행자,여,23세,중상
8861,2018112200100239,2018년 11월 22일 11시,목요일,서울특별시 강동구 천호동,경상사고,0,0,1,0,차대사람 - 차도통행중,안전운전불이행,포장 - 건조,맑음,기타 - 기타,승합,남,54세,상해없음,보행자,남,58세,경상
8862,2018112200100270,2018년 11월 22일 12시,목요일,서울특별시 노원구 상계동,경상사고,0,0,1,0,차대사람 - 차도통행중,불법유턴,포장 - 건조,맑음,교차로 - 교차로안,화물,남,41세,상해없음,보행자,남,55세,경상
8863,2018112200100339,2018년 11월 22일 14시,목요일,서울특별시 송파구 방이동,경상사고,0,0,1,0,차대사람 - 보도통행중,안전운전불이행,포장 - 건조,맑음,단일로 - 기타,화물,남,46세,상해없음,보행자,여,64세,경상
8864,2018112200100450,2018년 11월 22일 17시,목요일,서울특별시 동작구 사당동,부상신고사고,0,0,0,1,차대사람 - 기타,안전운전불이행,포장 - 건조,맑음,단일로 - 기타,승용,남,79세,상해없음,보행자,여,42세,부상신고