,사고번호,사고일시,요일,시군구,사고내용,사망자수,중상자수,경상자수,부상신고자수,사고유형,법규위반,노면상태,기상상태,도로형태,가해운전자 차종,가해운전자 성별,가해운전자 연령,가해운전자 상해정도,피해운전자 차종,피해운전자 성별,피해운전자 연령,피해운전자 상해정도
9087,2018113000100628,2018년 11월 30일 21시,금요일,서울특별시 용산구 효창동,경상사고,0,0,1,0,차대사람 - 횡단중,안전운전불이행,포장 - 건조,맑음,교차로 - 교차로부근,화물,남,53세,상해없음,보행자,남,68세,경상
9088,2018113000100672,2018년 11월 30일 22시,금요일,서울특별시 종로구 신문로1가,중상사고,0,1,0,0,차대사람 - 횡단중,안전운전불이행,포장 - 건조,맑음,단일로 - 기타,승용,여,52세,상해없음,보행자,여,62세,중상
9089,2018113000100678,2018년 11월 30일 22시,금요일,서울특별시 송파구 문정동,경상사고,0,0,1,0,차대사람 - 기타,안전운전불이행,포장 - 건조,맑음,단일로 - 기타,승용,남,59세,상해없음,보행자,남,24세,경상
9090,2018113000100711,2018년 11월 30일 23시,금요일,서울특별시 마포구 서교동,중상사고,0,1,0,0,차대사람 - 기타,안전운전불이행,포장 - 건조,맑음,단일로 - 기타,기타불명,기타불명,미분류,기타불명,보행자,남,32세,중상
9091,2018120100100003,2018년 12월 1일 00시,토요일,서울특별시 동작구 사당동,경상사고,0,0,1,0,차대사람 - 기타,안전운전불이행,포장 - 건조,맑음,단일로 - 기타,승용,남,57세,상해없음,보행자,여,25세,경상
9092,2018120100100017,2018년 12월 1일 01시,토요일,서울특별시 강북구 수유동,경상사고,0,0,1,0,차대사람 - 차도통행중,안전운전불이행,포장 - 건조,맑음,단일로 - 기타,승용,남,29세,상해없음,보행자,여,17세,경상
9093,2018120100100018,2018년 12월 1일 01시,토요일,서울특별시 마포구 동교동,중상사고,0,1,0,0,차대사람 - 횡단중,안전운전불이행,포장 - 건조,기타,기타 - 기타,승용,남,57세,상해없음,보행자,남,33세,중상
9094,2018120100100038,2018년 12월 1일 02시,토요일,서울특별시 관악구 봉천동,중상사고,0,1,0,0,차대사람 - 횡단중,안전운전불이행,포장 - 건조,맑음,단일로 - 기타,승용,남,60세,상해없음,보행자,여,30세,중상
9095,2018120100100039,2018년 12월 1일 02시,토요일,서울특별시 강남구 논현동,경상사고,0,0,1,0,차대사람 - 횡단중,신호위반,포장 - 건조,맑음,교차로 - 교차로부근,승용,여,66세,상해없음,보행자,남,50세,경상
9096,2018120100100041,2018년 12월 1일 02시,토요일,서울특별시 서초구 방배동,경상사고,0,0,1,0,차대사람 - 횡단중,기타,포장 - 건조,맑음,미분류 - 미분류,승용,남,60세,상해없음,보행자,남,31세,경상
9097,2018120100100057,2018년 12월 1일 03시,토요일,서울특별시 광진구 광장동,중상사고,0,1,0,0,차대사람 - 횡단중,안전운전불이행,포장 - 건조,맑음,단일로 - 기타,승용,남,36세,상해없음,보행자,남,31세,중상
9098,2018120100100058,2018년 12월 1일 03시,토요일,서울특별시 마포구 공덕동,중상사고,0,1,0,0,차대사람 - 기타,안전운전불이행,포장 - 건조,맑음,단일로 - 기타,화물,남,42세,상해없음,보행자,남,62세,중상
9099,2018120100100061,2018년 12월 1일 03시,토요일,서울특별시 강동구 길동,경상사고,0,0,1,0,차대사람 - 기타,안전운전불이행,포장 - 건조,맑음,단일로 - 기타,기타불명,기타불명,미분류,기타불명,보행자,남,38세,경상
9100,2018120100100085,2018년 12월 1일 06시,토요일,서울특별시 강남구 논현동,중상사고,0,1,0,0,차대사람 - 횡단중,신호위반,포장 - 건조,맑음,단일로 - 기타,이륜,남,28세,기타불명,보행자,여,44세,중상
9101,2018120100100113,2018년 12월 1일 07시,토요일,서울특별시 양천구 신월동,중상사고,0,1,0,0,차대사람 - 횡단중,안전운전불이행,포장 - 건조,맑음,단일로 - 기타,화물,남,62세,상해없음,보행자,여,48세,중상
9102,2018120100100129,2018년 12월 1일 08시,토요일,서울특별시 강남구 역삼동,경상사고,0,0,1,0,차대사람 - 길가장자리구역통행중,안전운전불이행,포장 - 건조,맑음,단일로 - 기타,승용,남,32세,상해없음,보행자,남,44세,경상
9103,2018120100100145,2018년 12월 1일 09시,토요일,서울특별시 관악구 신림동,중상사고,0,1,0,0,차대사람 - 기타,중앙선침범,포장 - 건조,맑음,단일로 - 기타,승용,남,64세,기타불명,보행자,남,54세,중상
9104,2018120100100147,2018년 12월 1일 09시,토요일,서울특별시 송파구 송파동,중상사고,0,1,0,0,차대사람 - 기타,신호위반,포장 - 건조,맑음,교차로 - 교차로안,승용,남,23세,상해없음,보행자,남,70세,중상
9105,2018120100100167,2018년 12월 1일 10시,토요일,서울특별시 동대문구 장안동,경상사고,0,0,1,0,차대사람 - 기타,안전운전불이행,포장 - 건조,맑음,단일로 - 기타,승용,남,57세,상해없음,보행자,남,49세,경상
9106,2018120100100170,2018년 12월 1일 10시,토요일,서울특별시 노원구 상계동,중상사고,0,1,0,0,차대사람 - 횡단중,안전운전불이행,포장 - 건조,맑음,교차로 - 교차로안,승용,여,46세,상해없음,보행자,여,69세,중상
9107,2018120100100193,2018년 12월 1일 11시,토요일,서울특별시 관악구 신림동,경상사고,0,0,1,0,차대사람 - 길가장자리구역통행중,안전운전불이행,포장 - 건조,맑음,단일로 - 기타,승용,남,44세,상해없음,보행자,남,39세,경상
9108,2018120100100258,2018년 12월 1일 13시,토요일,서울특별시 은평구 증산동,경상사고,0,0,1,0,차대사람 - 기타,기타,포장 - 건조,맑음,기타 - 기타,승용,남,64세,상해없음,보행자,여,43세,경상
9109,2018120100100335,2018년 12월 1일 15시,토요일,서울특별시 용산구 한강로2가,중상사고,0,1,0,0,차대사람 - 기타,안전운전불이행,포장 - 건조,맑음,교차로 - 교차로안,화물,남,24세,상해없음,보행자,남,71세,중상
9110,2018120100100377,2018년 12월 1일 16시,토요일,서울특별시 동대문구 용두동,경상사고,0,0,1,1,차대사람 - 보도통행중,신호위반,포장 - 건조,맑음,단일로 - 기타,승용,여,71세,상해없음,보행자,남,76세,부상신고
9111,2018120100100383,2018년 12월 1일 16시,토요일,서울특별시 강남구 수서동,부상신고사고,0,0,0,1,차대사람 - 횡단중,안전운전불이행,포장 - 건조,맑음,교차로 - 교차로부근,승용,남,55세,상해없음,보행자,남,44세,부상신고
9112,2018120100100407,2018년 12월 1일 17시,토요일,서울특별시 광진구 자양동,중상사고,0,1,0,0,차대사람 - 차도통행중,안전운전불이행,포장 - 건조,맑음,단일로 - 기타,승용,남,70세,기타불명,보행자,여,75세,중상
9113,2018120100100489,2018년 12월 1일 19시,토요일,서울특별시 용산구 이태원동,중상사고,0,1,0,0,차대사람 - 기타,기타,포장 - 건조,맑음,단일로 - 기타,승용,남,64세,상해없음,보행자,남,39세,중상
9114,2018120100100492,2018년 12월 1일 19시,토요일,서울특별시 강동구 명일동,중상사고,0,1,1,0,차대사람 - 횡단중,보행자보호의무위반,포장 - 건조,맑음,단일로 - 지하차도(도로)내,승용,여,54세,상해없음,보행자,여,32세,중상
9115,2018120100100533,2018년 12월 1일 20시,토요일,서울특별시 서초구 서초동,경상사고,0,0,1,0,차대사람 - 횡단중,보행자보호의무위반,포장 - 건조,맑음,교차로 - 교차로횡단보도내,승용,남,29세,상해없음,보행자,남,43세,경상
9116,2018120100100534,2018년 12월 1일 20시,토요일,서울특별시 양천구 목동,경상사고,0,0,1,0,차대사람 - 횡단중,신호위반,포장 - 건조,맑음,단일로 - 기타,이륜,남,32세,상해없음,보행자,남,82세,경상
9117,2018120100100555,2018년 12월 1일 21시,토요일,서울특별시 노원구 상계동,경상사고,0,0,1,0,차대사람 - 기타,안전운전불이행,포장 - 건조,맑음,교차로 - 교차로부근,승용,여,37세,상해없음,보행자,남,18세,경상
9118,2018120100100578,2018년 12월 1일 22시,토요일,서울특별시 종로구 소격동,중상사고,0,1,0,0,차대사람 - 횡단중,안전운전불이행,포장 - 건조,맑음,단일로 - 기타,승용,남,60세,상해없음,보행자,여,67세,중상
9119,2018120100100579,2018년 12월 1일 22시,토요일,서울특별시 강북구 번동,경상사고,0,0,1,0,차대사람 - 기타,안전운전불이행,포장 - 건조,맑음,교차로 - 교차로안,승용,남,42세,상해없음,보행자,남,49세,경상
9120,2018120100100582,2018년 12월 1일 22시,토요일,서울특별시 관악구 신림동,사망사고,1,0,0,0,차대사람 - 기타,안전운전불이행,포장 - 건조,맑음,교차로 - 교차로부근,승용,남,64세,상해없음,보행자,남,61세,사망
9121,2018120100100598,2018년 12월 1일 23시,토요일,서울특별시 서초구 서초동,경상사고,0,0,1,0,차대사람 - 기타,신호위반,포장 - 건조,맑음,단일로 - 기타,승용,남,22세,상해없음,보행자,남,32세,경상
9122,2018120100100599,2018년 12월 1일 23시,토요일,서울특별시 양천구 신정동,경상사고,0,0,1,0,차대사람 - 횡단중,보행자보호의무위반,포장 - 건조,맑음,교차로 - 교차로부근,승용,남,31세,상해없음,보행자,여,18세,경상
9123,2018120200100002,2018년 12월 2일 00시,일요일,서울특별시 강남구 논현동,중상사고,0,1,0,0,차대사람 - 보도통행중,안전운전불이행,포장 - 건조,맑음,단일로 - 기타,승용,여,34세,상해없음,보행자,여,20세,중상
9124,2018120200100004,2018년 12월 2일 00시,일요일,서울특별시 서초구 방배동,경상사고,0,0,1,0,차대사람 - 기타,안전운전불이행,포장 - 건조,맑음,단일로 - 기타,승용,남,50세,상해없음,보행자,남,51세,경상
9125,2018120200100015,2018년 12월 2일 01시,일요일,서울특별시 관악구 신림동,경상사고,0,0,1,0,차대사람 - 횡단중,보행자보호의무위반,포장 - 건조,맑음,교차로 - 교차로횡단보도내,승용,남,69세,상해없음,보행자,남,43세,경상
9126,2018120200100030,2018년 12월 2일 02시,일요일,서울특별시 종로구 종로5가,중상사고,0,1,0,0,차대사람 - 횡단중,과속,포장 - 건조,맑음,단일로 - 기타,승용,남,64세,상해없음,보행자,남,60세,중상
9127,2018120200100045,2018년 12월 2일 03시,일요일,서울특별시 서초구 서초동,중상사고,0,1,0,0,차대사람 - 보도통행중,기타,포장 - 건조,맑음,단일로 - 기타,승용,남,27세,상해없음,보행자,남,32세,중상
9128,2018120200100062,2018년 12월 2일 05시,일요일,서울특별시 동대문구 장안동,경상사고,0,0,1,0,차대사람 - 차도통행중,안전운전불이행,포장 - 건조,맑음,교차로 - 교차로부근,화물,남,42세,상해없음,보행자,여,22세,경상
9129,2018120200100070,2018년 12월 2일 06시,일요일,서울특별시 중랑구 묵동,중상사고,0,1,0,0,차대사람 - 보도통행중,안전운전불이행,포장 - 건조,맑음,교차로 - 교차로안,승용,남,65세,상해없음,보행자,여,51세,중상
9130,2018120200100115,2018년 12월 2일 10시,일요일,서울특별시 강남구 대치동,경상사고,0,0,1,0,차대사람 - 길가장자리구역통행중,안전운전불이행,포장 - 건조,맑음,단일로 - 기타,승용,여,47세,상해없음,보행자,여,21세,경상
9131,2018120200100133,2018년 12월 2일 11시,일요일,서울특별시 관악구 봉천동,중상사고,0,1,0,0,차대사람 - 횡단중,보행자보호의무위반,포장 - 건조,맑음,교차로 - 교차로횡단보도내,이륜,남,23세,상해없음,보행자,남,2세,중상
9132,2018120200100152,2018년 12월 2일 12시,일요일,서울특별시 구로구 오류동,경상사고,0,0,1,0,차대사람 - 기타,안전운전불이행,포장 - 건조,맑음,단일로 - 기타,승용,남,39세,기타불명,보행자,여,56세,경상
9133,2018120200100195,2018년 12월 2일 14시,일요일,서울특별시 금천구 시흥동,경상사고,0,0,1,0,차대사람 - 기타,안전운전불이행,포장 - 건조,맑음,단일로 - 기타,승용,남,58세,상해없음,보행자,남,59세,경상
9134,2018120200100282,2018년 12월 2일 17시,일요일,서울특별시 동대문구 전농동,경상사고,0,0,1,0,차대사람 - 차도통행중,안전운전불이행,포장 - 건조,맑음,단일로 - 기타,승용,여,24세,상해없음,보행자,남,61세,경상
9135,2018120200100357,2018년 12월 2일 19시,일요일,서울특별시 서초구 잠원동,경상사고,0,0,1,0,차대사람 - 기타,신호위반,포장 - 건조,맑음,단일로 - 기타,승용,남,81세,상해없음,보행자,남,62세,경상
9136,2018120200100430,2018년 12월 2일 22시,일요일,서울특별시 영등포구 영등포동4가,경상사고,0,0,1,0,차대사람 - 보도통행중,보행자보호의무위반,포장 - 건조,맑음,단일로 - 기타,승용,남,41세,상해없음,보행자,여,27세,경상
9137,2018120300100001,2018년 12월 3일 00시,월요일,서울특별시 강북구 미아동,중상사고,0,1,0,0,차대사람 - 기타,안전운전불이행,포장 - 건조,흐림,단일로 - 기타,이륜,남,39세,상해없음,보행자,남,31세,중상
9138,2018120300100003,2018년 12월 3일 00시,월요일,서울특별시 강서구 가양동,중상사고,0,1,0,0,차대사람 - 횡단중,신호위반,포장 - 건조,맑음,단일로 - 기타,이륜,남,36세,상해없음,보행자,남,37세,중상
9139,2018120300100034,2018년 12월 3일 05시,월요일,서울특별시 영등포구 영등포동6가,중상사고,0,1,0,0,차대사람 - 횡단중,신호위반,포장 - 젖음/습기,비,단일로 - 기타,승용,남,69세,기타불명,보행자,여,64세,중상
9140,2018120300100036,2018년 12월 3일 05시,월요일,서울특별시 서초구 방배동,중상사고,0,1,0,0,차대사람 - 횡단중,보행자보호의무위반,포장 - 건조,기타,교차로 - 교차로부근,승합,남,63세,상해없음,보행자,남,62세,중상
9141,2018120300100051,2018년 12월 3일 06시,월요일,서울특별시 중구 황학동,경상사고,0,0,1,0,차대사람 - 횡단중,안전운전불이행,포장 - 건조,맑음,단일로 - 기타,승용,남,68세,상해없음,보행자,여,58세,경상
9142,2018120300100053,2018년 12월 3일 06시,월요일,서울특별시 용산구 용산동2가,경상사고,0,0,1,0,차대사람 - 횡단중,보행자보호의무위반,포장 - 젖음/습기,비,교차로 - 교차로부근,승용,남,50세,상해없음,보행자,여,37세,경상
9143,2018120300100055,2018년 12월 3일 06시,월요일,서울특별시 금천구 독산동,중상사고,0,1,0,0,차대사람 - 기타,안전운전불이행,포장 - 젖음/습기,비,단일로 - 기타,화물,남,51세,상해없음,보행자,여,74세,중상
9144,2018120300100058,2018년 12월 3일 06시,월요일,서울특별시 강서구 등촌동,중상사고,0,1,0,0,차대사람 - 횡단중,보행자보호의무위반,포장 - 젖음/습기,비,교차로 - 교차로횡단보도내,승용,여,50세,상해없음,보행자,여,66세,중상
9145,2018120300100059,2018년 12월 3일 06시,월요일,서울특별시 강서구 내발산동,중상사고,0,1,0,0,차대사람 - 횡단중,신호위반,포장 - 젖음/습기,비,단일로 - 기타,이륜,남,55세,상해없음,보행자,남,53세,중상
9146,2018120300100060,2018년 12월 3일 06시,월요일,서울특별시 강서구 공항동,중상사고,0,1,0,0,차대사람 - 기타,안전운전불이행,포장 - 젖음/습기,비,단일로 - 기타,승용,남,55세,상해없음,보행자,남,43세,중상
9147,2018120300100074,2018년 12월 3일 07시,월요일,서울특별시 강북구 번동,중상사고,0,1,0,0,차대사람 - 횡단중,안전운전불이행,포장 - 건조,맑음,교차로 - 교차로안,화물,남,38세,상해없음,보행자,여,55세,중상
9148,2018120300100076,2018년 12월 3일 07시,월요일,서울특별시 은평구 갈현동,경상사고,0,0,1,0,차대사람 - 기타,안전운전불이행,포장 - 젖음/습기,흐림,교차로 - 교차로안,승용,남,30세,상해없음,보행자,남,22세,경상
9149,2018120300100145,2018년 12월 3일 09시,월요일,서울특별시 영등포구 여의도동,경상사고,0,0,1,0,차대사람 - 횡단중,보행자보호의무위반,포장 - 건조,맑음,교차로 - 교차로안,승용,남,50세,상해없음,보행자,여,49세,경상
9150,2018120300100148,2018년 12월 3일 09시,월요일,서울특별시 강서구 방화동,중상사고,0,1,0,0,차대사람 - 기타,안전운전불이행,포장 - 건조,맑음,단일로 - 기타,승합,남,59세,상해없음,보행자,여,65세,중상
9151,2018120300100177,2018년 12월 3일 10시,월요일,서울특별시 강서구 가양동,부상신고사고,0,0,0,1,차대사람 - 기타,안전운전불이행,포장 - 건조,맑음,단일로 - 기타,기타불명,기타불명,미분류,기타불명,보행자,여,57세,부상신고
9152,2018120300100216,2018년 12월 3일 11시,월요일,서울특별시 종로구 구기동,경상사고,0,0,1,0,차대사람 - 보도통행중,기타,포장 - 젖음/습기,비,기타 - 기타,승용,여,70세,상해없음,보행자,여,24세,경상
9153,2018120300100219,2018년 12월 3일 11시,월요일,서울특별시 구로구 고척동,경상사고,0,0,1,0,차대사람 - 횡단중,보행자보호의무위반,포장 - 건조,맑음,교차로 - 교차로횡단보도내,승용,남,58세,상해없음,보행자,여,50세,경상
9154,2018120300100243,2018년 12월 3일 12시,월요일,서울특별시 구로구 구로동,경상사고,0,0,1,0,차대사람 - 기타,안전운전불이행,포장 - 건조,맑음,단일로 - 기타,승용,남,26세,상해없음,보행자,남,50세,경상
9155,2018120300100272,2018년 12월 3일 13시,월요일,서울특별시 강북구 번동,중상사고,0,1,0,0,차대사람 - 기타,안전운전불이행,포장 - 젖음/습기,비,단일로 - 기타,승용,남,71세,상해없음,보행자,남,60세,중상
9156,2018120300100273,2018년 12월 3일 13시,월요일,서울특별시 강북구 번동,중상사고,0,1,0,0,차대사람 - 횡단중,안전운전불이행,포장 - 젖음/습기,비,교차로 - 교차로부근,화물,남,46세,상해없음,보행자,남,87세,중상
9157,2018120300100274,2018년 12월 3일 13시,월요일,서울특별시 마포구 서교동,경상사고,0,0,1,0,차대사람 - 기타,안전운전불이행,포장 - 건조,맑음,단일로 - 기타,화물,남,34세,상해없음,보행자,남,25세,경상
9158,2018120300100337,2018년 12월 3일 15시,월요일,서울특별시 도봉구 방학동,중상사고,0,1,0,0,차대사람 - 횡단중,보행자보호의무위반,포장 - 젖음/습기,비,교차로 - 교차로횡단보도내,승합,남,38세,상해없음,보행자,여,51세,중상
9159,2018120300100406,2018년 12월 3일 17시,월요일,서울특별시 성북구 정릉동,경상사고,0,0,1,0,차대사람 - 횡단중,보행자보호의무위반,포장 - 젖음/습기,비,교차로 - 교차로횡단보도내,화물,남,58세,상해없음,보행자,여,57세,경상
9160,2018120300100407,2018년 12월 3일 17시,월요일,서울특별시 성북구 삼선동2가,중상사고,0,3,0,0,차대사람 - 횡단중,보행자보호의무위반,포장 - 젖음/습기,비,교차로 - 교차로횡단보도내,승용,여,57세,상해없음,보행자,남,36세,중상
9161,2018120300100412,2018년 12월 3일 17시,월요일,서울특별시 노원구 중계동,중상사고,0,1,0,0,차대사람 - 횡단중,안전운전불이행,포장 - 젖음/습기,비,단일로 - 기타,승용,여,55세,상해없음,보행자,여,62세,중상
9162,2018120300100466,2018년 12월 3일 18시,월요일,서울특별시 서대문구 북가좌동,중상사고,0,1,0,0,차대사람 - 횡단중,신호위반,포장 - 건조,맑음,교차로 - 교차로횡단보도내,승합,남,74세,상해없음,보행자,남,53세,중상
9163,2018120300100471,2018년 12월 3일 18시,월요일,서울특별시 강동구 천호동,중상사고,0,1,0,0,차대사람 - 횡단중,보행자보호의무위반,포장 - 젖음/습기,비,교차로 - 교차로안,승용,남,65세,상해없음,보행자,남,55세,중상
9164,2018120300100472,2018년 12월 3일 18시,월요일,서울특별시 강동구 천호동,경상사고,0,0,1,0,차대사람 - 횡단중,보행자보호의무위반,포장 - 건조,맑음,교차로 - 교차로횡단보도내,기타불명,기타불명,미분류,기타불명,보행자,남,24세,경상
9165,2018120300100474,2018년 12월 3일 18시,월요일,서울특별시 서초구 반포동,경상사고,0,0,1,0,차대사람 - 횡단중,안전운전불이행,포장 - 건조,맑음,단일로 - 기타,승용,여,72세,상해없음,보행자,여,13세,경상
9166,2018120300100521,2018년 12월 3일 19시,월요일,서울특별시 성북구 안암동5가,경상사고,0,0,1,0,차대사람 - 기타,안전운전불이행,포장 - 젖음/습기,흐림,단일로 - 기타,이륜,남,17세,상해없음,보행자,남,29세,경상
9167,2018120300100522,2018년 12월 3일 19시,월요일,서울특별시 동대문구 장안동,중상사고,0,1,0,0,차대사람 - 기타,안전운전불이행,포장 - 젖음/습기,비,교차로 - 교차로안,승용,여,43세,상해없음,보행자,여,63세,중상
9168,2018120300100524,2018년 12월 3일 19시,월요일,서울특별시 금천구 시흥동,중상사고,0,1,0,0,차대사람 - 횡단중,안전운전불이행,포장 - 건조,맑음,교차로 - 교차로안,화물,남,56세,상해없음,보행자,남,66세,중상
9169,2018120300100568,2018년 12월 3일 20시,월요일,서울특별시 서대문구 영천동,중상사고,0,1,0,0,차대사람 - 횡단중,신호위반,포장 - 젖음/습기,비,단일로 - 기타,승용,여,70세,상해없음,보행자,여,27세,중상
9170,2018120300100573,2018년 12월 3일 20시,월요일,서울특별시 강동구 길동,부상신고사고,0,0,0,1,차대사람 - 기타,안전운전불이행,포장 - 건조,맑음,단일로 - 기타,승용,남,31세,상해없음,보행자,남,63세,부상신고
9171,2018120300100630,2018년 12월 3일 22시,월요일,서울특별시 강동구 천호동,중상사고,0,1,0,0,차대사람 - 횡단중,안전운전불이행,포장 - 젖음/습기,비,단일로 - 기타,이륜,남,28세,상해없음,보행자,여,54세,중상
9172,2018120300100631,2018년 12월 3일 22시,월요일,서울특별시 송파구 풍납동,경상사고,0,0,1,0,차대사람 - 횡단중,안전운전불이행,포장 - 젖음/습기,비,교차로 - 교차로안,승용,남,36세,기타불명,보행자,남,53세,경상
9173,2018120400100002,2018년 12월 4일 00시,화요일,서울특별시 마포구 염리동,부상신고사고,0,0,0,1,차대사람 - 기타,기타,포장 - 건조,맑음,단일로 - 기타,기타불명,기타불명,미분류,기타불명,보행자,여,50세,부상신고
9174,2018120400100016,2018년 12월 4일 01시,화요일,서울특별시 마포구 대흥동,경상사고,0,0,1,0,차대사람 - 횡단중,중앙선침범,포장 - 젖음/습기,맑음,단일로 - 기타,승용,남,69세,상해없음,보행자,여,34세,경상
9175,2018120400100036,2018년 12월 4일 04시,화요일,서울특별시 동대문구 용두동,중상사고,0,1,0,0,차대사람 - 횡단중,안전운전불이행,포장 - 젖음/습기,비,교차로 - 교차로안,화물,남,61세,상해없음,보행자,여,83세,중상
9176,2018120400100038,2018년 12월 4일 04시,화요일,서울특별시 관악구 봉천동,경상사고,0,0,1,0,차대사람 - 횡단중,보행자보호의무위반,포장 - 젖음/습기,비,교차로 - 교차로부근,기타불명,기타불명,미분류,기타불명,보행자,여,70세,경상
9177,2018120400100049,2018년 12월 4일 05시,화요일,서울특별시 종로구 창신동,경상사고,0,0,1,0,차대사람 - 기타,안전운전불이행,포장 - 건조,맑음,단일로 - 기타,이륜,남,35세,상해없음,보행자,여,27세,경상
9178,2018120400100088,2018년 12월 4일 07시,화요일,서울특별시 금천구 시흥동,경상사고,0,0,1,0,차대사람 - 횡단중,신호위반,포장 - 건조,맑음,교차로 - 교차로횡단보도내,승용,여,58세,상해없음,보행자,남,62세,경상
9179,2018120400100089,2018년 12월 4일 07시,화요일,서울특별시 강남구 삼성동,중상사고,0,1,0,0,차대사람 - 횡단중,신호위반,포장 - 젖음/습기,비,단일로 - 기타,화물,남,29세,상해없음,보행자,여,49세,중상
9180,2018120400100090,2018년 12월 4일 07시,화요일,서울특별시 강서구 화곡동,사망사고,1,0,0,0,차대사람 - 횡단중,안전운전불이행,포장 - 젖음/습기,비,교차로 - 교차로안,특수,남,46세,상해없음,보행자,여,84세,사망
9181,2018120400100091,2018년 12월 4일 07시,화요일,서울특별시 강서구 등촌동,중상사고,0,1,0,0,차대사람 - 횡단중,신호위반,포장 - 건조,맑음,교차로 - 교차로횡단보도내,승용,여,52세,상해없음,보행자,남,35세,중상
9182,2018120400100094,2018년 12월 4일 07시,화요일,서울특별시 은평구 대조동,중상사고,0,1,0,0,차대사람 - 기타,신호위반,포장 - 젖음/습기,맑음,교차로 - 교차로안,승용,남,30세,상해없음,보행자,여,64세,중상
9183,2018120400100171,2018년 12월 4일 09시,화요일,서울특별시 동작구 상도동,경상사고,0,0,1,0,차대사람 - 기타,안전운전불이행,포장 - 건조,맑음,단일로 - 기타,승용,남,65세,상해없음,보행자,남,26세,경상
9184,2018120400100210,2018년 12월 4일 10시,화요일,서울특별시 관악구 봉천동,중상사고,0,1,0,0,차대사람 - 보도통행중,안전운전불이행,포장 - 건조,맑음,단일로 - 기타,승용,남,59세,상해없음,보행자,여,61세,중상
9185,2018120400100211,2018년 12월 4일 10시,화요일,서울특별시 강남구 논현동,경상사고,0,0,1,0,차대사람 - 기타,안전운전불이행,포장 - 건조,맑음,단일로 - 기타,승용,여,38세,상해없음,보행자,여,46세,경상
9186,2018120400100268,2018년 12월 4일 12시,화요일,서울특별시 강남구 역삼동,중상사고,0,1,0,0,차대사람 - 기타,안전운전불이행,포장 - 건조,맑음,기타 - 기타,화물,남,42세,상해없음,보행자,여,77세,중상
9187,2018120400100292,2018년 12월 4일 13시,화요일,서울특별시 도봉구 창동,경상사고,0,0,1,0,차대사람 - 차도통행중,안전운전불이행,포장 - 건조,맑음,단일로 - 기타,화물,남,55세,상해없음,보행자,여,37세,경상
9188,2018120400100320,2018년 12월 4일 14시,화요일,서울특별시 마포구 신공덕동,경상사고,0,0,1,0,차대사람 - 기타,안전운전불이행,포장 - 건조,맑음,단일로 - 기타,승용,남,62세,상해없음,보행자,여,45세,경상
9189,2018120400100322,2018년 12월 4일 14시,화요일,서울특별시 서초구 서초동,경상사고,0,0,1,0,차대사람 - 기타,안전운전불이행,포장 - 건조,맑음,교차로 - 교차로안,승용,남,72세,상해없음,보행자,여,48세,경상
9190,2018120400100349,2018년 12월 4일 15시,화요일,서울특별시 송파구 방이동,경상사고,0,0,1,0,차대사람 - 길가장자리구역통행중,안전운전불이행,포장 - 건조,맑음,단일로 - 기타,화물,남,60세,상해없음,보행자,여,19세,경상
9191,2018120400100372,2018년 12월 4일 16시,화요일,서울특별시 용산구 용산동5가,경상사고,0,0,1,0,차대사람 - 기타,안전운전불이행,포장 - 건조,맑음,주차장 - 주차장,승용,여,43세,상해없음,보행자,여,35세,경상
9192,2018120400100375,2018년 12월 4일 16시,화요일,서울특별시 동작구 흑석동,중상사고,0,1,0,0,차대사람 - 기타,기타,포장 - 건조,맑음,교차로 - 교차로안,승합,남,56세,상해없음,보행자,남,26세,중상
9193,2018120400100378,2018년 12월 4일 16시,화요일,서울특별시 강동구 고덕동,경상사고,0,0,1,0,차대사람 - 횡단중,안전운전불이행,포장 - 건조,맑음,기타 - 기타,승용,남,71세,상해없음,보행자,여,9세,경상
9194,2018120400100381,2018년 12월 4일 16시,화요일,서울특별시 강남구 역삼동,경상사고,0,0,1,0,차대사람 - 차도통행중,안전운전불이행,포장 - 건조,맑음,단일로 - 기타,승용,여,31세,상해없음,보행자,여,67세,경상
9195,2018120400100444,2018년 12월 4일 18시,화요일,서울특별시 구로구 구로동,중상사고,0,1,0,0,차대사람 - 횡단중,신호위반,포장 - 건조,맑음,교차로 - 교차로횡단보도내,승용,남,49세,상해없음,보행자,여,47세,중상
9196,2018120400100446,2018년 12월 4일 18시,화요일,서울특별시 서초구 내곡동,중상사고,0,1,1,0,차대사람 - 횡단중,보행자보호의무위반,포장 - 건조,맑음,단일로 - 기타,승용,남,67세,상해없음,보행자,남,26세,경상
9197,2018120400100518,2018년 12월 4일 20시,화요일,서울특별시 영등포구 대림동,경상사고,0,0,1,0,차대사람 - 기타,안전운전불이행,포장 - 건조,맑음,단일로 - 기타,승용,여,44세,상해없음,보행자,여,73세,경상
9198,2018120400100578,2018년 12월 4일 23시,화요일,서울특별시 종로구 낙원동,중상사고,0,1,0,0,차대사람 - 차도통행중,안전운전불이행,포장 - 건조,맑음,단일로 - 기타,승합,남,35세,상해없음,보행자,남,50세,중상