,사고번호,사고일시,요일,시군구,사고내용,사망자수,중상자수,경상자수,부상신고자수,사고유형,법규위반,노면상태,기상상태,도로형태,가해운전자 차종,가해운전자 성별,가해운전자 연령,가해운전자 상해정도,피해운전자 차종,피해운전자 성별,피해운전자 연령,피해운전자 상해정도
9199,2018120400100579,2018년 12월 4일 23시,화요일,서울특별시 동대문구 답십리동,중상사고,0,2,0,0,차대사람 - 횡단중,안전운전불이행,포장 - 건조,맑음,단일로 - 기타,이륜,남,19세,상해없음,보행자,남,46세,중상
9200,2018120500100002,2018년 12월 5일 00시,수요일,서울특별시 관악구 봉천동,경상사고,0,0,1,0,차대사람 - 차도통행중,안전운전불이행,포장 - 건조,맑음,단일로 - 기타,승용,남,41세,상해없음,보행자,여,56세,경상
9201,2018120500100004,2018년 12월 5일 00시,수요일,서울특별시 노원구 상계동,경상사고,0,0,1,0,차대사람 - 기타,안전운전불이행,포장 - 건조,맑음,단일로 - 기타,승용,남,56세,상해없음,보행자,남,26세,경상
9202,2018120500100029,2018년 12월 5일 03시,수요일,서울특별시 종로구 관철동,경상사고,0,0,1,0,차대사람 - 기타,안전운전불이행,포장 - 건조,맑음,단일로 - 기타,승용,남,73세,상해없음,보행자,남,23세,경상
9203,2018120500100050,2018년 12월 5일 06시,수요일,서울특별시 동대문구 휘경동,경상사고,0,0,1,0,차대사람 - 횡단중,보행자보호의무위반,포장 - 건조,흐림,교차로 - 교차로횡단보도내,화물,남,71세,상해없음,보행자,여,48세,경상
9204,2018120500100052,2018년 12월 5일 06시,수요일,서울특별시 중랑구 면목동,경상사고,0,0,1,0,차대사람 - 기타,안전운전불이행,포장 - 건조,흐림,단일로 - 기타,승용,남,52세,상해없음,보행자,남,15세,경상
9205,2018120500100053,2018년 12월 5일 06시,수요일,서울특별시 강서구 방화동,경상사고,0,0,1,0,차대사람 - 횡단중,보행자보호의무위반,포장 - 건조,맑음,교차로 - 교차로횡단보도내,승합,남,58세,상해없음,보행자,남,45세,경상
9206,2018120500100054,2018년 12월 5일 06시,수요일,서울특별시 강서구 화곡동,경상사고,0,0,1,0,차대사람 - 횡단중,보행자보호의무위반,포장 - 건조,맑음,단일로 - 기타,승용,남,39세,상해없음,보행자,여,30세,경상
9207,2018120500100073,2018년 12월 5일 07시,수요일,서울특별시 서초구 방배동,중상사고,0,1,0,0,차대사람 - 횡단중,안전운전불이행,포장 - 건조,맑음,단일로 - 기타,승용,남,37세,상해없음,보행자,남,28세,중상
9208,2018120500100104,2018년 12월 5일 08시,수요일,서울특별시 동대문구 휘경동,경상사고,0,0,1,0,차대사람 - 기타,안전운전불이행,포장 - 건조,맑음,기타 - 기타,승용,남,55세,상해없음,보행자,여,16세,경상
9209,2018120500100105,2018년 12월 5일 08시,수요일,서울특별시 광진구 군자동,경상사고,0,0,1,0,차대사람 - 횡단중,안전운전불이행,포장 - 건조,맑음,단일로 - 기타,이륜,남,25세,상해없음,보행자,남,38세,경상
9210,2018120500100109,2018년 12월 5일 08시,수요일,서울특별시 강동구 고덕동,부상신고사고,0,0,0,1,차대사람 - 기타,보행자보호의무위반,포장 - 건조,흐림,교차로 - 교차로부근,승용,남,33세,상해없음,보행자,남,55세,부상신고
9211,2018120500100111,2018년 12월 5일 08시,수요일,서울특별시 구로구 구로동,경상사고,0,0,1,0,차대사람 - 횡단중,보행자보호의무위반,포장 - 건조,맑음,교차로 - 교차로횡단보도내,승용,남,33세,상해없음,보행자,여,28세,경상
9212,2018120500100113,2018년 12월 5일 08시,수요일,서울특별시 서초구 서초동,중상사고,0,1,0,0,차대사람 - 기타,안전운전불이행,포장 - 건조,맑음,교차로 - 교차로안,승용,남,64세,상해없음,보행자,여,29세,중상
9213,2018120500100165,2018년 12월 5일 09시,수요일,서울특별시 강동구 천호동,부상신고사고,0,0,0,1,차대사람 - 횡단중,신호위반,포장 - 건조,맑음,기타 - 기타,승용,여,59세,상해없음,보행자,여,36세,부상신고
9214,2018120500100192,2018년 12월 5일 10시,수요일,서울특별시 서초구 반포동,경상사고,0,0,1,0,차대사람 - 기타,안전운전불이행,포장 - 건조,맑음,기타 - 기타,승용,여,41세,상해없음,보행자,여,46세,경상
9215,2018120500100242,2018년 12월 5일 12시,수요일,서울특별시 마포구 중동,경상사고,0,0,1,0,차대사람 - 보도통행중,안전운전불이행,포장 - 건조,맑음,단일로 - 기타,승용,여,31세,상해없음,보행자,여,71세,경상
9216,2018120500100270,2018년 12월 5일 13시,수요일,서울특별시 은평구 응암동,경상사고,0,0,1,0,차대사람 - 기타,기타,포장 - 건조,맑음,단일로 - 기타,기타불명,기타불명,미분류,기타불명,보행자,남,70세,경상
9217,2018120500100272,2018년 12월 5일 13시,수요일,서울특별시 성북구 종암동,경상사고,0,0,1,0,차대사람 - 횡단중,안전운전불이행,포장 - 건조,맑음,교차로 - 교차로부근,화물,남,33세,상해없음,보행자,남,18세,경상
9218,2018120500100273,2018년 12월 5일 13시,수요일,서울특별시 양천구 목동,중상사고,0,1,0,0,차대사람 - 횡단중,보행자보호의무위반,포장 - 건조,맑음,교차로 - 교차로안,승합,남,57세,상해없음,보행자,여,64세,중상
9219,2018120500100297,2018년 12월 5일 14시,수요일,서울특별시 동작구 사당동,중상사고,0,1,0,0,차대사람 - 기타,안전운전불이행,포장 - 건조,맑음,교차로 - 교차로횡단보도내,화물,남,49세,상해없음,보행자,남,60세,중상
9220,2018120500100327,2018년 12월 5일 15시,수요일,서울특별시 구로구 구로동,경상사고,0,0,1,0,차대사람 - 기타,안전운전불이행,포장 - 건조,맑음,단일로 - 기타,승용,남,67세,기타불명,보행자,남,45세,경상
9221,2018120500100356,2018년 12월 5일 16시,수요일,서울특별시 송파구 문정동,경상사고,0,0,1,0,차대사람 - 기타,기타,포장 - 건조,맑음,단일로 - 기타,자전거,여,53세,상해없음,보행자,남,49세,경상
9222,2018120500100434,2018년 12월 5일 18시,수요일,서울특별시 서초구 반포동,경상사고,0,0,1,0,차대사람 - 횡단중,안전운전불이행,포장 - 건조,맑음,교차로 - 교차로횡단보도내,승합,남,38세,상해없음,보행자,남,47세,경상
9223,2018120500100435,2018년 12월 5일 18시,수요일,서울특별시 노원구 중계동,중상사고,0,1,0,0,차대사람 - 횡단중,보행자보호의무위반,포장 - 건조,맑음,교차로 - 교차로횡단보도내,화물,남,60세,상해없음,보행자,남,85세,중상
9224,2018120500100485,2018년 12월 5일 19시,수요일,서울특별시 서초구 서초동,경상사고,0,0,1,0,차대사람 - 횡단중,보행자보호의무위반,포장 - 건조,맑음,단일로 - 기타,승용,남,44세,상해없음,보행자,남,5세,경상
9225,2018120500100556,2018년 12월 5일 22시,수요일,서울특별시 강동구 천호동,중상사고,0,1,0,0,차대사람 - 횡단중,안전운전불이행,포장 - 건조,맑음,교차로 - 교차로횡단보도내,이륜,남,18세,상해없음,보행자,남,57세,중상
9226,2018120500100570,2018년 12월 5일 23시,수요일,서울특별시 서대문구 창천동,경상사고,0,0,1,0,차대사람 - 차도통행중,안전운전불이행,포장 - 건조,맑음,단일로 - 기타,승용,남,33세,상해없음,보행자,남,26세,경상
9227,2018120500100571,2018년 12월 5일 23시,수요일,서울특별시 중랑구 면목동,경상사고,0,0,1,0,차대사람 - 횡단중,신호위반,포장 - 건조,맑음,교차로 - 교차로횡단보도내,이륜,남,25세,상해없음,보행자,여,38세,경상
9228,2018120600100026,2018년 12월 6일 02시,목요일,서울특별시 강남구 청담동,경상사고,0,0,1,0,차대사람 - 기타,안전운전불이행,포장 - 건조,맑음,단일로 - 기타,승용,남,35세,상해없음,보행자,남,38세,경상
9229,2018120600100043,2018년 12월 6일 05시,목요일,서울특별시 구로구 항동,중상사고,0,1,0,0,차대사람 - 횡단중,안전운전불이행,포장 - 건조,맑음,단일로 - 기타,승용,남,63세,상해없음,보행자,남,77세,중상
9230,2018120600100058,2018년 12월 6일 06시,목요일,서울특별시 구로구 오류동,사망사고,1,0,0,0,차대사람 - 기타,신호위반,포장 - 건조,맑음,교차로 - 교차로횡단보도내,건설기계,남,52세,상해없음,보행자,여,72세,사망
9231,2018120600100117,2018년 12월 6일 08시,목요일,서울특별시 강남구 역삼동,경상사고,0,0,1,0,차대사람 - 길가장자리구역통행중,안전운전불이행,포장 - 건조,맑음,단일로 - 기타,승용,남,36세,상해없음,보행자,여,35세,경상
9232,2018120600100161,2018년 12월 6일 09시,목요일,서울특별시 강남구 삼성동,경상사고,0,0,1,0,차대사람 - 기타,안전운전불이행,포장 - 건조,맑음,단일로 - 기타,승용,여,70세,기타불명,보행자,여,16세,경상
9233,2018120600100162,2018년 12월 6일 09시,목요일,서울특별시 강동구 성내동,중상사고,0,1,0,0,차대사람 - 기타,안전운전불이행,포장 - 건조,맑음,단일로 - 기타,승용,남,30세,상해없음,보행자,여,48세,중상
9234,2018120600100199,2018년 12월 6일 10시,목요일,서울특별시 마포구 합정동,경상사고,0,0,1,0,차대사람 - 기타,안전운전불이행,포장 - 건조,맑음,단일로 - 기타,기타불명,기타불명,미분류,기타불명,보행자,남,33세,경상
9235,2018120600100201,2018년 12월 6일 10시,목요일,서울특별시 강남구 역삼동,경상사고,0,0,1,0,차대사람 - 보도통행중,신호위반,포장 - 건조,맑음,단일로 - 기타,승용,남,67세,상해없음,보행자,여,31세,경상
9236,2018120600100222,2018년 12월 6일 11시,목요일,서울특별시 중구 황학동,경상사고,0,0,1,0,차대사람 - 차도통행중,안전운전불이행,포장 - 건조,맑음,단일로 - 지하차도(도로)내,기타불명,기타불명,미분류,기타불명,보행자,여,56세,경상
9237,2018120600100224,2018년 12월 6일 11시,목요일,서울특별시 영등포구 신길동,부상신고사고,0,0,0,1,차대사람 - 횡단중,신호위반,포장 - 건조,맑음,단일로 - 기타,기타불명,기타불명,미분류,기타불명,보행자,남,26세,부상신고
9238,2018120600100250,2018년 12월 6일 12시,목요일,서울특별시 동대문구 용두동,중상사고,0,1,0,0,차대사람 - 기타,보행자보호의무위반,포장 - 건조,맑음,단일로 - 기타,화물,남,65세,상해없음,보행자,남,27세,중상
9239,2018120600100252,2018년 12월 6일 12시,목요일,서울특별시 광진구 구의동,사망사고,1,0,0,0,차대사람 - 횡단중,안전운전불이행,포장 - 건조,맑음,교차로 - 교차로횡단보도내,승합,남,57세,상해없음,보행자,남,88세,사망
9240,2018120600100280,2018년 12월 6일 13시,목요일,서울특별시 용산구 한남동,중상사고,0,1,0,0,차대사람 - 횡단중,보행자보호의무위반,포장 - 건조,맑음,단일로 - 기타,승용,남,47세,상해없음,보행자,여,40세,중상
9241,2018120600100382,2018년 12월 6일 16시,목요일,서울특별시 영등포구 대림동,경상사고,0,0,1,0,차대사람 - 횡단중,신호위반,포장 - 건조,맑음,교차로 - 교차로안,이륜,남,58세,상해없음,보행자,남,8세,경상
9242,2018120600100415,2018년 12월 6일 17시,목요일,서울특별시 동대문구 제기동,경상사고,0,0,1,0,차대사람 - 기타,보행자보호의무위반,포장 - 건조,맑음,단일로 - 기타,화물,여,62세,상해없음,보행자,남,45세,경상
9243,2018120600100451,2018년 12월 6일 18시,목요일,서울특별시 성북구 동소문동7가,경상사고,0,0,1,0,차대사람 - 횡단중,안전운전불이행,포장 - 건조,맑음,교차로 - 교차로안,승용,남,49세,상해없음,보행자,남,42세,경상
9244,2018120600100521,2018년 12월 6일 19시,목요일,서울특별시 금천구 독산동,중상사고,0,1,0,0,차대사람 - 기타,안전운전불이행,포장 - 건조,맑음,단일로 - 기타,승용,남,58세,상해없음,보행자,남,47세,중상
9245,2018120600100522,2018년 12월 6일 19시,목요일,서울특별시 성동구 성수동2가,경상사고,0,0,1,0,차대사람 - 기타,보행자보호의무위반,포장 - 기타,맑음,단일로 - 기타,화물,남,57세,상해없음,보행자,여,55세,경상
9246,2018120600100524,2018년 12월 6일 19시,목요일,서울특별시 송파구 가락동,중상사고,0,1,0,0,차대사람 - 보도통행중,보행자보호의무위반,포장 - 건조,맑음,기타 - 기타,승용,남,52세,기타불명,보행자,여,40세,중상
9247,2018120600100525,2018년 12월 6일 19시,목요일,서울특별시 양천구 신정동,경상사고,0,0,1,0,차대사람 - 횡단중,보행자보호의무위반,포장 - 건조,맑음,교차로 - 교차로횡단보도내,승용,남,57세,상해없음,보행자,남,75세,경상
9248,2018120600100528,2018년 12월 6일 19시,목요일,서울특별시 강남구 역삼동,부상신고사고,0,0,0,1,차대사람 - 횡단중,안전운전불이행,포장 - 건조,맑음,단일로 - 기타,기타불명,기타불명,미분류,기타불명,보행자,여,25세,부상신고
9249,2018120600100563,2018년 12월 6일 20시,목요일,서울특별시 중구 을지로3가,중상사고,0,1,0,0,차대사람 - 길가장자리구역통행중,안전운전불이행,포장 - 건조,맑음,단일로 - 기타,승용,남,70세,기타불명,보행자,남,50세,중상
9250,2018120600100566,2018년 12월 6일 20시,목요일,서울특별시 동대문구 이문동,중상사고,0,1,0,0,차대사람 - 기타,안전운전불이행,포장 - 건조,맑음,단일로 - 기타,승합,남,58세,상해없음,보행자,여,72세,중상
9251,2018120600100568,2018년 12월 6일 20시,목요일,서울특별시 강동구 명일동,중상사고,0,1,0,0,차대사람 - 횡단중,보행자보호의무위반,포장 - 건조,맑음,교차로 - 교차로횡단보도내,승용,남,60세,상해없음,보행자,남,15세,중상
9252,2018120600100609,2018년 12월 6일 22시,목요일,서울특별시 강동구 천호동,경상사고,0,0,1,0,차대사람 - 기타,안전운전불이행,포장 - 건조,흐림,교차로 - 교차로안,승용,남,28세,상해없음,보행자,여,22세,경상
9253,2018120600100631,2018년 12월 6일 23시,목요일,서울특별시 영등포구 여의도동,중상사고,0,1,0,0,차대사람 - 기타,안전운전불이행,포장 - 건조,맑음,단일로 - 기타,승용,남,48세,상해없음,보행자,여,26세,중상
9254,2018120600100632,2018년 12월 6일 23시,목요일,서울특별시 금천구 시흥동,중상사고,0,1,0,0,차대사람 - 횡단중,신호위반,포장 - 건조,맑음,단일로 - 기타,이륜,남,17세,상해없음,보행자,여,57세,중상
9255,2018120700100002,2018년 12월 7일 00시,금요일,서울특별시 송파구 잠실동,경상사고,0,0,1,0,차대사람 - 횡단중,안전운전불이행,포장 - 건조,맑음,단일로 - 기타,승용,남,21세,상해없음,보행자,남,33세,경상
9256,2018120700100018,2018년 12월 7일 01시,금요일,서울특별시 마포구 동교동,경상사고,0,0,1,0,차대사람 - 횡단중,보행자보호의무위반,포장 - 건조,맑음,교차로 - 교차로횡단보도내,승용,남,46세,상해없음,보행자,남,22세,경상
9257,2018120700100040,2018년 12월 7일 04시,금요일,서울특별시 서대문구 홍제동,중상사고,0,1,0,0,차대사람 - 횡단중,신호위반,포장 - 건조,맑음,교차로 - 교차로횡단보도내,이륜,남,22세,상해없음,보행자,여,72세,중상
9258,2018120700100057,2018년 12월 7일 06시,금요일,서울특별시 영등포구 영등포동,중상사고,0,1,0,0,차대사람 - 기타,안전운전불이행,포장 - 건조,맑음,단일로 - 기타,화물,남,47세,상해없음,보행자,남,29세,중상
9259,2018120700100058,2018년 12월 7일 06시,금요일,서울특별시 영등포구 영등포동7가,중상사고,0,1,0,0,차대사람 - 횡단중,신호위반,포장 - 건조,맑음,교차로 - 교차로안,화물,남,62세,상해없음,보행자,여,31세,중상
9260,2018120700100085,2018년 12월 7일 07시,금요일,서울특별시 중랑구 면목동,중상사고,0,1,0,0,차대사람 - 기타,안전운전불이행,포장 - 건조,맑음,단일로 - 기타,승용,여,54세,상해없음,보행자,여,58세,중상
9261,2018120700100109,2018년 12월 7일 08시,금요일,서울특별시 서대문구 창천동,경상사고,0,0,1,0,차대사람 - 기타,안전운전불이행,포장 - 건조,맑음,단일로 - 기타,승용,남,61세,상해없음,보행자,여,27세,경상
9262,2018120700100113,2018년 12월 7일 08시,금요일,서울특별시 강동구 성내동,경상사고,0,0,1,0,차대사람 - 기타,안전운전불이행,포장 - 건조,맑음,교차로 - 교차로부근,승용,남,32세,상해없음,보행자,여,26세,경상
9263,2018120700100114,2018년 12월 7일 08시,금요일,서울특별시 구로구 구로동,경상사고,0,0,1,0,차대사람 - 기타,안전운전불이행,포장 - 건조,맑음,교차로 - 교차로안,승용,남,33세,상해없음,보행자,여,25세,경상
9264,2018120700100116,2018년 12월 7일 08시,금요일,서울특별시 서초구 방배동,경상사고,0,0,1,0,차대사람 - 차도통행중,안전운전불이행,포장 - 건조,맑음,단일로 - 기타,승합,남,60세,상해없음,보행자,여,21세,경상
9265,2018120700100154,2018년 12월 7일 09시,금요일,서울특별시 서대문구 북가좌동,중상사고,0,1,0,0,차대사람 - 횡단중,보행자보호의무위반,포장 - 건조,맑음,교차로 - 교차로부근,승용,남,37세,상해없음,보행자,여,55세,중상
9266,2018120700100156,2018년 12월 7일 09시,금요일,서울특별시 강북구 미아동,경상사고,0,0,1,0,차대사람 - 횡단중,보행자보호의무위반,포장 - 건조,맑음,교차로 - 교차로부근,승용,남,55세,상해없음,보행자,여,48세,경상
9267,2018120700100157,2018년 12월 7일 09시,금요일,서울특별시 관악구 봉천동,중상사고,0,1,0,0,차대사람 - 기타,안전운전불이행,포장 - 건조,맑음,교차로 - 교차로부근,화물,남,30세,상해없음,보행자,여,64세,중상
9268,2018120700100195,2018년 12월 7일 10시,금요일,서울특별시 영등포구 신길동,경상사고,0,0,1,0,차대사람 - 횡단중,보행자보호의무위반,포장 - 건조,맑음,교차로 - 교차로안,승용,남,39세,상해없음,보행자,여,74세,경상
9269,2018120700100196,2018년 12월 7일 10시,금요일,서울특별시 서초구 잠원동,중상사고,0,1,0,0,차대사람 - 기타,안전운전불이행,포장 - 건조,맑음,단일로 - 기타,승용,여,39세,상해없음,보행자,여,70세,중상
9270,2018120700100264,2018년 12월 7일 12시,금요일,서울특별시 동대문구 답십리동,경상사고,0,0,1,0,차대사람 - 차도통행중,안전운전불이행,포장 - 건조,맑음,교차로 - 교차로안,화물,남,37세,상해없음,보행자,남,55세,경상
9271,2018120700100273,2018년 12월 7일 12시,금요일,서울특별시 도봉구 창동,중상사고,0,1,0,0,차대사람 - 기타,안전운전불이행,포장 - 기타,맑음,교차로 - 교차로안,화물,남,56세,상해없음,보행자,여,43세,중상
9272,2018120700100295,2018년 12월 7일 13시,금요일,서울특별시 광진구 군자동,경상사고,0,0,1,0,차대사람 - 횡단중,신호위반,포장 - 건조,맑음,단일로 - 기타,화물,남,63세,상해없음,보행자,여,27세,경상
9273,2018120700100300,2018년 12월 7일 13시,금요일,서울특별시 서초구 서초동,경상사고,0,0,1,0,차대사람 - 기타,안전운전불이행,포장 - 건조,맑음,단일로 - 기타,승용,여,29세,상해없음,보행자,여,66세,경상
9274,2018120700100324,2018년 12월 7일 14시,금요일,서울특별시 마포구 성산동,중상사고,0,1,0,0,차대사람 - 기타,안전운전불이행,포장 - 건조,맑음,교차로 - 교차로부근,승용,남,42세,상해없음,보행자,남,11세,중상
9275,2018120700100327,2018년 12월 7일 14시,금요일,서울특별시 중랑구 면목동,경상사고,0,0,1,0,차대사람 - 기타,안전운전불이행,포장 - 건조,맑음,교차로 - 교차로부근,기타불명,기타불명,미분류,기타불명,보행자,남,8세,경상
9276,2018120700100363,2018년 12월 7일 15시,금요일,서울특별시 종로구 종로3가,중상사고,0,1,0,0,차대사람 - 보도통행중,안전운전불이행,포장 - 건조,맑음,기타 - 기타,기타불명,기타불명,미분류,기타불명,보행자,여,70세,중상
9277,2018120700100368,2018년 12월 7일 15시,금요일,서울특별시 송파구 마천동,경상사고,0,0,1,0,차대사람 - 기타,안전운전불이행,포장 - 건조,맑음,단일로 - 기타,기타불명,기타불명,미분류,기타불명,보행자,여,49세,경상
9278,2018120700100394,2018년 12월 7일 16시,금요일,서울특별시 금천구 시흥동,경상사고,0,0,1,0,차대사람 - 횡단중,보행자보호의무위반,포장 - 건조,맑음,교차로 - 교차로부근,승용,여,42세,상해없음,보행자,여,68세,경상
9279,2018120700100440,2018년 12월 7일 17시,금요일,서울특별시 서대문구 북가좌동,경상사고,0,0,1,0,차대사람 - 차도통행중,안전운전불이행,포장 - 건조,맑음,교차로 - 교차로부근,승용,남,36세,기타불명,보행자,남,67세,경상
9280,2018120700100441,2018년 12월 7일 17시,금요일,서울특별시 동대문구 이문동,중상사고,0,1,0,0,차대사람 - 횡단중,신호위반,포장 - 건조,맑음,교차로 - 교차로횡단보도내,이륜,남,53세,상해없음,보행자,여,69세,중상
9281,2018120700100447,2018년 12월 7일 17시,금요일,서울특별시 구로구 오류동,중상사고,0,1,0,0,차대사람 - 횡단중,안전운전불이행,포장 - 건조,맑음,단일로 - 기타,화물,남,48세,상해없음,보행자,여,24세,중상
9282,2018120700100506,2018년 12월 7일 18시,금요일,서울특별시 성북구 정릉동,중상사고,0,1,0,0,차대사람 - 횡단중,보행자보호의무위반,포장 - 건조,맑음,교차로 - 교차로횡단보도내,승용,남,61세,상해없음,보행자,여,22세,중상
9283,2018120700100509,2018년 12월 7일 18시,금요일,서울특별시 동작구 상도동,경상사고,0,0,1,0,차대사람 - 길가장자리구역통행중,안전운전불이행,포장 - 건조,맑음,단일로 - 기타,승용,남,35세,상해없음,보행자,남,37세,경상
9284,2018120700100510,2018년 12월 7일 18시,금요일,서울특별시 강남구 논현동,경상사고,0,0,1,0,차대사람 - 횡단중,안전운전불이행,포장 - 건조,맑음,교차로 - 교차로횡단보도내,기타불명,기타불명,미분류,기타불명,보행자,여,36세,경상
9285,2018120700100511,2018년 12월 7일 18시,금요일,서울특별시 구로구 궁동,중상사고,0,1,0,0,차대사람 - 횡단중,기타,포장 - 건조,맑음,교차로 - 교차로부근,승용,남,20세,상해없음,보행자,남,9세,중상
9286,2018120700100559,2018년 12월 7일 19시,금요일,서울특별시 강동구 천호동,경상사고,0,0,1,0,차대사람 - 기타,안전운전불이행,포장 - 건조,맑음,단일로 - 기타,승용,여,36세,상해없음,보행자,남,68세,경상
9287,2018120700100592,2018년 12월 7일 20시,금요일,서울특별시 동대문구 장안동,경상사고,0,0,1,0,차대사람 - 횡단중,보행자보호의무위반,포장 - 건조,맑음,교차로 - 교차로횡단보도내,승용,남,70세,상해없음,보행자,여,14세,경상
9288,2018120700100593,2018년 12월 7일 20시,금요일,서울특별시 강서구 가양동,경상사고,0,0,2,0,차대사람 - 횡단중,보행자보호의무위반,포장 - 건조,맑음,교차로 - 교차로부근,이륜,남,37세,상해없음,보행자,여,22세,경상
9289,2018120700100595,2018년 12월 7일 20시,금요일,서울특별시 도봉구 쌍문동,경상사고,0,0,1,0,차대사람 - 횡단중,신호위반,포장 - 건조,맑음,교차로 - 교차로안,승용,남,77세,상해없음,보행자,여,42세,경상
9290,2018120700100625,2018년 12월 7일 21시,금요일,서울특별시 송파구 가락동,중상사고,0,1,0,0,차대사람 - 횡단중,안전운전불이행,포장 - 건조,맑음,단일로 - 기타,승용,여,57세,기타불명,보행자,남,36세,중상
9291,2018120700100662,2018년 12월 7일 22시,금요일,서울특별시 도봉구 창동,중상사고,0,1,0,0,차대사람 - 횡단중,신호위반,포장 - 건조,맑음,교차로 - 교차로횡단보도내,승합,남,58세,상해없음,보행자,여,57세,중상
9292,2018120700100664,2018년 12월 7일 22시,금요일,서울특별시 은평구 갈현동,경상사고,0,0,1,0,차대사람 - 기타,안전운전불이행,포장 - 건조,맑음,교차로 - 교차로안,승용,여,48세,상해없음,보행자,여,71세,경상
9293,2018120700100695,2018년 12월 7일 23시,금요일,서울특별시 은평구 갈현동,부상신고사고,0,0,0,1,차대사람 - 길가장자리구역통행중,안전운전불이행,포장 - 건조,맑음,단일로 - 기타,기타불명,기타불명,미분류,기타불명,보행자,남,37세,부상신고
9294,2018120800100006,2018년 12월 8일 00시,토요일,서울특별시 송파구 잠실동,중상사고,0,1,0,0,차대사람 - 기타,안전운전불이행,포장 - 건조,맑음,단일로 - 기타,승용,남,49세,상해없음,보행자,여,72세,중상
9295,2018120800100025,2018년 12월 8일 01시,토요일,서울특별시 은평구 응암동,중상사고,0,1,0,0,차대사람 - 횡단중,과속,포장 - 건조,맑음,단일로 - 기타,승용,남,64세,상해없음,보행자,남,61세,중상
9296,2018120800100057,2018년 12월 8일 03시,토요일,서울특별시 중구 장충동1가,부상신고사고,0,0,0,1,차대사람 - 횡단중,안전운전불이행,포장 - 건조,맑음,단일로 - 기타,승용,남,24세,상해없음,보행자,여,47세,부상신고
9297,2018120800100070,2018년 12월 8일 04시,토요일,서울특별시 강서구 화곡동,중상사고,0,1,0,0,차대사람 - 횡단중,안전운전불이행,포장 - 건조,맑음,단일로 - 기타,승용,남,60세,상해없음,보행자,남,64세,중상
9298,2018120800100072,2018년 12월 8일 04시,토요일,서울특별시 송파구 풍납동,중상사고,0,1,0,0,차대사람 - 길가장자리구역통행중,안전운전불이행,포장 - 건조,맑음,단일로 - 기타,승용,남,23세,상해없음,보행자,남,20세,중상
9299,2018120800100093,2018년 12월 8일 06시,토요일,서울특별시 마포구 공덕동,중상사고,0,1,0,0,차대사람 - 기타,안전운전불이행,포장 - 건조,맑음,단일로 - 기타,승합,남,77세,상해없음,보행자,여,63세,중상
9300,2018120800100094,2018년 12월 8일 06시,토요일,서울특별시 서초구 반포동,경상사고,0,0,1,0,차대사람 - 기타,중앙선침범,포장 - 건조,맑음,교차로 - 교차로안,승합,남,23세,상해없음,보행자,남,25세,경상
9301,2018120800100115,2018년 12월 8일 08시,토요일,서울특별시 강동구 고덕동,경상사고,0,0,1,0,차대사람 - 횡단중,보행자보호의무위반,포장 - 건조,맑음,교차로 - 교차로안,화물,남,66세,상해없음,보행자,남,51세,경상
9302,2018120800100133,2018년 12월 8일 09시,토요일,서울특별시 용산구 이태원동,중상사고,0,1,0,0,차대사람 - 횡단중,신호위반,포장 - 건조,맑음,단일로 - 기타,승용,여,46세,상해없음,보행자,여,59세,중상
9303,2018120800100136,2018년 12월 8일 09시,토요일,서울특별시 동작구 사당동,중상사고,0,1,0,0,차대사람 - 차도통행중,안전운전불이행,포장 - 건조,맑음,단일로 - 기타,승용,여,34세,상해없음,보행자,여,76세,중상
9304,2018120800100191,2018년 12월 8일 11시,토요일,서울특별시 중구 황학동,부상신고사고,0,0,0,1,차대사람 - 기타,안전운전불이행,포장 - 건조,맑음,교차로 - 교차로부근,이륜,남,61세,상해없음,보행자,남,51세,부상신고
9305,2018120800100192,2018년 12월 8일 11시,토요일,서울특별시 동작구 사당동,중상사고,0,1,0,0,차대사람 - 차도통행중,안전운전불이행,포장 - 건조,맑음,단일로 - 기타,승용,여,66세,상해없음,보행자,여,70세,중상
9306,2018120800100217,2018년 12월 8일 12시,토요일,서울특별시 중구 중림동,중상사고,0,1,0,0,차대사람 - 횡단중,안전운전불이행,포장 - 건조,맑음,단일로 - 기타,승용,여,30세,상해없음,보행자,남,64세,중상
9307,2018120800100218,2018년 12월 8일 12시,토요일,서울특별시 은평구 신사동,중상사고,0,1,1,0,차대사람 - 기타,안전운전불이행,포장 - 건조,맑음,교차로 - 교차로안,화물,남,56세,상해없음,보행자,남,81세,중상
9308,2018120800100223,2018년 12월 8일 12시,토요일,서울특별시 송파구 방이동,경상사고,0,0,1,0,차대사람 - 차도통행중,안전운전불이행,포장 - 건조,맑음,교차로 - 교차로부근,승용,남,44세,상해없음,보행자,남,29세,경상
9309,2018120800100248,2018년 12월 8일 13시,토요일,서울특별시 강남구 논현동,중상사고,0,1,0,0,차대사람 - 길가장자리구역통행중,안전운전불이행,포장 - 건조,맑음,단일로 - 기타,승용,여,59세,상해없음,보행자,여,48세,중상
9310,2018120800100273,2018년 12월 8일 14시,토요일,서울특별시 영등포구 도림동,경상사고,0,0,1,0,차대사람 - 횡단중,신호위반,포장 - 건조,맑음,교차로 - 교차로횡단보도내,승용,남,41세,상해없음,보행자,여,19세,경상