,사고번호,사고일시,요일,시군구,사고내용,사망자수,중상자수,경상자수,부상신고자수,사고유형,법규위반,노면상태,기상상태,도로형태,가해운전자 차종,가해운전자 성별,가해운전자 연령,가해운전자 상해정도,피해운전자 차종,피해운전자 성별,피해운전자 연령,피해운전자 상해정도
9311,2018120800100274,2018년 12월 8일 14시,토요일,서울특별시 강서구 화곡동,경상사고,0,0,1,0,차대사람 - 횡단중,안전운전불이행,포장 - 건조,맑음,단일로 - 기타,이륜,남,23세,상해없음,보행자,여,25세,경상
9312,2018120800100275,2018년 12월 8일 14시,토요일,서울특별시 강서구 마곡동,중상사고,0,1,0,0,차대사람 - 횡단중,신호위반,포장 - 건조,맑음,교차로 - 교차로횡단보도내,승용,여,58세,상해없음,보행자,남,13세,중상
9313,2018120800100276,2018년 12월 8일 14시,토요일,서울특별시 강동구 암사동,경상사고,0,0,1,0,차대사람 - 기타,안전운전불이행,포장 - 건조,맑음,단일로 - 기타,기타불명,기타불명,미분류,기타불명,보행자,남,57세,경상
9314,2018120800100304,2018년 12월 8일 15시,토요일,서울특별시 종로구 세종로,경상사고,0,0,1,0,차대사람 - 차도통행중,안전운전불이행,포장 - 건조,맑음,단일로 - 기타,승용,남,68세,상해없음,보행자,남,59세,경상
9315,2018120800100306,2018년 12월 8일 15시,토요일,서울특별시 중랑구 중화동,경상사고,0,0,1,0,차대사람 - 차도통행중,기타,포장 - 건조,맑음,단일로 - 기타,기타불명,기타불명,미분류,기타불명,보행자,남,41세,경상
9316,2018120800100348,2018년 12월 8일 16시,토요일,서울특별시 중구 남대문로4가,중상사고,0,1,0,0,차대사람 - 횡단중,보행자보호의무위반,포장 - 건조,맑음,교차로 - 교차로횡단보도내,승합,남,64세,상해없음,보행자,여,71세,중상
9317,2018120800100349,2018년 12월 8일 16시,토요일,서울특별시 강북구 미아동,경상사고,0,0,1,0,차대사람 - 차도통행중,안전운전불이행,포장 - 건조,맑음,단일로 - 기타,승용,남,29세,상해없음,보행자,여,19세,경상
9318,2018120800100351,2018년 12월 8일 16시,토요일,서울특별시 금천구 독산동,중상사고,0,1,0,0,차대사람 - 횡단중,안전운전불이행,포장 - 건조,맑음,교차로 - 교차로안,승용,남,59세,상해없음,보행자,남,65세,중상
9319,2018120800100383,2018년 12월 8일 17시,토요일,서울특별시 금천구 독산동,중상사고,0,1,0,0,차대사람 - 기타,안전운전불이행,포장 - 건조,맑음,단일로 - 기타,승용,남,50세,상해없음,보행자,여,46세,중상
9320,2018120800100384,2018년 12월 8일 17시,토요일,서울특별시 강남구 신사동,경상사고,0,0,1,0,차대사람 - 기타,안전운전불이행,포장 - 기타,맑음,기타 - 기타,승용,남,56세,상해없음,보행자,여,44세,경상
9321,2018120800100420,2018년 12월 8일 18시,토요일,서울특별시 중구 남대문로5가,부상신고사고,0,0,0,2,차대사람 - 차도통행중,안전운전불이행,포장 - 건조,맑음,단일로 - 기타,승용,남,44세,상해없음,보행자,남,57세,부상신고
9322,2018120800100425,2018년 12월 8일 18시,토요일,서울특별시 광진구 중곡동,경상사고,0,0,1,0,차대사람 - 차도통행중,안전운전불이행,포장 - 건조,맑음,단일로 - 기타,승용,남,36세,상해없음,보행자,여,17세,경상
9323,2018120800100428,2018년 12월 8일 18시,토요일,서울특별시 강동구 암사동,경상사고,0,0,1,0,차대사람 - 기타,안전운전불이행,포장 - 건조,맑음,기타 - 기타,이륜,남,24세,상해없음,보행자,남,37세,경상
9324,2018120800100508,2018년 12월 8일 20시,토요일,서울특별시 종로구 관수동,경상사고,0,0,1,0,차대사람 - 차도통행중,안전운전불이행,포장 - 건조,맑음,단일로 - 기타,승용,남,53세,상해없음,보행자,남,27세,경상
9325,2018120800100509,2018년 12월 8일 20시,토요일,서울특별시 강북구 미아동,부상신고사고,0,0,0,1,차대사람 - 차도통행중,안전운전불이행,포장 - 건조,흐림,단일로 - 기타,승용,남,20세,상해없음,보행자,남,45세,부상신고
9326,2018120800100514,2018년 12월 8일 20시,토요일,서울특별시 강남구 역삼동,경상사고,0,0,1,0,차대사람 - 기타,안전운전불이행,포장 - 건조,맑음,단일로 - 기타,승용,여,37세,상해없음,보행자,여,62세,경상
9327,2018120800100545,2018년 12월 8일 21시,토요일,서울특별시 동대문구 장안동,중상사고,0,1,0,0,차대사람 - 기타,안전운전불이행,포장 - 건조,맑음,교차로 - 교차로부근,승용,남,48세,상해없음,보행자,남,52세,중상
9328,2018120800100547,2018년 12월 8일 21시,토요일,서울특별시 노원구 중계동,경상사고,0,0,1,0,차대사람 - 기타,안전운전불이행,포장 - 건조,맑음,교차로 - 교차로부근,승용,여,57세,상해없음,보행자,남,78세,경상
9329,2018120800100582,2018년 12월 8일 22시,토요일,서울특별시 마포구 서교동,부상신고사고,0,0,0,1,차대사람 - 기타,신호위반,포장 - 건조,맑음,단일로 - 기타,승용,남,29세,상해없음,보행자,여,24세,부상신고
9330,2018120800100584,2018년 12월 8일 22시,토요일,서울특별시 금천구 시흥동,경상사고,0,0,1,0,차대사람 - 기타,안전운전불이행,포장 - 건조,맑음,단일로 - 기타,승용,여,54세,상해없음,보행자,남,40세,경상
9331,2018120800100606,2018년 12월 8일 23시,토요일,서울특별시 송파구 방이동,중상사고,0,1,0,0,차대사람 - 기타,안전운전불이행,포장 - 건조,맑음,기타 - 기타,승용,여,64세,상해없음,보행자,남,50세,중상
9332,2018120800100608,2018년 12월 8일 23시,토요일,서울특별시 구로구 구로동,경상사고,0,0,1,0,차대사람 - 기타,안전운전불이행,포장 - 건조,맑음,단일로 - 기타,승용,남,34세,상해없음,보행자,여,63세,경상
9333,2018120900100001,2018년 12월 9일 00시,일요일,서울특별시 영등포구 당산동3가,경상사고,0,0,1,0,차대사람 - 차도통행중,안전운전불이행,포장 - 건조,맑음,단일로 - 기타,승용,남,25세,상해없음,보행자,남,27세,경상
9334,2018120900100028,2018년 12월 9일 02시,일요일,서울특별시 관악구 신림동,경상사고,0,0,3,0,차대사람 - 횡단중,안전운전불이행,포장 - 건조,맑음,교차로 - 교차로부근,승용,남,54세,상해없음,보행자,남,26세,경상
9335,2018120900100050,2018년 12월 9일 05시,일요일,서울특별시 금천구 독산동,중상사고,0,1,0,0,차대사람 - 횡단중,안전운전불이행,포장 - 건조,맑음,교차로 - 교차로안,승용,남,55세,상해없음,보행자,여,44세,중상
9336,2018120900100052,2018년 12월 9일 05시,일요일,서울특별시 노원구 상계동,중상사고,0,1,0,0,차대사람 - 기타,안전운전불이행,포장 - 건조,맑음,기타 - 기타,특수,남,48세,상해없음,보행자,남,55세,중상
9337,2018120900100061,2018년 12월 9일 06시,일요일,서울특별시 관악구 봉천동,중상사고,0,1,0,0,차대사람 - 횡단중,신호위반,포장 - 건조,맑음,단일로 - 기타,승용,남,74세,상해없음,보행자,여,57세,중상
9338,2018120900100072,2018년 12월 9일 08시,일요일,서울특별시 강동구 천호동,중상사고,0,1,0,0,차대사람 - 기타,안전운전불이행,포장 - 건조,맑음,단일로 - 기타,승용,남,71세,상해없음,보행자,남,78세,중상
9339,2018120900100127,2018년 12월 9일 12시,일요일,서울특별시 종로구 명륜4가,경상사고,0,0,1,0,차대사람 - 기타,안전운전불이행,포장 - 건조,맑음,단일로 - 기타,승용,여,32세,상해없음,보행자,여,24세,경상
9340,2018120900100137,2018년 12월 9일 13시,일요일,서울특별시 중구 충무로1가,경상사고,0,0,1,0,차대사람 - 기타,안전운전불이행,포장 - 건조,맑음,단일로 - 기타,승용,여,35세,상해없음,보행자,남,42세,경상
9341,2018120900100168,2018년 12월 9일 14시,일요일,서울특별시 노원구 상계동,경상사고,0,0,1,0,차대사람 - 길가장자리구역통행중,안전운전불이행,포장 - 건조,흐림,단일로 - 기타,승용,남,52세,상해없음,보행자,남,39세,경상
9342,2018120900100191,2018년 12월 9일 15시,일요일,서울특별시 은평구 증산동,중상사고,0,1,0,0,차대사람 - 차도통행중,안전운전불이행,포장 - 건조,맑음,단일로 - 기타,승용,여,62세,상해없음,보행자,여,75세,중상
9343,2018120900100192,2018년 12월 9일 15시,일요일,서울특별시 마포구 서교동,경상사고,0,0,1,0,차대사람 - 횡단중,보행자보호의무위반,포장 - 건조,맑음,교차로 - 교차로횡단보도내,승용,남,76세,상해없음,보행자,남,27세,경상
9344,2018120900100223,2018년 12월 9일 16시,일요일,서울특별시 강남구 개포동,경상사고,0,0,1,0,차대사람 - 기타,안전운전불이행,포장 - 건조,맑음,단일로 - 기타,이륜,남,58세,상해없음,보행자,남,7세,경상
9345,2018120900100237,2018년 12월 9일 17시,일요일,서울특별시 서대문구 연희동,경상사고,0,0,1,0,차대사람 - 횡단중,보행자보호의무위반,포장 - 건조,맑음,교차로 - 교차로안,승합,남,71세,상해없음,보행자,여,19세,경상
9346,2018120900100241,2018년 12월 9일 17시,일요일,서울특별시 강동구 길동,경상사고,0,0,1,0,차대사람 - 기타,안전운전불이행,포장 - 건조,맑음,단일로 - 기타,기타불명,기타불명,미분류,기타불명,보행자,여,30세,경상
9347,2018120900100242,2018년 12월 9일 17시,일요일,서울특별시 송파구 방이동,중상사고,0,1,0,0,차대사람 - 횡단중,안전운전불이행,포장 - 건조,맑음,단일로 - 기타,승용,남,32세,상해없음,보행자,남,59세,중상
9348,2018120900100263,2018년 12월 9일 18시,일요일,서울특별시 성동구 금호동4가,중상사고,0,1,0,0,차대사람 - 횡단중,보행자보호의무위반,포장 - 건조,맑음,기타 - 기타,화물,남,53세,상해없음,보행자,여,73세,중상
9349,2018120900100268,2018년 12월 9일 18시,일요일,서울특별시 노원구 중계동,경상사고,0,0,1,0,차대사람 - 기타,안전운전불이행,포장 - 건조,맑음,단일로 - 기타,승용,남,65세,상해없음,보행자,남,57세,경상
9350,2018120900100302,2018년 12월 9일 19시,일요일,서울특별시 중구 남대문로5가,경상사고,0,0,1,0,차대사람 - 횡단중,보행자보호의무위반,포장 - 건조,맑음,단일로 - 기타,승용,남,38세,상해없음,보행자,남,52세,경상
9351,2018120900100308,2018년 12월 9일 19시,일요일,서울특별시 도봉구 창동,중상사고,0,1,0,0,차대사람 - 횡단중,안전운전불이행,포장 - 건조,맑음,교차로 - 교차로안,승용,남,59세,상해없음,보행자,여,90세 이상,중상
9352,2018120900100339,2018년 12월 9일 20시,일요일,서울특별시 광진구 자양동,경상사고,0,0,1,0,차대사람 - 횡단중,신호위반,포장 - 건조,맑음,단일로 - 기타,승용,남,58세,상해없음,보행자,여,59세,경상
9353,2018120900100360,2018년 12월 9일 21시,일요일,서울특별시 강서구 화곡동,경상사고,0,0,1,0,차대사람 - 기타,안전운전불이행,포장 - 건조,맑음,단일로 - 기타,승용,남,60세,상해없음,보행자,여,62세,경상
9354,2018120900100361,2018년 12월 9일 21시,일요일,서울특별시 노원구 공릉동,중상사고,0,1,0,0,차대사람 - 횡단중,신호위반,포장 - 건조,맑음,교차로 - 교차로횡단보도내,승용,여,68세,상해없음,보행자,남,23세,중상
9355,2018120900100399,2018년 12월 9일 23시,일요일,서울특별시 노원구 중계동,중상사고,0,1,1,0,차대사람 - 횡단중,신호위반,포장 - 건조,맑음,교차로 - 교차로횡단보도내,이륜,남,45세,중상,보행자,남,66세,경상
9356,2018121000100006,2018년 12월 10일 00시,월요일,서울특별시 성북구 석관동,중상사고,0,1,0,0,차대사람 - 횡단중,안전운전불이행,포장 - 건조,맑음,단일로 - 기타,승용,남,30세,상해없음,보행자,여,59세,중상
9357,2018121000100028,2018년 12월 10일 06시,월요일,서울특별시 마포구 노고산동,경상사고,0,0,1,0,차대사람 - 기타,안전운전불이행,포장 - 건조,맑음,단일로 - 기타,승용,여,38세,상해없음,보행자,여,78세,경상
9358,2018121000100046,2018년 12월 10일 07시,월요일,서울특별시 서대문구 창천동,중상사고,0,1,0,0,차대사람 - 차도통행중,안전운전불이행,포장 - 건조,맑음,단일로 - 기타,승용,남,74세,상해없음,보행자,남,26세,중상
9359,2018121000100067,2018년 12월 10일 08시,월요일,서울특별시 동작구 노량진동,경상사고,0,0,1,0,차대사람 - 길가장자리구역통행중,안전운전불이행,포장 - 건조,맑음,교차로 - 교차로부근,승용,여,54세,기타불명,보행자,여,35세,경상
9360,2018121000100071,2018년 12월 10일 08시,월요일,서울특별시 양천구 신정동,경상사고,0,0,1,0,차대사람 - 횡단중,보행자보호의무위반,포장 - 건조,맑음,교차로 - 교차로안,승용,여,45세,상해없음,보행자,남,52세,경상
9361,2018121000100215,2018년 12월 10일 12시,월요일,서울특별시 동작구 노량진동,경상사고,0,0,1,0,차대사람 - 기타,안전운전불이행,포장 - 건조,맑음,단일로 - 기타,승용,남,32세,상해없음,보행자,여,23세,경상
9362,2018121000100216,2018년 12월 10일 12시,월요일,서울특별시 중랑구 면목동,경상사고,0,0,1,0,차대사람 - 기타,안전운전불이행,포장 - 건조,맑음,교차로 - 교차로안,화물,남,41세,상해없음,보행자,남,79세,경상
9363,2018121000100217,2018년 12월 10일 12시,월요일,서울특별시 관악구 봉천동,경상사고,0,0,1,0,차대사람 - 차도통행중,안전운전불이행,포장 - 건조,맑음,단일로 - 기타,원동기,여,28세,상해없음,보행자,여,31세,경상
9364,2018121000100245,2018년 12월 10일 13시,월요일,서울특별시 은평구 역촌동,중상사고,0,1,0,0,차대사람 - 횡단중,보행자보호의무위반,포장 - 건조,맑음,교차로 - 교차로안,승합,남,52세,상해없음,보행자,남,82세,중상
9365,2018121000100280,2018년 12월 10일 14시,월요일,서울특별시 성동구 성수동2가,경상사고,0,0,1,0,차대사람 - 기타,안전운전불이행,포장 - 건조,맑음,단일로 - 기타,승용,여,32세,상해없음,보행자,남,64세,경상
9366,2018121000100351,2018년 12월 10일 16시,월요일,서울특별시 송파구 방이동,경상사고,0,0,1,0,차대사람 - 기타,안전운전불이행,포장 - 건조,맑음,교차로 - 교차로부근,승용,남,56세,상해없음,보행자,여,18세,경상
9367,2018121000100352,2018년 12월 10일 16시,월요일,서울특별시 도봉구 도봉동,경상사고,0,0,1,0,차대사람 - 기타,보행자보호의무위반,포장 - 기타,맑음,교차로 - 교차로부근,승용,남,36세,상해없음,보행자,남,3세,경상
9368,2018121000100428,2018년 12월 10일 18시,월요일,서울특별시 종로구 평동,경상사고,0,0,1,0,차대사람 - 횡단중,보행자보호의무위반,포장 - 건조,맑음,교차로 - 교차로횡단보도내,승용,여,51세,상해없음,보행자,여,35세,경상
9369,2018121000100429,2018년 12월 10일 18시,월요일,서울특별시 마포구 성산동,중상사고,0,1,0,0,차대사람 - 기타,안전운전불이행,포장 - 건조,맑음,단일로 - 기타,승용,여,37세,상해없음,보행자,여,73세,중상
9370,2018121000100432,2018년 12월 10일 18시,월요일,서울특별시 도봉구 창동,중상사고,0,1,0,0,차대사람 - 기타,안전운전불이행,포장 - 건조,맑음,교차로 - 교차로안,승용,남,50세,상해없음,보행자,여,78세,중상
9371,2018121000100493,2018년 12월 10일 19시,월요일,서울특별시 강남구 역삼동,부상신고사고,0,0,0,1,차대사람 - 횡단중,안전운전불이행,포장 - 건조,맑음,교차로 - 교차로안,기타불명,기타불명,미분류,기타불명,보행자,여,57세,부상신고
9372,2018121000100498,2018년 12월 10일 19시,월요일,서울특별시 강남구 일원동,경상사고,0,0,1,0,차대사람 - 기타,안전운전불이행,포장 - 건조,맑음,단일로 - 기타,기타불명,기타불명,미분류,기타불명,보행자,여,53세,경상
9373,2018121000100528,2018년 12월 10일 20시,월요일,서울특별시 성북구 삼선동2가,경상사고,0,0,1,0,차대사람 - 기타,안전운전불이행,포장 - 건조,맑음,단일로 - 기타,승용,남,37세,상해없음,보행자,남,61세,경상
9374,2018121000100533,2018년 12월 10일 20시,월요일,서울특별시 송파구 풍납동,경상사고,0,0,1,0,차대사람 - 차도통행중,안전운전불이행,포장 - 건조,맑음,단일로 - 기타,승합,남,38세,상해없음,보행자,여,60세,경상
9375,2018121000100558,2018년 12월 10일 21시,월요일,서울특별시 강동구 천호동,경상사고,0,0,1,0,차대사람 - 기타,기타,포장 - 건조,흐림,단일로 - 기타,승용,여,40세,상해없음,보행자,남,51세,경상
9376,2018121000100559,2018년 12월 10일 21시,월요일,서울특별시 송파구 석촌동,중상사고,0,1,0,0,차대사람 - 횡단중,안전운전불이행,포장 - 건조,맑음,단일로 - 기타,승용,남,58세,상해없음,보행자,여,54세,중상
9377,2018121000100560,2018년 12월 10일 21시,월요일,서울특별시 서초구 방배동,중상사고,0,1,0,0,차대사람 - 기타,안전운전불이행,포장 - 건조,맑음,교차로 - 교차로부근,승용,남,44세,상해없음,보행자,여,60세,중상
9378,2018121000100576,2018년 12월 10일 22시,월요일,서울특별시 영등포구 도림동,경상사고,0,0,1,0,차대사람 - 횡단중,보행자보호의무위반,포장 - 건조,맑음,교차로 - 교차로횡단보도내,승용,여,71세,상해없음,보행자,여,43세,경상
9379,2018121000100577,2018년 12월 10일 22시,월요일,서울특별시 동작구 노량진동,경상사고,0,0,1,0,차대사람 - 기타,기타,포장 - 건조,맑음,기타 - 기타,승용,여,33세,상해없음,보행자,남,30세,경상
9380,2018121000100579,2018년 12월 10일 22시,월요일,서울특별시 구로구 구로동,중상사고,0,1,0,0,차대사람 - 보도통행중,보행자보호의무위반,포장 - 건조,맑음,교차로 - 교차로횡단보도내,승용,남,65세,상해없음,보행자,남,71세,중상
9381,2018121000100581,2018년 12월 10일 22시,월요일,서울특별시 노원구 상계동,경상사고,0,0,2,0,차대사람 - 차도통행중,안전운전불이행,포장 - 건조,맑음,단일로 - 기타,승용,남,48세,상해없음,보행자,여,22세,경상
9382,2018121000100606,2018년 12월 10일 23시,월요일,서울특별시 동작구 신대방동,중상사고,0,1,0,1,차대사람 - 기타,안전운전불이행,포장 - 건조,맑음,교차로 - 교차로부근,이륜,여,28세,부상신고,보행자,남,27세,중상
9383,2018121100100028,2018년 12월 11일 03시,화요일,서울특별시 강서구 방화동,경상사고,0,0,1,1,차대사람 - 기타,신호위반,포장 - 건조,맑음,교차로 - 교차로안,승용,남,68세,상해없음,보행자,남,61세,부상신고
9384,2018121100100035,2018년 12월 11일 05시,화요일,서울특별시 중랑구 면목동,경상사고,0,0,1,0,차대사람 - 횡단중,안전운전불이행,포장 - 건조,맑음,교차로 - 교차로횡단보도내,승용,남,64세,상해없음,보행자,남,40세,경상
9385,2018121100100065,2018년 12월 11일 07시,화요일,서울특별시 금천구 시흥동,중상사고,0,1,0,0,차대사람 - 기타,안전운전불이행,포장 - 건조,맑음,교차로 - 교차로부근,승용,남,55세,상해없음,보행자,여,60세,중상
9386,2018121100100095,2018년 12월 11일 08시,화요일,서울특별시 영등포구 신길동,중상사고,0,1,0,0,차대사람 - 횡단중,신호위반,포장 - 건조,맑음,교차로 - 교차로횡단보도내,승용,여,70세,상해없음,보행자,남,13세,중상
9387,2018121100100098,2018년 12월 11일 08시,화요일,서울특별시 은평구 불광동,경상사고,0,0,1,0,차대사람 - 기타,안전운전불이행,포장 - 건조,맑음,교차로 - 교차로안,승용,여,46세,상해없음,보행자,남,36세,경상
9388,2018121100100131,2018년 12월 11일 09시,화요일,서울특별시 중랑구 면목동,경상사고,0,0,1,0,차대사람 - 길가장자리구역통행중,안전운전불이행,포장 - 건조,흐림,기타 - 기타,승용,여,36세,상해없음,보행자,남,80세,경상
9389,2018121100100134,2018년 12월 11일 09시,화요일,서울특별시 은평구 구산동,사망사고,1,0,0,0,차대사람 - 기타,안전운전불이행,포장 - 건조,맑음,단일로 - 기타,승합,남,58세,상해없음,보행자,여,81세,사망
9390,2018121100100162,2018년 12월 11일 10시,화요일,서울특별시 금천구 독산동,경상사고,0,0,1,0,차대사람 - 차도통행중,안전운전불이행,포장 - 서리/결빙,맑음,교차로 - 교차로부근,기타불명,기타불명,미분류,기타불명,보행자,여,68세,경상
9391,2018121100100163,2018년 12월 11일 10시,화요일,서울특별시 성동구 하왕십리동,경상사고,0,0,1,0,차대사람 - 횡단중,보행자보호의무위반,포장 - 건조,맑음,단일로 - 기타,기타불명,기타불명,미분류,기타불명,보행자,남,19세,경상
9392,2018121100100313,2018년 12월 11일 15시,화요일,서울특별시 강동구 천호동,부상신고사고,0,0,0,1,차대사람 - 기타,안전운전불이행,포장 - 건조,맑음,기타 - 기타,승용,여,20세,상해없음,보행자,남,71세,부상신고
9393,2018121100100314,2018년 12월 11일 15시,화요일,서울특별시 성북구 하월곡동,중상사고,0,1,0,0,차대사람 - 길가장자리구역통행중,안전운전불이행,포장 - 건조,맑음,단일로 - 기타,승용,남,63세,상해없음,보행자,남,43세,중상
9394,2018121100100315,2018년 12월 11일 15시,화요일,서울특별시 은평구 역촌동,경상사고,0,0,1,0,차대사람 - 보도통행중,안전운전불이행,포장 - 건조,맑음,단일로 - 기타,승용,남,65세,상해없음,보행자,여,24세,경상
9395,2018121100100347,2018년 12월 11일 16시,화요일,서울특별시 서대문구 남가좌동,중상사고,0,2,0,0,차대사람 - 기타,기타,포장 - 건조,맑음,단일로 - 기타,화물,남,65세,상해없음,보행자,여,5세,중상
9396,2018121100100350,2018년 12월 11일 16시,화요일,서울특별시 서초구 서초동,중상사고,0,1,0,0,차대사람 - 횡단중,신호위반,포장 - 건조,맑음,교차로 - 교차로횡단보도내,승합,남,36세,상해없음,보행자,여,71세,중상
9397,2018121100100381,2018년 12월 11일 17시,화요일,서울특별시 동대문구 전농동,사망사고,1,0,0,0,차대사람 - 기타,보행자보호의무위반,포장 - 건조,맑음,교차로 - 교차로부근,이륜,남,47세,상해없음,보행자,남,57세,사망
9398,2018121100100382,2018년 12월 11일 17시,화요일,서울특별시 강서구 화곡동,경상사고,0,0,1,0,차대사람 - 차도통행중,교차로운행방법위반,포장 - 건조,맑음,교차로 - 교차로부근,승용,남,38세,상해없음,보행자,여,80세,경상
9399,2018121100100383,2018년 12월 11일 17시,화요일,서울특별시 송파구 거여동,중상사고,0,1,0,0,차대사람 - 기타,안전운전불이행,포장 - 건조,맑음,교차로 - 교차로횡단보도내,승용,남,39세,상해없음,보행자,여,73세,중상
9400,2018121100100433,2018년 12월 11일 18시,화요일,서울특별시 강북구 수유동,경상사고,0,0,2,0,차대사람 - 기타,보행자보호의무위반,포장 - 건조,흐림,단일로 - 기타,승용,남,30세,상해없음,보행자,여,46세,경상
9401,2018121100100434,2018년 12월 11일 18시,화요일,서울특별시 동작구 사당동,경상사고,0,0,1,0,차대사람 - 기타,안전운전불이행,포장 - 건조,맑음,교차로 - 교차로안,승용,남,76세,상해없음,보행자,남,70세,경상
9402,2018121100100435,2018년 12월 11일 18시,화요일,서울특별시 강남구 삼성동,중상사고,0,1,0,0,차대사람 - 기타,중앙선침범,포장 - 건조,맑음,단일로 - 기타,승용,남,38세,상해없음,보행자,여,71세,중상
9403,2018121100100533,2018년 12월 11일 20시,화요일,서울특별시 영등포구 신길동,중상사고,0,1,0,0,차대사람 - 차도통행중,안전운전불이행,포장 - 건조,맑음,교차로 - 교차로안,승합,남,42세,상해없음,보행자,남,49세,중상
9404,2018121100100562,2018년 12월 11일 21시,화요일,서울특별시 동작구 대방동,중상사고,0,1,0,0,차대사람 - 횡단중,보행자보호의무위반,포장 - 건조,맑음,교차로 - 교차로안,승용,남,20세,상해없음,보행자,여,55세,중상
9405,2018121200100060,2018년 12월 12일 06시,수요일,서울특별시 동대문구 이문동,경상사고,0,0,1,0,차대사람 - 횡단중,보행자보호의무위반,포장 - 건조,맑음,교차로 - 교차로횡단보도내,화물,남,43세,상해없음,보행자,여,57세,경상
9406,2018121200100147,2018년 12월 12일 09시,수요일,서울특별시 강북구 미아동,중상사고,0,1,0,0,차대사람 - 횡단중,안전운전불이행,포장 - 건조,맑음,교차로 - 교차로안,승용,남,65세,상해없음,보행자,남,56세,중상
9407,2018121200100148,2018년 12월 12일 09시,수요일,서울특별시 영등포구 당산동2가,중상사고,0,1,0,0,차대사람 - 횡단중,보행자보호의무위반,포장 - 건조,맑음,교차로 - 교차로안,승용,남,66세,상해없음,보행자,여,47세,중상
9408,2018121200100174,2018년 12월 12일 10시,수요일,서울특별시 강북구 수유동,경상사고,0,0,1,0,차대사람 - 기타,안전운전불이행,포장 - 건조,맑음,단일로 - 기타,승용,여,43세,상해없음,보행자,남,37세,경상
9409,2018121200100209,2018년 12월 12일 11시,수요일,서울특별시 서초구 서초동,경상사고,0,0,1,0,차대사람 - 보도통행중,기타,포장 - 건조,맑음,단일로 - 기타,승용,남,66세,상해없음,보행자,여,36세,경상
9410,2018121200100213,2018년 12월 12일 11시,수요일,서울특별시 강남구 율현동,경상사고,0,0,1,0,차대사람 - 기타,안전운전불이행,포장 - 건조,맑음,기타 - 기타,승용,남,33세,상해없음,보행자,여,53세,경상
9411,2018121200100244,2018년 12월 12일 12시,수요일,서울특별시 송파구 문정동,경상사고,0,0,1,0,차대사람 - 보도통행중,기타,포장 - 건조,맑음,단일로 - 기타,기타불명,기타불명,미분류,기타불명,보행자,여,78세,경상
9412,2018121200100267,2018년 12월 12일 13시,수요일,서울특별시 영등포구 신길동,중상사고,0,2,0,0,차대사람 - 횡단중,신호위반,포장 - 건조,맑음,교차로 - 교차로횡단보도내,이륜,남,46세,중상,보행자,여,27세,중상
9413,2018121200100268,2018년 12월 12일 13시,수요일,서울특별시 강서구 염창동,경상사고,0,0,1,0,차대사람 - 기타,보행자보호의무위반,포장 - 건조,맑음,교차로 - 교차로부근,승용,남,27세,상해없음,보행자,여,49세,경상
9414,2018121200100271,2018년 12월 12일 13시,수요일,서울특별시 서초구 양재동,경상사고,0,0,1,0,차대사람 - 횡단중,신호위반,포장 - 건조,맑음,단일로 - 기타,승용,남,72세,상해없음,보행자,남,8세,경상
9415,2018121200100273,2018년 12월 12일 13시,수요일,서울특별시 노원구 중계동,경상사고,0,0,1,0,차대사람 - 횡단중,안전운전불이행,포장 - 건조,맑음,교차로 - 교차로부근,승용,남,47세,상해없음,보행자,남,12세,경상
9416,2018121200100301,2018년 12월 12일 14시,수요일,서울특별시 송파구 풍납동,경상사고,0,0,1,0,차대사람 - 횡단중,보행자보호의무위반,포장 - 건조,맑음,교차로 - 교차로부근,화물,남,53세,상해없음,보행자,남,56세,경상
9417,2018121200100324,2018년 12월 12일 15시,수요일,서울특별시 중구 인현동1가,중상사고,0,2,0,0,차대사람 - 횡단중,안전운전불이행,포장 - 건조,맑음,교차로 - 교차로안,승용,남,55세,상해없음,보행자,여,60세,중상
9418,2018121200100328,2018년 12월 12일 15시,수요일,서울특별시 서초구 방배동,경상사고,0,0,1,0,차대사람 - 횡단중,기타,포장 - 건조,맑음,미분류 - 미분류,화물,남,58세,상해없음,보행자,남,9세,경상
9419,2018121200100379,2018년 12월 12일 16시,수요일,서울특별시 마포구 상암동,경상사고,0,0,1,0,차대사람 - 보도통행중,보행자보호의무위반,포장 - 건조,맑음,교차로 - 교차로횡단보도내,승용,남,69세,상해없음,보행자,여,66세,경상
9420,2018121200100380,2018년 12월 12일 16시,수요일,서울특별시 관악구 신림동,경상사고,0,0,1,0,차대사람 - 기타,안전운전불이행,포장 - 건조,맑음,교차로 - 교차로부근,승합,남,47세,상해없음,보행자,여,74세,경상
9421,2018121200100381,2018년 12월 12일 16시,수요일,서울특별시 노원구 상계동,경상사고,0,0,1,0,차대사람 - 횡단중,보행자보호의무위반,포장 - 건조,맑음,교차로 - 교차로부근,승합,남,74세,상해없음,보행자,여,64세,경상
9422,2018121200100412,2018년 12월 12일 17시,수요일,서울특별시 서대문구 영천동,경상사고,0,0,1,0,차대사람 - 횡단중,안전운전불이행,포장 - 건조,맑음,단일로 - 기타,기타불명,기타불명,미분류,기타불명,보행자,여,11세,경상