,사고번호,사고일시,요일,시군구,사고내용,사망자수,중상자수,경상자수,부상신고자수,사고유형,법규위반,노면상태,기상상태,도로형태,가해운전자 차종,가해운전자 성별,가해운전자 연령,가해운전자 상해정도,피해운전자 차종,피해운전자 성별,피해운전자 연령,피해운전자 상해정도
9533,2018121600100196,2018년 12월 16일 14시,일요일,서울특별시 서초구 방배동,경상사고,0,0,1,0,차대사람 - 기타,안전운전불이행,포장 - 기타,맑음,단일로 - 기타,승용,여,38세,상해없음,보행자,여,45세,경상
9534,2018121600100214,2018년 12월 16일 15시,일요일,서울특별시 마포구 신공덕동,경상사고,0,0,1,0,차대사람 - 기타,안전운전불이행,포장 - 건조,맑음,단일로 - 기타,승용,남,41세,상해없음,보행자,남,75세,경상
9535,2018121600100216,2018년 12월 16일 15시,일요일,서울특별시 노원구 상계동,중상사고,0,1,0,0,차대사람 - 보도통행중,보행자보호의무위반,포장 - 젖음/습기,흐림,교차로 - 교차로안,승용,남,55세,상해없음,보행자,여,78세,중상
9536,2018121600100238,2018년 12월 16일 16시,일요일,서울특별시 노원구 중계동,경상사고,0,0,1,0,차대사람 - 차도통행중,안전운전불이행,포장 - 건조,맑음,단일로 - 기타,승용,남,67세,상해없음,보행자,남,17세,경상
9537,2018121600100263,2018년 12월 16일 17시,일요일,서울특별시 구로구 구로동,경상사고,0,0,1,0,차대사람 - 기타,안전운전불이행,포장 - 건조,맑음,단일로 - 기타,승합,남,64세,상해없음,보행자,남,70세,경상
9538,2018121600100291,2018년 12월 16일 18시,일요일,서울특별시 서대문구 홍제동,중상사고,0,1,0,0,차대사람 - 횡단중,신호위반,포장 - 건조,맑음,단일로 - 기타,이륜,남,29세,상해없음,보행자,남,61세,중상
9539,2018121600100292,2018년 12월 16일 18시,일요일,서울특별시 영등포구 여의도동,경상사고,0,0,1,0,차대사람 - 횡단중,보행자보호의무위반,포장 - 건조,맑음,단일로 - 기타,승용,남,37세,상해없음,보행자,여,84세,경상
9540,2018121600100293,2018년 12월 16일 18시,일요일,서울특별시 중랑구 묵동,경상사고,0,0,1,0,차대사람 - 횡단중,신호위반,포장 - 건조,맑음,교차로 - 교차로안,승용,남,60세,상해없음,보행자,여,35세,경상
9541,2018121600100323,2018년 12월 16일 19시,일요일,서울특별시 동작구 상도동,경상사고,0,0,1,0,차대사람 - 횡단중,신호위반,포장 - 건조,맑음,교차로 - 교차로안,승용,남,52세,상해없음,보행자,여,32세,경상
9542,2018121600100356,2018년 12월 16일 20시,일요일,서울특별시 강서구 화곡동,경상사고,0,0,1,0,차대사람 - 기타,기타,포장 - 건조,맑음,기타 - 기타,원동기,남,69세,상해없음,보행자,남,64세,경상
9543,2018121600100357,2018년 12월 16일 20시,일요일,서울특별시 송파구 풍납동,경상사고,0,0,1,0,차대사람 - 차도통행중,안전운전불이행,포장 - 건조,맑음,기타 - 기타,승용,남,59세,상해없음,보행자,남,60세,경상
9544,2018121600100383,2018년 12월 16일 21시,일요일,서울특별시 중랑구 면목동,부상신고사고,0,0,0,1,차대사람 - 횡단중,보행자보호의무위반,포장 - 젖음/습기,흐림,교차로 - 교차로안,승합,남,63세,상해없음,보행자,남,31세,부상신고
9545,2018121600100408,2018년 12월 16일 22시,일요일,서울특별시 성북구 정릉동,경상사고,0,0,1,0,차대사람 - 차도통행중,신호위반,포장 - 건조,맑음,기타 - 기타,기타불명,기타불명,미분류,기타불명,보행자,남,37세,경상
9546,2018121700100042,2018년 12월 17일 05시,월요일,서울특별시 용산구 갈월동,중상사고,0,1,0,0,차대사람 - 기타,안전운전불이행,포장 - 건조,맑음,단일로 - 기타,승용,남,71세,상해없음,보행자,남,22세,중상
9547,2018121700100043,2018년 12월 17일 05시,월요일,서울특별시 강북구 미아동,중상사고,0,1,0,0,차대사람 - 차도통행중,안전운전불이행,포장 - 젖음/습기,흐림,교차로 - 교차로안,승용,남,48세,상해없음,보행자,남,70세,중상
9548,2018121700100059,2018년 12월 17일 06시,월요일,서울특별시 용산구 청암동,경상사고,0,0,1,0,차대사람 - 횡단중,보행자보호의무위반,포장 - 건조,맑음,교차로 - 교차로안,승용,남,58세,상해없음,보행자,남,48세,경상
9549,2018121700100060,2018년 12월 17일 06시,월요일,서울특별시 송파구 마천동,경상사고,0,0,1,0,차대사람 - 횡단중,보행자보호의무위반,포장 - 건조,맑음,기타 - 기타,승합,남,58세,상해없음,보행자,여,54세,경상
9550,2018121700100102,2018년 12월 17일 07시,월요일,서울특별시 강남구 대치동,중상사고,0,1,0,0,차대사람 - 차도통행중,안전운전불이행,포장 - 건조,맑음,단일로 - 기타,승용,남,36세,상해없음,보행자,여,38세,중상
9551,2018121700100155,2018년 12월 17일 08시,월요일,서울특별시 영등포구 당산동4가,경상사고,0,0,1,0,차대사람 - 기타,안전운전불이행,포장 - 건조,맑음,단일로 - 기타,승합,남,52세,상해없음,보행자,여,78세,경상
9552,2018121700100156,2018년 12월 17일 08시,월요일,서울특별시 영등포구 문래동3가,경상사고,0,0,1,0,차대사람 - 기타,안전운전불이행,포장 - 건조,맑음,교차로 - 교차로부근,기타불명,기타불명,미분류,기타불명,보행자,여,33세,경상
9553,2018121700100158,2018년 12월 17일 08시,월요일,서울특별시 중랑구 망우동,중상사고,0,1,0,0,차대사람 - 보도통행중,신호위반,포장 - 건조,맑음,교차로 - 교차로횡단보도내,화물,남,47세,상해없음,보행자,여,42세,중상
9554,2018121700100159,2018년 12월 17일 08시,월요일,서울특별시 중랑구 상봉동,경상사고,0,0,1,0,차대사람 - 길가장자리구역통행중,안전운전불이행,포장 - 건조,맑음,단일로 - 기타,승용,남,72세,상해없음,보행자,남,40세,경상
9555,2018121700100160,2018년 12월 17일 08시,월요일,서울특별시 강남구 논현동,경상사고,0,0,1,0,차대사람 - 길가장자리구역통행중,안전운전불이행,포장 - 건조,맑음,단일로 - 기타,승용,남,46세,상해없음,보행자,남,25세,경상
9556,2018121700100161,2018년 12월 17일 08시,월요일,서울특별시 강서구 가양동,경상사고,0,0,1,0,차대사람 - 횡단중,보행자보호의무위반,포장 - 건조,맑음,교차로 - 교차로횡단보도내,승용,남,53세,상해없음,보행자,여,51세,경상
9557,2018121700100162,2018년 12월 17일 08시,월요일,서울특별시 송파구 문정동,중상사고,0,1,0,0,차대사람 - 보도통행중,안전운전불이행,포장 - 건조,맑음,교차로 - 교차로부근,화물,남,44세,상해없음,보행자,여,27세,중상
9558,2018121700100163,2018년 12월 17일 08시,월요일,서울특별시 서초구 서초동,경상사고,0,0,1,0,차대사람 - 보도통행중,보행자보호의무위반,포장 - 건조,맑음,교차로 - 교차로부근,승용,여,50세,상해없음,보행자,남,26세,경상
9559,2018121700100231,2018년 12월 17일 09시,월요일,서울특별시 종로구 세종로,중상사고,0,1,0,0,차대사람 - 횡단중,안전운전불이행,포장 - 젖음/습기,흐림,교차로 - 교차로안,승용,여,45세,기타불명,보행자,남,54세,중상
9560,2018121700100232,2018년 12월 17일 09시,월요일,서울특별시 광진구 광장동,경상사고,0,0,1,0,차대사람 - 차도통행중,안전운전불이행,포장 - 건조,맑음,교차로 - 교차로안,승용,남,43세,상해없음,보행자,남,70세,경상
9561,2018121700100234,2018년 12월 17일 09시,월요일,서울특별시 성동구 성수동2가,경상사고,0,0,1,0,차대사람 - 길가장자리구역통행중,안전운전불이행,포장 - 건조,맑음,단일로 - 기타,승용,남,60세,상해없음,보행자,남,48세,경상
9562,2018121700100237,2018년 12월 17일 09시,월요일,서울특별시 강남구 청담동,경상사고,0,0,1,0,차대사람 - 기타,안전운전불이행,포장 - 건조,맑음,단일로 - 기타,승용,여,44세,상해없음,보행자,여,26세,경상
9563,2018121700100240,2018년 12월 17일 09시,월요일,서울특별시 서초구 잠원동,경상사고,0,0,1,0,차대사람 - 기타,안전운전불이행,포장 - 건조,맑음,단일로 - 기타,승용,남,53세,기타불명,보행자,여,68세,경상
9564,2018121700100271,2018년 12월 17일 10시,월요일,서울특별시 노원구 하계동,경상사고,0,0,1,0,차대사람 - 차도통행중,안전운전불이행,포장 - 건조,흐림,교차로 - 교차로횡단보도내,승용,남,67세,상해없음,보행자,여,38세,경상
9565,2018121700100287,2018년 12월 17일 11시,월요일,서울특별시 동대문구 용두동,경상사고,0,0,1,0,차대사람 - 기타,안전운전불이행,포장 - 건조,맑음,단일로 - 기타,기타불명,기타불명,미분류,기타불명,보행자,여,82세,경상
9566,2018121700100290,2018년 12월 17일 11시,월요일,서울특별시 송파구 잠실동,경상사고,0,0,1,0,차대사람 - 차도통행중,안전운전불이행,포장 - 건조,맑음,단일로 - 기타,승용,남,49세,상해없음,보행자,남,36세,경상
9567,2018121700100317,2018년 12월 17일 12시,월요일,서울특별시 마포구 서교동,경상사고,0,0,1,0,차대사람 - 기타,안전운전불이행,포장 - 건조,맑음,기타 - 기타,승용,남,37세,상해없음,보행자,여,58세,경상
9568,2018121700100319,2018년 12월 17일 12시,월요일,서울특별시 중랑구 묵동,중상사고,0,1,0,0,차대사람 - 횡단중,보행자보호의무위반,포장 - 건조,맑음,교차로 - 교차로안,승용,남,55세,상해없음,보행자,남,62세,중상
9569,2018121700100320,2018년 12월 17일 12시,월요일,서울특별시 성북구 장위동,경상사고,0,0,1,0,차대사람 - 길가장자리구역통행중,안전운전불이행,포장 - 건조,맑음,단일로 - 기타,승용,남,48세,상해없음,보행자,여,50세,경상
9570,2018121700100378,2018년 12월 17일 14시,월요일,서울특별시 동대문구 장안동,중상사고,0,1,0,0,차대사람 - 기타,안전운전불이행,포장 - 건조,맑음,단일로 - 기타,승용,여,38세,상해없음,보행자,여,80세,중상
9571,2018121700100381,2018년 12월 17일 14시,월요일,서울특별시 강동구 천호동,중상사고,0,1,0,0,차대사람 - 차도통행중,안전운전불이행,포장 - 건조,맑음,기타 - 기타,승합,남,54세,상해없음,보행자,여,71세,중상
9572,2018121700100385,2018년 12월 17일 14시,월요일,서울특별시 성북구 장위동,경상사고,0,0,1,0,차대사람 - 차도통행중,안전운전불이행,포장 - 건조,맑음,교차로 - 교차로부근,승용,여,49세,상해없음,보행자,여,74세,경상
9573,2018121700100419,2018년 12월 17일 15시,월요일,서울특별시 마포구 동교동,경상사고,0,0,1,0,차대사람 - 차도통행중,안전운전불이행,포장 - 건조,맑음,단일로 - 기타,이륜,남,22세,상해없음,보행자,여,7세,경상
9574,2018121700100420,2018년 12월 17일 15시,월요일,서울특별시 관악구 신림동,중상사고,0,1,0,0,차대사람 - 기타,안전운전불이행,포장 - 건조,맑음,기타 - 기타,승용,여,71세,상해없음,보행자,남,8세,중상
9575,2018121700100454,2018년 12월 17일 16시,월요일,서울특별시 광진구 중곡동,경상사고,0,0,1,0,차대사람 - 기타,안전운전불이행,포장 - 건조,맑음,단일로 - 기타,승용,여,36세,상해없음,보행자,여,16세,경상
9576,2018121700100489,2018년 12월 17일 17시,월요일,서울특별시 서대문구 홍제동,경상사고,0,0,1,0,차대사람 - 차도통행중,안전운전불이행,포장 - 건조,맑음,교차로 - 교차로안,승용,남,75세,상해없음,보행자,여,56세,경상
9577,2018121700100490,2018년 12월 17일 17시,월요일,서울특별시 서대문구 창천동,경상사고,0,0,1,0,차대사람 - 횡단중,안전운전불이행,포장 - 건조,맑음,단일로 - 기타,승합,남,35세,상해없음,보행자,여,30세,경상
9578,2018121700100493,2018년 12월 17일 17시,월요일,서울특별시 강동구 천호동,경상사고,0,0,1,0,차대사람 - 차도통행중,안전운전불이행,포장 - 건조,맑음,교차로 - 교차로부근,승용,여,63세,상해없음,보행자,여,26세,경상
9579,2018121700100542,2018년 12월 17일 18시,월요일,서울특별시 강북구 수유동,경상사고,0,0,1,0,차대사람 - 기타,안전운전불이행,포장 - 건조,맑음,교차로 - 교차로안,화물,남,33세,상해없음,보행자,여,50세,경상
9580,2018121700100543,2018년 12월 17일 18시,월요일,서울특별시 강북구 수유동,경상사고,0,0,1,0,차대사람 - 횡단중,안전운전불이행,포장 - 건조,맑음,단일로 - 기타,이륜,남,28세,기타불명,보행자,여,58세,경상
9581,2018121700100608,2018년 12월 17일 19시,월요일,서울특별시 동대문구 전농동,경상사고,0,0,1,0,차대사람 - 횡단중,신호위반,포장 - 건조,맑음,교차로 - 교차로안,이륜,남,17세,상해없음,보행자,남,22세,경상
9582,2018121700100609,2018년 12월 17일 19시,월요일,서울특별시 마포구 동교동,중상사고,0,1,1,0,차대사람 - 횡단중,안전운전불이행,포장 - 건조,맑음,단일로 - 기타,승용,남,48세,상해없음,보행자,남,56세,중상
9583,2018121700100611,2018년 12월 17일 19시,월요일,서울특별시 강서구 마곡동,중상사고,0,1,0,0,차대사람 - 보도통행중,보행자보호의무위반,포장 - 건조,맑음,교차로 - 교차로횡단보도내,화물,남,41세,상해없음,보행자,여,39세,중상
9584,2018121700100647,2018년 12월 17일 20시,월요일,서울특별시 서초구 잠원동,경상사고,0,0,2,0,차대사람 - 기타,안전운전불이행,포장 - 건조,맑음,단일로 - 기타,승용,남,46세,상해없음,보행자,여,41세,경상
9585,2018121700100672,2018년 12월 17일 21시,월요일,서울특별시 동대문구 장안동,부상신고사고,0,0,0,1,차대사람 - 기타,안전운전불이행,포장 - 건조,맑음,단일로 - 기타,승용,남,32세,상해없음,보행자,남,42세,부상신고
9586,2018121700100673,2018년 12월 17일 21시,월요일,서울특별시 강남구 청담동,중상사고,0,1,0,0,차대사람 - 보도통행중,안전운전불이행,포장 - 건조,맑음,단일로 - 기타,승용,남,26세,상해없음,보행자,남,28세,중상
9587,2018121700100704,2018년 12월 17일 22시,월요일,서울특별시 영등포구 대림동,경상사고,0,0,1,0,차대사람 - 횡단중,신호위반,포장 - 건조,맑음,교차로 - 교차로안,승용,남,77세,상해없음,보행자,남,73세,경상
9588,2018121700100732,2018년 12월 17일 23시,월요일,서울특별시 양천구 목동,경상사고,0,0,1,0,차대사람 - 횡단중,안전운전불이행,포장 - 건조,맑음,교차로 - 교차로부근,승용,여,58세,상해없음,보행자,남,20세,경상
9589,2018121700100734,2018년 12월 17일 23시,월요일,서울특별시 강남구 도곡동,경상사고,0,0,1,0,차대사람 - 기타,안전운전불이행,포장 - 건조,맑음,단일로 - 기타,승합,남,49세,상해없음,보행자,남,53세,경상
9590,2018121800100003,2018년 12월 18일 00시,화요일,서울특별시 영등포구 양화동,중상사고,0,1,0,0,차대사람 - 차도통행중,안전운전불이행,포장 - 건조,맑음,단일로 - 기타,승용,남,64세,상해없음,보행자,남,48세,중상
9591,2018121800100006,2018년 12월 18일 00시,화요일,서울특별시 은평구 진관동,사망사고,1,0,0,0,차대사람 - 차도통행중,안전운전불이행,포장 - 젖음/습기,맑음,단일로 - 기타,승용,남,57세,상해없음,보행자,여,66세,사망
9592,2018121800100039,2018년 12월 18일 03시,화요일,서울특별시 서대문구 홍제동,중상사고,0,1,0,0,차대사람 - 기타,안전운전불이행,포장 - 건조,맑음,단일로 - 기타,승용,여,47세,상해없음,보행자,여,77세,중상
9593,2018121800100047,2018년 12월 18일 04시,화요일,서울특별시 영등포구 신길동,경상사고,0,0,1,0,차대사람 - 보도통행중,보행자보호의무위반,포장 - 건조,맑음,교차로 - 교차로횡단보도내,화물,남,50세,상해없음,보행자,남,63세,경상
9594,2018121800100054,2018년 12월 18일 05시,화요일,서울특별시 성동구 성수동2가,중상사고,0,1,0,0,차대사람 - 횡단중,보행자보호의무위반,포장 - 건조,맑음,교차로 - 교차로횡단보도내,승용,남,40세,상해없음,보행자,여,64세,중상
9595,2018121800100065,2018년 12월 18일 06시,화요일,서울특별시 영등포구 문래동3가,중상사고,0,1,0,0,차대사람 - 차도통행중,안전운전불이행,포장 - 건조,맑음,단일로 - 기타,승용,남,44세,상해없음,보행자,여,78세,중상
9596,2018121800100087,2018년 12월 18일 07시,화요일,서울특별시 광진구 군자동,부상신고사고,0,0,0,1,차대사람 - 길가장자리구역통행중,안전운전불이행,포장 - 건조,맑음,단일로 - 기타,기타불명,기타불명,미분류,기타불명,보행자,남,39세,부상신고
9597,2018121800100091,2018년 12월 18일 07시,화요일,서울특별시 노원구 상계동,중상사고,0,1,0,0,차대사람 - 기타,안전운전불이행,포장 - 젖음/습기,흐림,단일로 - 기타,승용,남,65세,상해없음,보행자,남,48세,중상
9598,2018121800100126,2018년 12월 18일 08시,화요일,서울특별시 강서구 염창동,경상사고,0,0,1,0,차대사람 - 기타,안전운전불이행,포장 - 건조,맑음,교차로 - 교차로부근,승용,여,29세,상해없음,보행자,여,14세,경상
9599,2018121800100129,2018년 12월 18일 08시,화요일,서울특별시 서초구 양재동,경상사고,0,0,1,0,차대사람 - 기타,안전운전불이행,포장 - 건조,맑음,기타 - 기타,화물,남,39세,기타불명,보행자,여,23세,경상
9600,2018121800100131,2018년 12월 18일 08시,화요일,서울특별시 도봉구 창동,부상신고사고,0,0,0,1,차대사람 - 기타,안전운전불이행,포장 - 기타,맑음,단일로 - 기타,승합,남,57세,상해없음,보행자,남,77세,부상신고
9601,2018121800100132,2018년 12월 18일 08시,화요일,서울특별시 은평구 역촌동,경상사고,0,0,1,0,차대사람 - 차도통행중,안전운전불이행,포장 - 건조,맑음,교차로 - 교차로부근,이륜,남,32세,상해없음,보행자,여,17세,경상
9602,2018121800100178,2018년 12월 18일 09시,화요일,서울특별시 서대문구 대신동,중상사고,0,1,0,0,차대사람 - 횡단중,안전운전불이행,포장 - 건조,맑음,교차로 - 교차로횡단보도내,승합,남,65세,상해없음,보행자,여,79세,중상
9603,2018121800100179,2018년 12월 18일 09시,화요일,서울특별시 은평구 신사동,경상사고,0,0,1,0,차대사람 - 횡단중,보행자보호의무위반,포장 - 건조,맑음,교차로 - 교차로안,승용,여,25세,상해없음,보행자,여,30세,경상
9604,2018121800100182,2018년 12월 18일 09시,화요일,서울특별시 강북구 번동,중상사고,0,1,2,0,차대사람 - 차도통행중,안전운전불이행,포장 - 건조,맑음,단일로 - 기타,승용,남,77세,상해없음,보행자,남,39세,중상
9605,2018121800100184,2018년 12월 18일 09시,화요일,서울특별시 성동구 마장동,중상사고,0,1,0,0,차대사람 - 기타,안전운전불이행,포장 - 건조,맑음,단일로 - 기타,화물,남,52세,상해없음,보행자,남,31세,중상
9606,2018121800100186,2018년 12월 18일 09시,화요일,서울특별시 관악구 봉천동,경상사고,0,0,1,0,차대사람 - 길가장자리구역통행중,안전운전불이행,포장 - 건조,맑음,단일로 - 기타,승용,남,36세,상해없음,보행자,남,25세,경상
9607,2018121800100187,2018년 12월 18일 09시,화요일,서울특별시 강남구 논현동,경상사고,0,0,1,0,차대사람 - 기타,보행자보호의무위반,포장 - 건조,맑음,기타 - 기타,승용,남,55세,기타불명,보행자,남,38세,경상
9608,2018121800100188,2018년 12월 18일 09시,화요일,서울특별시 양천구 목동,경상사고,0,0,1,0,차대사람 - 기타,기타,포장 - 건조,맑음,단일로 - 기타,승용,남,62세,상해없음,보행자,여,22세,경상
9609,2018121800100246,2018년 12월 18일 11시,화요일,서울특별시 종로구 부암동,중상사고,0,1,0,0,차대사람 - 횡단중,안전운전불이행,포장 - 건조,맑음,단일로 - 기타,승용,남,32세,기타불명,보행자,남,74세,중상
9610,2018121800100250,2018년 12월 18일 11시,화요일,서울특별시 관악구 신림동,중상사고,0,1,0,0,차대사람 - 횡단중,안전운전불이행,포장 - 건조,맑음,단일로 - 기타,화물,남,55세,상해없음,보행자,남,80세,중상
9611,2018121800100274,2018년 12월 18일 12시,화요일,서울특별시 강동구 천호동,경상사고,0,0,1,0,차대사람 - 횡단중,보행자보호의무위반,포장 - 건조,맑음,교차로 - 교차로부근,승용,남,64세,상해없음,보행자,남,34세,경상
9612,2018121800100308,2018년 12월 18일 13시,화요일,서울특별시 송파구 방이동,경상사고,0,0,1,0,차대사람 - 횡단중,안전운전불이행,포장 - 건조,맑음,단일로 - 기타,화물,남,55세,상해없음,보행자,여,24세,경상
9613,2018121800100354,2018년 12월 18일 15시,화요일,서울특별시 중구 예장동,경상사고,0,0,1,0,차대사람 - 길가장자리구역통행중,안전운전불이행,포장 - 건조,맑음,기타 - 기타,승합,남,65세,상해없음,보행자,여,33세,경상
9614,2018121800100355,2018년 12월 18일 15시,화요일,서울특별시 용산구 이촌동,경상사고,0,0,1,0,차대사람 - 보도통행중,안전운전불이행,포장 - 건조,맑음,기타 - 기타,자전거,여,64세,상해없음,보행자,여,50세,경상
9615,2018121800100358,2018년 12월 18일 15시,화요일,서울특별시 영등포구 문래동1가,부상신고사고,0,0,0,1,차대사람 - 기타,안전운전불이행,포장 - 건조,맑음,단일로 - 기타,승용,여,55세,상해없음,보행자,남,62세,부상신고
9616,2018121800100359,2018년 12월 18일 15시,화요일,서울특별시 금천구 시흥동,중상사고,0,1,0,0,차대사람 - 기타,안전운전불이행,포장 - 건조,맑음,단일로 - 기타,승용,남,56세,상해없음,보행자,남,75세,중상
9617,2018121800100392,2018년 12월 18일 16시,화요일,서울특별시 광진구 중곡동,경상사고,0,0,1,0,차대사람 - 기타,안전운전불이행,포장 - 건조,맑음,단일로 - 기타,승용,남,35세,상해없음,보행자,남,12세,경상
9618,2018121800100393,2018년 12월 18일 16시,화요일,서울특별시 관악구 봉천동,경상사고,0,0,1,0,차대사람 - 횡단중,보행자보호의무위반,포장 - 건조,맑음,교차로 - 교차로횡단보도내,승용,남,28세,상해없음,보행자,여,67세,경상
9619,2018121800100396,2018년 12월 18일 16시,화요일,서울특별시 구로구 고척동,경상사고,0,0,1,0,차대사람 - 차도통행중,안전운전불이행,포장 - 건조,맑음,단일로 - 기타,화물,남,48세,상해없음,보행자,여,60세,경상
9620,2018121800100430,2018년 12월 18일 17시,화요일,서울특별시 강북구 미아동,경상사고,0,0,1,0,차대사람 - 횡단중,보행자보호의무위반,포장 - 건조,흐림,교차로 - 교차로횡단보도내,승용,여,72세,상해없음,보행자,여,79세,경상
9621,2018121800100431,2018년 12월 18일 17시,화요일,서울특별시 강북구 수유동,경상사고,0,0,1,0,차대사람 - 길가장자리구역통행중,안전운전불이행,포장 - 건조,맑음,단일로 - 기타,승용,여,57세,상해없음,보행자,남,27세,경상
9622,2018121800100435,2018년 12월 18일 17시,화요일,서울특별시 관악구 봉천동,경상사고,0,0,1,0,차대사람 - 차도통행중,안전운전불이행,포장 - 건조,맑음,교차로 - 교차로부근,승합,남,56세,상해없음,보행자,남,5세,경상
9623,2018121800100436,2018년 12월 18일 17시,화요일,서울특별시 송파구 송파동,경상사고,0,0,1,0,차대사람 - 횡단중,안전운전불이행,포장 - 건조,맑음,교차로 - 교차로안,승용,여,27세,상해없음,보행자,남,84세,경상
9624,2018121800100479,2018년 12월 18일 18시,화요일,서울특별시 송파구 석촌동,경상사고,0,0,1,0,차대사람 - 횡단중,보행자보호의무위반,포장 - 건조,맑음,교차로 - 교차로횡단보도내,승용,남,60세,상해없음,보행자,여,52세,경상
9625,2018121800100480,2018년 12월 18일 18시,화요일,서울특별시 양천구 목동,중상사고,0,1,0,0,차대사람 - 기타,신호위반,포장 - 건조,맑음,단일로 - 기타,승용,남,80세,상해없음,보행자,남,10세,중상
9626,2018121800100577,2018년 12월 18일 20시,화요일,서울특별시 종로구 이화동,중상사고,0,1,0,0,차대사람 - 횡단중,보행자보호의무위반,포장 - 건조,맑음,단일로 - 기타,승용,남,42세,상해없음,보행자,남,43세,중상
9627,2018121800100633,2018년 12월 18일 22시,화요일,서울특별시 성북구 정릉동,중상사고,0,1,0,0,차대사람 - 횡단중,안전운전불이행,포장 - 건조,맑음,단일로 - 기타,승용,남,58세,상해없음,보행자,여,58세,중상
9628,2018121800100634,2018년 12월 18일 22시,화요일,서울특별시 동대문구 장안동,경상사고,0,0,3,0,차대사람 - 기타,안전운전불이행,포장 - 건조,맑음,교차로 - 교차로부근,이륜,남,56세,상해없음,보행자,남,29세,경상
9629,2018121800100635,2018년 12월 18일 22시,화요일,서울특별시 영등포구 신길동,경상사고,0,0,1,0,차대사람 - 보도통행중,신호위반,포장 - 건조,맑음,교차로 - 교차로안,승합,남,49세,상해없음,보행자,남,34세,경상
9630,2018121800100637,2018년 12월 18일 22시,화요일,서울특별시 금천구 독산동,중상사고,0,1,0,0,차대사람 - 기타,기타,포장 - 건조,맑음,단일로 - 기타,승용,남,59세,상해없음,보행자,여,57세,중상
9631,2018121800100640,2018년 12월 18일 22시,화요일,서울특별시 구로구 구로동,사망사고,1,0,0,0,차대사람 - 보도통행중,보행자보호의무위반,포장 - 건조,맑음,교차로 - 교차로횡단보도내,승합,남,63세,상해없음,보행자,남,50세,사망
9632,2018121800100660,2018년 12월 18일 23시,화요일,서울특별시 마포구 도화동,중상사고,0,1,0,0,차대사람 - 차도통행중,안전운전불이행,포장 - 건조,맑음,단일로 - 기타,화물,남,59세,상해없음,보행자,남,50세,중상
9633,2018121800100662,2018년 12월 18일 23시,화요일,서울특별시 서초구 방배동,중상사고,0,3,1,0,차대사람 - 횡단중,안전운전불이행,포장 - 건조,맑음,단일로 - 기타,승합,남,36세,상해없음,보행자,남,26세,중상
9634,2018121900100002,2018년 12월 19일 00시,수요일,서울특별시 금천구 시흥동,경상사고,0,0,1,0,차대사람 - 횡단중,신호위반,포장 - 건조,맑음,단일로 - 기타,이륜,남,18세,상해없음,보행자,남,55세,경상
9635,2018121900100003,2018년 12월 19일 00시,수요일,서울특별시 동작구 사당동,경상사고,0,0,1,0,차대사람 - 길가장자리구역통행중,안전운전불이행,포장 - 건조,맑음,단일로 - 기타,승용,여,29세,상해없음,보행자,남,34세,경상
9636,2018121900100004,2018년 12월 19일 00시,수요일,서울특별시 관악구 신림동,부상신고사고,0,0,0,1,차대사람 - 기타,안전운전불이행,포장 - 건조,맑음,교차로 - 교차로부근,승용,남,54세,상해없음,보행자,남,27세,부상신고
9637,2018121900100020,2018년 12월 19일 01시,수요일,서울특별시 동작구 상도동,중상사고,0,1,0,0,차대사람 - 횡단중,신호위반,포장 - 건조,맑음,교차로 - 교차로안,승용,남,71세,상해없음,보행자,남,41세,중상
9638,2018121900100055,2018년 12월 19일 06시,수요일,서울특별시 종로구 중학동,경상사고,0,0,1,0,차대사람 - 보도통행중,보행자보호의무위반,포장 - 건조,맑음,교차로 - 교차로안,승합,남,64세,상해없음,보행자,남,30세,경상
9639,2018121900100056,2018년 12월 19일 06시,수요일,서울특별시 강북구 미아동,중상사고,0,1,0,0,차대사람 - 기타,안전운전불이행,포장 - 건조,맑음,교차로 - 교차로안,승합,남,65세,상해없음,보행자,여,67세,중상
9640,2018121900100084,2018년 12월 19일 07시,수요일,서울특별시 광진구 구의동,경상사고,0,0,1,0,차대사람 - 길가장자리구역통행중,안전운전불이행,포장 - 건조,맑음,기타 - 기타,승용,여,52세,상해없음,보행자,여,17세,경상
9641,2018121900100087,2018년 12월 19일 07시,수요일,서울특별시 구로구 궁동,중상사고,0,1,0,0,차대사람 - 횡단중,신호위반,포장 - 건조,맑음,단일로 - 기타,승용,남,52세,상해없음,보행자,여,28세,중상
9642,2018121900100124,2018년 12월 19일 08시,수요일,서울특별시 동작구 상도동,경상사고,0,0,1,0,차대사람 - 기타,안전운전불이행,포장 - 건조,맑음,단일로 - 기타,승용,여,38세,상해없음,보행자,여,81세,경상
9643,2018121900100127,2018년 12월 19일 08시,수요일,서울특별시 노원구 상계동,경상사고,0,0,1,0,차대사람 - 기타,안전운전불이행,포장 - 건조,맑음,단일로 - 기타,승용,남,53세,상해없음,보행자,남,21세,경상