,사고번호,사고일시,요일,시군구,사고내용,사망자수,중상자수,경상자수,부상신고자수,사고유형,법규위반,노면상태,기상상태,도로형태,가해운전자 차종,가해운전자 성별,가해운전자 연령,가해운전자 상해정도,피해운전자 차종,피해운전자 성별,피해운전자 연령,피해운전자 상해정도
9867,2018122700100380,2018년 12월 27일 17시,목요일,서울특별시 도봉구 방학동,중상사고,0,1,0,0,차대사람 - 횡단중,보행자보호의무위반,포장 - 건조,맑음,교차로 - 교차로안,승용,여,59세,상해없음,보행자,여,65세,중상
9868,2018122700100381,2018년 12월 27일 17시,목요일,서울특별시 은평구 갈현동,중상사고,0,1,0,0,차대사람 - 횡단중,보행자보호의무위반,포장 - 건조,맑음,교차로 - 교차로횡단보도내,승용,남,46세,상해없음,보행자,남,21세,중상
9869,2018122700100417,2018년 12월 27일 18시,목요일,서울특별시 마포구 공덕동,경상사고,0,0,1,0,차대사람 - 기타,안전운전불이행,포장 - 건조,맑음,단일로 - 기타,승용,남,55세,상해없음,보행자,남,37세,경상
9870,2018122700100425,2018년 12월 27일 18시,목요일,서울특별시 노원구 월계동,경상사고,0,0,1,0,차대사람 - 차도통행중,안전운전불이행,포장 - 건조,맑음,교차로 - 교차로안,승용,남,29세,상해없음,보행자,남,59세,경상
9871,2018122700100486,2018년 12월 27일 19시,목요일,서울특별시 영등포구 양평동1가,중상사고,0,1,0,0,차대사람 - 차도통행중,안전운전불이행,포장 - 건조,맑음,교차로 - 교차로부근,승용,남,33세,상해없음,보행자,여,74세,중상
9872,2018122700100487,2018년 12월 27일 19시,목요일,서울특별시 강서구 화곡동,중상사고,0,1,0,0,차대사람 - 횡단중,안전운전불이행,포장 - 건조,맑음,기타 - 기타,화물,남,53세,상해없음,보행자,여,70세,중상
9873,2018122700100530,2018년 12월 27일 20시,목요일,서울특별시 성북구 정릉동,경상사고,0,0,1,0,차대사람 - 횡단중,안전운전불이행,포장 - 건조,맑음,단일로 - 기타,승용,남,44세,상해없음,보행자,남,46세,경상
9874,2018122700100531,2018년 12월 27일 20시,목요일,서울특별시 동대문구 전농동,경상사고,0,0,1,0,차대사람 - 횡단중,보행자보호의무위반,포장 - 건조,맑음,교차로 - 교차로횡단보도내,승용,여,63세,상해없음,보행자,여,45세,경상
9875,2018122700100535,2018년 12월 27일 20시,목요일,서울특별시 양천구 신월동,경상사고,0,0,1,0,차대사람 - 횡단중,신호위반,포장 - 건조,맑음,교차로 - 교차로안,승용,여,71세,상해없음,보행자,여,32세,경상
9876,2018122700100551,2018년 12월 27일 21시,목요일,서울특별시 성북구 정릉동,중상사고,0,1,0,0,차대사람 - 횡단중,안전운전불이행,포장 - 건조,맑음,단일로 - 기타,승용,여,56세,상해없음,보행자,남,59세,중상
9877,2018122700100601,2018년 12월 27일 23시,목요일,서울특별시 강남구 역삼동,중상사고,0,1,0,0,차대사람 - 보도통행중,신호위반,포장 - 건조,맑음,단일로 - 기타,승용,남,53세,상해없음,보행자,남,29세,중상
9878,2018122800100001,2018년 12월 28일 00시,금요일,서울특별시 마포구 상암동,경상사고,0,0,1,0,차대사람 - 기타,기타,포장 - 건조,맑음,교차로 - 교차로안,승합,남,38세,상해없음,보행자,여,52세,경상
9879,2018122800100003,2018년 12월 28일 00시,금요일,서울특별시 강서구 가양동,경상사고,0,0,1,0,차대사람 - 횡단중,안전운전불이행,포장 - 건조,맑음,교차로 - 교차로횡단보도내,이륜,남,32세,상해없음,보행자,여,58세,경상
9880,2018122800100020,2018년 12월 28일 01시,금요일,서울특별시 금천구 가산동,경상사고,0,0,1,0,차대사람 - 기타,안전운전불이행,포장 - 건조,맑음,단일로 - 기타,승용,남,67세,상해없음,보행자,남,45세,경상
9881,2018122800100021,2018년 12월 28일 01시,금요일,서울특별시 중랑구 상봉동,경상사고,0,0,1,0,차대사람 - 횡단중,신호위반,포장 - 건조,맑음,단일로 - 기타,승용,남,53세,상해없음,보행자,여,19세,경상
9882,2018122800100047,2018년 12월 28일 04시,금요일,서울특별시 중랑구 망우동,중상사고,0,1,0,0,차대사람 - 횡단중,중앙선침범,포장 - 건조,맑음,교차로 - 교차로부근,승용,남,56세,상해없음,보행자,남,28세,중상
9883,2018122800100052,2018년 12월 28일 05시,금요일,서울특별시 종로구 종로3가,경상사고,0,0,1,0,차대사람 - 횡단중,신호위반,포장 - 건조,맑음,교차로 - 교차로안,화물,남,56세,상해없음,보행자,남,70세,경상
9884,2018122800100065,2018년 12월 28일 06시,금요일,서울특별시 노원구 하계동,중상사고,0,1,0,0,차대사람 - 횡단중,보행자보호의무위반,포장 - 건조,맑음,교차로 - 교차로횡단보도내,승용,남,68세,상해없음,보행자,여,78세,중상
9885,2018122800100095,2018년 12월 28일 08시,금요일,서울특별시 동작구 상도동,경상사고,0,0,1,0,차대사람 - 횡단중,보행자보호의무위반,포장 - 건조,맑음,교차로 - 교차로횡단보도내,기타불명,기타불명,미분류,기타불명,보행자,여,9세,경상
9886,2018122800100131,2018년 12월 28일 09시,금요일,서울특별시 영등포구 영등포동2가,경상사고,0,0,1,0,차대사람 - 길가장자리구역통행중,안전운전불이행,포장 - 건조,맑음,단일로 - 기타,화물,남,58세,기타불명,보행자,여,23세,경상
9887,2018122800100132,2018년 12월 28일 09시,금요일,서울특별시 금천구 독산동,중상사고,0,1,0,0,차대사람 - 횡단중,보행자보호의무위반,포장 - 건조,맑음,교차로 - 교차로횡단보도내,화물,남,35세,상해없음,보행자,여,63세,중상
9888,2018122800100134,2018년 12월 28일 09시,금요일,서울특별시 구로구 개봉동,중상사고,0,1,0,0,차대사람 - 기타,안전운전불이행,포장 - 건조,맑음,단일로 - 기타,승용,남,26세,상해없음,보행자,남,63세,중상
9889,2018122800100149,2018년 12월 28일 10시,금요일,서울특별시 종로구 창신동,경상사고,0,0,1,0,차대사람 - 길가장자리구역통행중,안전운전불이행,포장 - 건조,맑음,단일로 - 기타,화물,남,62세,상해없음,보행자,남,62세,경상
9890,2018122800100151,2018년 12월 28일 10시,금요일,서울특별시 동대문구 답십리동,경상사고,0,0,1,0,차대사람 - 횡단중,신호위반,포장 - 건조,맑음,교차로 - 교차로횡단보도내,승용,남,57세,상해없음,보행자,여,25세,경상
9891,2018122800100153,2018년 12월 28일 10시,금요일,서울특별시 강서구 화곡동,경상사고,0,0,1,0,차대사람 - 기타,안전운전불이행,포장 - 건조,맑음,교차로 - 교차로부근,기타불명,기타불명,미분류,기타불명,보행자,남,49세,경상
9892,2018122800100154,2018년 12월 28일 10시,금요일,서울특별시 강동구 천호동,경상사고,0,0,1,0,차대사람 - 길가장자리구역통행중,보행자보호의무위반,포장 - 건조,맑음,교차로 - 교차로횡단보도내,승용,남,57세,상해없음,보행자,여,60세,경상
9893,2018122800100213,2018년 12월 28일 12시,금요일,서울특별시 강남구 삼성동,경상사고,0,0,1,0,차대사람 - 길가장자리구역통행중,안전운전불이행,포장 - 건조,맑음,단일로 - 기타,기타불명,기타불명,미분류,기타불명,보행자,남,50세,경상
9894,2018122800100215,2018년 12월 28일 12시,금요일,서울특별시 양천구 신정동,경상사고,0,0,1,0,차대사람 - 기타,안전운전불이행,포장 - 건조,맑음,단일로 - 기타,승용,여,45세,상해없음,보행자,여,47세,경상
9895,2018122800100239,2018년 12월 28일 13시,금요일,서울특별시 서대문구 남가좌동,중상사고,0,1,0,0,차대사람 - 횡단중,안전운전불이행,포장 - 건조,맑음,단일로 - 기타,승용,남,78세,상해없음,보행자,여,77세,중상
9896,2018122800100278,2018년 12월 28일 14시,금요일,서울특별시 성북구 길음동,경상사고,0,0,1,0,차대사람 - 차도통행중,안전운전불이행,포장 - 건조,맑음,기타 - 기타,화물,남,70세,상해없음,보행자,여,61세,경상
9897,2018122800100279,2018년 12월 28일 14시,금요일,서울특별시 동대문구 용두동,경상사고,0,0,1,0,차대사람 - 기타,안전운전불이행,포장 - 건조,맑음,단일로 - 기타,승용,남,27세,상해없음,보행자,여,27세,경상
9898,2018122800100321,2018년 12월 28일 15시,금요일,서울특별시 중구 신당동,경상사고,0,0,1,0,차대사람 - 차도통행중,안전운전불이행,포장 - 건조,맑음,단일로 - 기타,승용,남,63세,상해없음,보행자,남,34세,경상
9899,2018122800100322,2018년 12월 28일 15시,금요일,서울특별시 서대문구 남가좌동,경상사고,0,0,1,0,차대사람 - 기타,안전운전불이행,포장 - 건조,맑음,단일로 - 기타,승용,남,50세,상해없음,보행자,여,48세,경상
9900,2018122800100324,2018년 12월 28일 15시,금요일,서울특별시 동대문구 휘경동,경상사고,0,0,1,0,차대사람 - 횡단중,신호위반,포장 - 건조,맑음,교차로 - 교차로횡단보도내,화물,남,63세,상해없음,보행자,여,8세,경상
9901,2018122800100326,2018년 12월 28일 15시,금요일,서울특별시 송파구 석촌동,경상사고,0,0,1,0,차대사람 - 횡단중,보행자보호의무위반,포장 - 건조,맑음,교차로 - 교차로횡단보도내,승용,여,34세,상해없음,보행자,남,13세,경상
9902,2018122800100368,2018년 12월 28일 16시,금요일,서울특별시 동작구 사당동,부상신고사고,0,0,0,1,차대사람 - 횡단중,보행자보호의무위반,포장 - 건조,맑음,교차로 - 교차로횡단보도내,화물,남,42세,기타불명,보행자,남,11세,부상신고
9903,2018122800100444,2018년 12월 28일 18시,금요일,서울특별시 송파구 마천동,경상사고,0,0,1,0,차대사람 - 기타,안전운전불이행,포장 - 건조,맑음,단일로 - 기타,승용,여,53세,상해없음,보행자,남,57세,경상
9904,2018122800100445,2018년 12월 28일 18시,금요일,서울특별시 성북구 상월곡동,중상사고,0,1,0,0,차대사람 - 길가장자리구역통행중,안전운전불이행,포장 - 건조,맑음,단일로 - 기타,이륜,남,39세,중상,보행자,남,46세,상해없음
9905,2018122800100496,2018년 12월 28일 19시,금요일,서울특별시 종로구 필운동,경상사고,0,0,1,0,차대사람 - 횡단중,신호위반,포장 - 건조,맑음,단일로 - 기타,승용,남,61세,상해없음,보행자,여,14세,경상
9906,2018122800100498,2018년 12월 28일 19시,금요일,서울특별시 성북구 종암동,경상사고,0,0,1,0,차대사람 - 보도통행중,안전운전불이행,포장 - 건조,맑음,기타 - 기타,승용,남,27세,상해없음,보행자,여,63세,경상
9907,2018122800100535,2018년 12월 28일 20시,금요일,서울특별시 영등포구 여의도동,경상사고,0,0,2,0,차대사람 - 횡단중,안전운전불이행,포장 - 건조,맑음,단일로 - 기타,기타불명,기타불명,미분류,기타불명,보행자,여,23세,경상
9908,2018122800100541,2018년 12월 28일 20시,금요일,서울특별시 서초구 양재동,경상사고,0,0,1,0,차대사람 - 횡단중,보행자보호의무위반,포장 - 건조,맑음,교차로 - 교차로횡단보도내,승용,남,74세,상해없음,보행자,여,50세,경상
9909,2018122800100572,2018년 12월 28일 21시,금요일,서울특별시 서대문구 홍은동,중상사고,0,1,0,0,차대사람 - 기타,안전운전불이행,포장 - 건조,맑음,단일로 - 기타,승용,남,77세,상해없음,보행자,여,55세,중상
9910,2018122800100575,2018년 12월 28일 21시,금요일,서울특별시 송파구 잠실동,경상사고,0,0,1,0,차대사람 - 기타,안전운전불이행,포장 - 건조,맑음,단일로 - 기타,승용,남,23세,상해없음,보행자,남,53세,경상
9911,2018122800100577,2018년 12월 28일 21시,금요일,서울특별시 노원구 상계동,경상사고,0,0,1,0,차대사람 - 횡단중,안전운전불이행,포장 - 건조,맑음,단일로 - 기타,승용,남,59세,상해없음,보행자,남,59세,경상
9912,2018122800100610,2018년 12월 28일 22시,금요일,서울특별시 서초구 반포동,경상사고,0,0,1,0,차대사람 - 길가장자리구역통행중,안전운전불이행,포장 - 건조,맑음,단일로 - 기타,승용,남,42세,상해없음,보행자,남,53세,경상
9913,2018122900100004,2018년 12월 29일 00시,토요일,서울특별시 중랑구 면목동,경상사고,0,0,2,0,차대사람 - 횡단중,안전운전불이행,포장 - 건조,맑음,교차로 - 교차로부근,승용,남,63세,상해없음,보행자,남,33세,경상
9914,2018122900100006,2018년 12월 29일 00시,토요일,서울특별시 구로구 구로동,경상사고,0,0,1,0,차대사람 - 기타,안전운전불이행,포장 - 건조,맑음,단일로 - 기타,승용,남,65세,상해없음,보행자,남,32세,경상
9915,2018122900100029,2018년 12월 29일 01시,토요일,서울특별시 금천구 독산동,중상사고,0,1,0,0,차대사람 - 횡단중,안전운전불이행,포장 - 건조,맑음,단일로 - 기타,승용,남,50세,상해없음,보행자,남,42세,중상
9916,2018122900100032,2018년 12월 29일 01시,토요일,서울특별시 노원구 공릉동,경상사고,0,0,1,0,차대사람 - 횡단중,신호위반,포장 - 건조,맑음,교차로 - 교차로안,승용,남,75세,상해없음,보행자,남,46세,경상
9917,2018122900100042,2018년 12월 29일 02시,토요일,서울특별시 서초구 서초동,경상사고,0,0,1,0,차대사람 - 차도통행중,안전운전불이행,포장 - 건조,맑음,교차로 - 교차로안,승용,남,48세,상해없음,보행자,여,21세,경상
9918,2018122900100050,2018년 12월 29일 03시,토요일,서울특별시 영등포구 신길동,경상사고,0,0,1,0,차대사람 - 보도통행중,기타,포장 - 건조,맑음,단일로 - 기타,이륜,남,64세,상해없음,보행자,남,54세,경상
9919,2018122900100059,2018년 12월 29일 04시,토요일,서울특별시 영등포구 신길동,경상사고,0,0,1,0,차대사람 - 횡단중,신호위반,포장 - 건조,맑음,교차로 - 교차로횡단보도내,승합,남,45세,상해없음,보행자,남,63세,경상
9920,2018122900100073,2018년 12월 29일 06시,토요일,서울특별시 성동구 행당동,경상사고,0,0,1,0,차대사람 - 횡단중,보행자보호의무위반,포장 - 건조,맑음,단일로 - 기타,이륜,남,56세,상해없음,보행자,여,50세,경상
9921,2018122900100074,2018년 12월 29일 06시,토요일,서울특별시 관악구 봉천동,경상사고,0,0,1,0,차대사람 - 기타,안전운전불이행,포장 - 건조,기타,단일로 - 기타,승합,남,55세,상해없음,보행자,남,27세,경상
9922,2018122900100099,2018년 12월 29일 09시,토요일,서울특별시 종로구 행촌동,경상사고,0,0,1,0,차대사람 - 횡단중,안전운전불이행,포장 - 건조,맑음,단일로 - 기타,승용,남,25세,상해없음,보행자,남,49세,경상
9923,2018122900100141,2018년 12월 29일 11시,토요일,서울특별시 영등포구 대림동,중상사고,0,1,0,0,차대사람 - 차도통행중,안전운전불이행,포장 - 건조,맑음,단일로 - 기타,화물,남,40세,상해없음,보행자,남,64세,중상
9924,2018122900100142,2018년 12월 29일 11시,토요일,서울특별시 중랑구 면목동,중상사고,0,1,0,0,차대사람 - 보도통행중,안전운전불이행,포장 - 건조,맑음,기타 - 기타,화물,남,53세,상해없음,보행자,여,80세,중상
9925,2018122900100233,2018년 12월 29일 14시,토요일,서울특별시 중구 신당동,중상사고,0,1,0,0,차대사람 - 보도통행중,안전운전불이행,포장 - 건조,맑음,단일로 - 기타,승용,남,33세,상해없음,보행자,여,57세,중상
9926,2018122900100262,2018년 12월 29일 15시,토요일,서울특별시 노원구 공릉동,중상사고,0,1,0,0,차대사람 - 횡단중,보행자보호의무위반,포장 - 건조,맑음,교차로 - 교차로횡단보도내,승용,남,27세,상해없음,보행자,여,12세,중상
9927,2018122900100348,2018년 12월 29일 18시,토요일,서울특별시 구로구 오류동,경상사고,0,0,1,0,차대사람 - 차도통행중,안전운전불이행,포장 - 건조,맑음,단일로 - 기타,화물,남,50세,상해없음,보행자,남,75세,경상
9928,2018122900100380,2018년 12월 29일 19시,토요일,서울특별시 동대문구 장안동,중상사고,0,1,0,0,차대사람 - 횡단중,안전운전불이행,포장 - 건조,맑음,단일로 - 기타,화물,남,53세,상해없음,보행자,남,40세,중상
9929,2018122900100381,2018년 12월 29일 19시,토요일,서울특별시 동대문구 신설동,경상사고,0,0,1,0,차대사람 - 횡단중,안전운전불이행,포장 - 건조,맑음,단일로 - 기타,승용,남,39세,상해없음,보행자,여,54세,경상
9930,2018122900100383,2018년 12월 29일 19시,토요일,서울특별시 강남구 신사동,중상사고,0,1,0,0,차대사람 - 기타,안전운전불이행,포장 - 기타,맑음,단일로 - 기타,승용,남,59세,상해없음,보행자,남,39세,중상
9931,2018122900100411,2018년 12월 29일 20시,토요일,서울특별시 송파구 삼전동,경상사고,0,0,1,0,차대사람 - 기타,안전운전불이행,포장 - 건조,맑음,기타 - 기타,자전거,남,14세,상해없음,보행자,남,37세,경상
9932,2018122900100458,2018년 12월 29일 22시,토요일,서울특별시 강북구 수유동,경상사고,0,0,1,0,차대사람 - 횡단중,신호위반,포장 - 건조,맑음,교차로 - 교차로안,승용,여,62세,상해없음,보행자,여,25세,경상
9933,2018122900100459,2018년 12월 29일 22시,토요일,서울특별시 관악구 신림동,경상사고,0,0,1,0,차대사람 - 기타,안전운전불이행,포장 - 건조,기타,단일로 - 기타,승용,남,20세,상해없음,보행자,남,24세,경상
9934,2018122900100483,2018년 12월 29일 23시,토요일,서울특별시 성동구 도선동,경상사고,0,0,1,0,차대사람 - 기타,안전운전불이행,포장 - 건조,맑음,기타 - 기타,승용,남,29세,상해없음,보행자,여,23세,경상
9935,2018123000100001,2018년 12월 30일 00시,일요일,서울특별시 종로구 창신동,경상사고,0,0,1,0,차대사람 - 길가장자리구역통행중,안전운전불이행,포장 - 건조,맑음,단일로 - 기타,이륜,남,37세,상해없음,보행자,남,62세,경상
9936,2018123000100019,2018년 12월 30일 01시,일요일,서울특별시 송파구 잠실동,경상사고,0,0,1,0,차대사람 - 길가장자리구역통행중,안전운전불이행,포장 - 건조,맑음,단일로 - 기타,승용,남,64세,상해없음,보행자,여,31세,경상
9937,2018123000100020,2018년 12월 30일 01시,일요일,서울특별시 은평구 갈현동,경상사고,0,0,1,0,차대사람 - 기타,안전운전불이행,포장 - 건조,맑음,교차로 - 교차로안,승용,남,36세,상해없음,보행자,남,39세,경상
9938,2018123000100062,2018년 12월 30일 04시,일요일,서울특별시 강북구 미아동,사망사고,1,0,0,0,차대사람 - 횡단중,안전운전불이행,포장 - 건조,흐림,단일로 - 기타,승용,남,35세,상해없음,보행자,여,90세 이상,사망
9939,2018123000100081,2018년 12월 30일 07시,일요일,서울특별시 서대문구 신촌동,중상사고,0,1,0,0,차대사람 - 보도통행중,보행자보호의무위반,포장 - 건조,맑음,단일로 - 기타,승용,여,41세,상해없음,보행자,남,73세,중상
9940,2018123000100091,2018년 12월 30일 08시,일요일,서울특별시 강서구 화곡동,부상신고사고,0,0,0,1,차대사람 - 횡단중,안전운전불이행,포장 - 건조,맑음,교차로 - 교차로횡단보도내,승용,여,62세,상해없음,보행자,남,52세,부상신고
9941,2018123000100142,2018년 12월 30일 12시,일요일,서울특별시 성북구 정릉동,경상사고,0,0,1,0,차대사람 - 차도통행중,안전운전불이행,포장 - 건조,맑음,단일로 - 기타,승용,여,30세,상해없음,보행자,남,68세,경상
9942,2018123000100230,2018년 12월 30일 16시,일요일,서울특별시 동작구 대방동,경상사고,0,0,1,0,차대사람 - 횡단중,안전운전불이행,포장 - 건조,맑음,교차로 - 교차로부근,승용,남,68세,상해없음,보행자,여,22세,경상
9943,2018123000100231,2018년 12월 30일 16시,일요일,서울특별시 강남구 도곡동,부상신고사고,0,0,0,1,차대사람 - 기타,안전운전불이행,포장 - 건조,맑음,단일로 - 기타,승용,남,36세,상해없음,보행자,여,71세,부상신고
9944,2018123000100254,2018년 12월 30일 17시,일요일,서울특별시 관악구 봉천동,중상사고,0,1,0,0,차대사람 - 횡단중,신호위반,포장 - 건조,맑음,교차로 - 교차로안,승용,남,59세,상해없음,보행자,남,68세,중상
9945,2018123000100255,2018년 12월 30일 17시,일요일,서울특별시 강동구 강일동,경상사고,0,0,1,0,차대사람 - 횡단중,보행자보호의무위반,포장 - 건조,맑음,교차로 - 교차로부근,승용,여,55세,상해없음,보행자,남,58세,경상
9946,2018123000100278,2018년 12월 30일 18시,일요일,서울특별시 용산구 이태원동,경상사고,0,0,1,0,차대사람 - 기타,안전운전불이행,포장 - 건조,맑음,단일로 - 기타,승용,남,34세,상해없음,보행자,여,20세,경상
9947,2018123000100282,2018년 12월 30일 18시,일요일,서울특별시 구로구 신도림동,경상사고,0,0,2,0,차대사람 - 횡단중,보행자보호의무위반,포장 - 건조,맑음,교차로 - 교차로횡단보도내,승용,여,33세,상해없음,보행자,여,31세,경상
9948,2018123000100302,2018년 12월 30일 19시,일요일,서울특별시 강북구 미아동,중상사고,0,1,0,0,차대사람 - 기타,안전운전불이행,포장 - 건조,흐림,단일로 - 기타,승용,남,76세,상해없음,보행자,남,51세,중상
9949,2018123000100327,2018년 12월 30일 20시,일요일,서울특별시 도봉구 방학동,중상사고,0,1,0,0,차대사람 - 횡단중,보행자보호의무위반,포장 - 건조,맑음,교차로 - 교차로횡단보도내,승용,남,27세,상해없음,보행자,여,59세,중상
9950,2018123000100372,2018년 12월 30일 22시,일요일,서울특별시 관악구 봉천동,경상사고,0,0,1,0,차대사람 - 차도통행중,안전운전불이행,포장 - 건조,맑음,단일로 - 기타,승용,남,59세,상해없음,보행자,남,47세,경상
9951,2018123100100004,2018년 12월 31일 00시,월요일,서울특별시 서초구 방배동,중상사고,0,1,0,0,차대사람 - 횡단중,안전운전불이행,포장 - 건조,맑음,교차로 - 교차로부근,화물,남,48세,상해없음,보행자,남,55세,중상
9952,2018123100100005,2018년 12월 31일 00시,월요일,서울특별시 강남구 역삼동,경상사고,0,0,1,0,차대사람 - 횡단중,안전운전불이행,포장 - 건조,맑음,교차로 - 교차로횡단보도내,승용,여,47세,상해없음,보행자,남,24세,경상
9953,2018123100100012,2018년 12월 31일 01시,월요일,서울특별시 서대문구 창천동,부상신고사고,0,0,0,2,차대사람 - 횡단중,안전운전불이행,포장 - 건조,맑음,교차로 - 교차로횡단보도내,승용,남,55세,상해없음,보행자,남,21세,부상신고
9954,2018123100100013,2018년 12월 31일 01시,월요일,서울특별시 영등포구 신길동,중상사고,0,1,0,0,차대사람 - 횡단중,안전운전불이행,포장 - 건조,맑음,단일로 - 기타,이륜,남,31세,상해없음,보행자,여,61세,중상
9955,2018123100100077,2018년 12월 31일 08시,월요일,서울특별시 용산구 이촌동,중상사고,0,1,0,0,차대사람 - 횡단중,보행자보호의무위반,포장 - 건조,맑음,교차로 - 교차로부근,승용,남,64세,상해없음,보행자,여,80세,중상
9956,2018123100100078,2018년 12월 31일 08시,월요일,서울특별시 관악구 봉천동,경상사고,0,0,1,0,차대사람 - 횡단중,안전운전불이행,포장 - 건조,맑음,교차로 - 교차로횡단보도내,승용,남,70세,상해없음,보행자,남,86세,경상
9957,2018123100100110,2018년 12월 31일 09시,월요일,서울특별시 양천구 신월동,중상사고,0,1,0,0,차대사람 - 기타,보행자보호의무위반,포장 - 건조,맑음,교차로 - 교차로안,화물,남,60세,상해없음,보행자,여,62세,중상
9958,2018123100100250,2018년 12월 31일 14시,월요일,서울특별시 중구 남대문로5가,경상사고,0,0,1,0,차대사람 - 횡단중,보행자보호의무위반,포장 - 건조,맑음,단일로 - 기타,승합,남,30세,상해없음,보행자,남,42세,경상
9959,2018123100100254,2018년 12월 31일 14시,월요일,서울특별시 은평구 불광동,경상사고,0,0,1,0,차대사람 - 보도통행중,안전운전불이행,포장 - 건조,맑음,단일로 - 기타,승용,남,39세,상해없음,보행자,여,45세,경상
9960,2018123100100296,2018년 12월 31일 15시,월요일,서울특별시 마포구 공덕동,경상사고,0,0,1,0,차대사람 - 횡단중,안전운전불이행,포장 - 건조,맑음,단일로 - 기타,승합,남,63세,상해없음,보행자,여,26세,경상
9961,2018123100100344,2018년 12월 31일 16시,월요일,서울특별시 관악구 신림동,중상사고,0,1,0,0,차대사람 - 기타,안전운전불이행,포장 - 건조,맑음,단일로 - 기타,승용,남,64세,상해없음,보행자,여,68세,중상
9962,2018123100100479,2018년 12월 31일 19시,월요일,서울특별시 서대문구 홍은동,경상사고,0,0,1,0,차대사람 - 기타,기타,포장 - 건조,맑음,단일로 - 기타,승합,남,70세,상해없음,보행자,남,9세,경상
9963,2018123100100483,2018년 12월 31일 19시,월요일,서울특별시 동작구 사당동,경상사고,0,0,1,0,차대사람 - 기타,안전운전불이행,포장 - 건조,맑음,단일로 - 기타,이륜,남,71세,상해없음,보행자,여,26세,경상
9964,2018123100100527,2018년 12월 31일 20시,월요일,서울특별시 용산구 원효로3가,사망사고,1,0,0,0,차대사람 - 기타,안전운전불이행,포장 - 건조,맑음,단일로 - 기타,승용,남,42세,상해없음,보행자,여,79세,사망
9965,2018123100100529,2018년 12월 31일 20시,월요일,서울특별시 마포구 공덕동,경상사고,0,0,1,0,차대사람 - 기타,안전운전불이행,포장 - 건조,맑음,기타 - 기타,승용,남,47세,상해없음,보행자,남,53세,경상
9966,2018123100100555,2018년 12월 31일 21시,월요일,서울특별시 종로구 종로1가,중상사고,0,1,0,0,차대사람 - 횡단중,안전운전불이행,포장 - 건조,맑음,교차로 - 교차로부근,승용,여,29세,상해없음,보행자,남,70세,중상
9967,2018123100100558,2018년 12월 31일 21시,월요일,서울특별시 중랑구 상봉동,경상사고,0,0,1,0,차대사람 - 기타,안전운전불이행,포장 - 건조,맑음,단일로 - 기타,승용,여,33세,상해없음,보행자,남,48세,경상
9968,2018123100100560,2018년 12월 31일 21시,월요일,서울특별시 강서구 방화동,중상사고,0,1,0,0,차대사람 - 차도통행중,안전운전불이행,포장 - 건조,흐림,단일로 - 기타,승용,남,65세,상해없음,보행자,여,25세,중상
9969,2018123100100561,2018년 12월 31일 21시,월요일,서울특별시 서초구 반포동,부상신고사고,0,0,0,1,차대사람 - 기타,안전운전불이행,포장 - 건조,맑음,교차로 - 교차로부근,승용,남,37세,상해없음,보행자,여,22세,부상신고
9970,2018123100100585,2018년 12월 31일 22시,월요일,서울특별시 용산구 갈월동,중상사고,0,1,0,0,차대사람 - 기타,안전운전불이행,포장 - 건조,맑음,단일로 - 기타,승용,남,77세,상해없음,보행자,남,50세,중상
9971,2018123100100586,2018년 12월 31일 22시,월요일,서울특별시 성북구 정릉동,경상사고,0,0,1,0,차대사람 - 횡단중,보행자보호의무위반,포장 - 건조,맑음,교차로 - 교차로안,승용,여,46세,상해없음,보행자,남,59세,경상
9972,2018123100100611,2018년 12월 31일 23시,월요일,서울특별시 성북구 안암동5가,경상사고,0,0,1,0,차대사람 - 기타,안전운전불이행,포장 - 건조,맑음,단일로 - 기타,승용,여,45세,상해없음,보행자,남,26세,경상
9973,2018123100100612,2018년 12월 31일 23시,월요일,서울특별시 마포구 동교동,중상사고,0,1,0,0,차대사람 - 보도통행중,안전운전불이행,포장 - 건조,맑음,단일로 - 기타,기타불명,기타불명,미분류,기타불명,보행자,남,37세,중상
9974,2018123100100614,2018년 12월 31일 23시,월요일,서울특별시 동작구 신대방동,경상사고,0,0,1,0,차대사람 - 기타,안전운전불이행,포장 - 건조,맑음,단일로 - 기타,승용,남,34세,상해없음,보행자,남,53세,경상
9975,2018123100100615,2018년 12월 31일 23시,월요일,서울특별시 강서구 방화동,부상신고사고,0,0,0,1,차대사람 - 횡단중,신호위반,포장 - 건조,맑음,교차로 - 교차로횡단보도내,승용,남,56세,상해없음,보행자,여,35세,부상신고
9976,2018123100100617,2018년 12월 31일 23시,월요일,서울특별시 강동구 명일동,경상사고,0,0,1,0,차대사람 - 길가장자리구역통행중,안전운전불이행,포장 - 건조,맑음,단일로 - 지하차도(도로)내,승용,남,59세,상해없음,보행자,여,36세,경상
9977,2018123100100618,2018년 12월 31일 23시,월요일,서울특별시 송파구 신천동,경상사고,0,0,1,0,차대사람 - 기타,안전운전불이행,포장 - 건조,맑음,교차로 - 교차로부근,승용,남,69세,상해없음,보행자,여,32세,경상